author_id,author_name,treatment,conference,award_year,pre_avg_citations,post_avg_citations,pre_avg_works,post_avg_works,lift_citations,lift_works
https://openalex.org/A5014823249,Jincheng Mei,1,AAAI,2018,20.0,48.333333333333336,2.0,4.333333333333333,2.416666666666667,2.1666666666666665
https://openalex.org/A5069646529,Adhiguna Kuncoro,1,ACL,2018,319.5,149.4,4.0,4.8,0.46760563380281694,1.2
https://openalex.org/A5032195981,Sang-Gyun An,1,CHI,2018,27.0,18.0,2.0,2.0,0.6666666666666666,1.0
https://openalex.org/A5035195609,Sean Peacock,1,CHI,2018,2.5,18.0,2.5,2.5,7.2,1.0
https://openalex.org/A5061115418,Clara Crivellaro,1,CHI,2018,145.75,74.2,4.0,5.2,0.5090909090909091,1.3
https://openalex.org/A5021296068,Lydia Michie,1,CHI,2018,8.0,,1.0,,,
https://openalex.org/A5084538652,Morgan Klaus Scheuerman,1,CHI,2018,65.0,248.6,2.0,5.4,3.8246153846153845,2.7
https://openalex.org/A5063697388,Martin Porcheron,1,CHI,2018,75.2,88.8,2.6,7.2,1.180851063829787,2.769230769230769
https://openalex.org/A5034634435,Ari Schlesinger,1,CHI,2018,479.0,10.0,3.0,1.0,0.020876826722338204,0.3333333333333333
https://openalex.org/A5078903072,Robert B. Lull,1,CHI,2018,79.5,12.0,4.5,1.0,0.1509433962264151,0.2222222222222222
https://openalex.org/A5011438930,Jessica L. Feuston,1,CHI,2018,48.333333333333336,67.0,1.6666666666666667,2.0,1.386206896551724,1.2
https://openalex.org/A5091847639,Caroline Edasis,1,CHI,2018,202.5,,2.0,,,
https://openalex.org/A5086240513,Josh Andrés,1,CHI,2018,19.5,174.8,1.5,10.0,8.964102564102564,6.666666666666667
https://openalex.org/A5109428307,Jen Liu,1,CHI,2018,6.0,27.6,1.0,2.2,4.6000000000000005,2.2
https://openalex.org/A5091174431,Izabelle Janzen,1,CHI,2018,33.0,7.0,2.0,1.0,0.21212121212121213,0.5
https://openalex.org/A5011207998,Urmila Mahadev,1,FOCS,2018,3.0,19.5,1.0,1.5,6.5,1.5
https://openalex.org/A5063520549,Dor Minzer,1,FOCS,2018,28.5,46.0,1.0,11.2,1.6140350877192982,11.2
https://openalex.org/A5023724495,Wensheng Dou,1,FSE,2018,58.0,80.6,7.0,6.2,1.389655172413793,0.8857142857142858
https://openalex.org/A5091720485,Anish Athalye,1,ICML,2018,368.5,176.75,2.5,1.5,0.4796472184531886,0.6
https://openalex.org/A5017596078,Lydia T. Liu,1,ICML,2018,10.0,19.0,1.0,2.8,1.9,2.8
https://openalex.org/A5047182302,Esther Rolf,1,ICML,2018,1.5,417.8,1.5,6.0,278.53333333333336,4.0
https://openalex.org/A5102012317,Lingling Fan,1,ICSE,2018,138.0,243.4,2.5,7.8,1.763768115942029,3.12
https://openalex.org/A5071723330,Timo Rehfeld,1,ICSE,2018,6022.5,6.0,3.5,1.3333333333333333,0.00099626400996264,0.38095238095238093
https://openalex.org/A5103226106,Leonardo Sousa,1,ICSE,2018,115.33333333333333,41.0,4.666666666666667,2.4,0.3554913294797688,0.5142857142857142
https://openalex.org/A5056334354,Rijnard van Tonder,1,ICSE,2018,8.333333333333334,23.2,1.3333333333333333,3.0,2.784,2.25
https://openalex.org/A5009835433,Calvin Loncaric,1,ICSE,2018,50.0,,4.5,,,
https://openalex.org/A5082629071,Michael Rath,1,ICSE,2018,28.0,28.5,2.0,35.5,1.0178571428571428,17.75
https://openalex.org/A5032569584,Jacob Rendall,1,ICSE,2018,66.5,,1.5,,,
https://openalex.org/A5030456881,Chun Kai Ling,1,IJCAI,2018,33.0,13.2,2.0,4.2,0.39999999999999997,2.1
https://openalex.org/A5011742954,Giannis Nikolentzos,1,IJCAI,2018,100.66666666666667,121.8,2.6666666666666665,9.0,1.209933774834437,3.375
https://openalex.org/A5064520344,Polykarpos Meladianos,1,IJCAI,2018,122.33333333333333,52.5,3.3333333333333335,1.0,0.42915531335149865,0.3
https://openalex.org/A5100342798,Zihao Li,1,INFOCOM,2018,127.0,146.4,3.0,6.2,1.152755905511811,2.066666666666667
https://openalex.org/A5082318381,Subhramoy Mohanti,1,INFOCOM,2018,4.0,76.2,2.0,2.6,19.05,1.3
https://openalex.org/A5036229988,Elif Bozkaya,1,INFOCOM,2018,12.0,47.8,2.25,5.4,3.983333333333333,2.4000000000000004
https://openalex.org/A5052671825,Igor Kadota,1,INFOCOM,2018,89.66666666666667,132.6,2.3333333333333335,7.0,1.478810408921933,3.0
https://openalex.org/A5025058751,Daniel Zügner,1,KDD,2018,13.0,253.8,1.0,6.2,19.523076923076925,6.2
https://openalex.org/A5101558101,Mehrdad Moradi,1,MOBICOM,2018,51.5,8.0,2.5,1.0,0.1553398058252427,0.4
https://openalex.org/A5056747950,Kevin Scaman,1,NeurIPS,2018,20.25,20.2,3.25,5.2,0.9975308641975308,1.6
https://openalex.org/A5039192820,Yulia Rubanova,1,NeurIPS,2018,58.0,3643.6,1.0,13.0,62.820689655172416,13.0
https://openalex.org/A5085945429,Xinyang Ge,1,OSDI,2018,101.75,18.4,3.25,2.2,0.1808353808353808,0.676923076923077
https://openalex.org/A5060703788,Yizhou Shan,1,OSDI,2018,104.0,47.2,2.0,2.6,0.4538461538461539,1.3
https://openalex.org/A5071661999,Yutong Huang,1,OSDI,2018,1.0,62.5,1.0,2.5,62.5,2.5
https://openalex.org/A5081476292,Rocío Cañamares,1,SIGIR,2018,30.5,78.0,1.0,2.0,2.557377049180328,2.0
https://openalex.org/A5015113627,Huanchen Zhang,1,SIGMOD,2018,126.0,30.75,1.0,4.0,0.24404761904761904,4.0
https://openalex.org/A5090101869,Fulvio Di Lorenzo,1,SODA,2018,21.333333333333332,59.8,2.3333333333333335,4.0,2.803125,1.7142857142857142
https://openalex.org/A5021735130,David Porfirio,1,UIST,2018,8.333333333333334,20.2,1.0,1.8,2.424,1.8
https://openalex.org/A5073533400,Allison Sauppé,1,UIST,2018,298.5,27.5,4.5,2.0,0.09212730318257957,0.4444444444444444
https://openalex.org/A5041654458,Alok Mysore,1,UIST,2018,15.0,25.0,1.0,2.0,1.6666666666666667,2.0
https://openalex.org/A5019954653,Patrick Parzer,1,UIST,2018,139.33333333333334,145.0,2.0,2.0,1.04066985645933,1.0
https://openalex.org/A5061951606,Ryan Cotterell,1,ACL,2017,225.25,640.0,5.25,43.6,2.841287458379578,8.304761904761905
https://openalex.org/A5089731854,Sarah Webber,1,CHI,2017,82.75,74.8,4.25,4.4,0.9039274924471299,1.035294117647059
https://openalex.org/A5016617747,Sally Sherwen,1,CHI,2017,147.0,191.8,4.0,5.4,1.3047619047619048,1.35
https://openalex.org/A5068345805,Viirj Kan,1,CHI,2017,77.5,15.0,2.0,2.0,0.1935483870967742,1.0
https://openalex.org/A5049567786,Emma Vargo,1,CHI,2017,32.0,41.5,2.0,1.75,1.296875,0.875
https://openalex.org/A5021981631,Noa Machover,1,CHI,2017,32.0,,2.0,,,
https://openalex.org/A5008267619,Kuttimani Tamilmani,1,CHI,2017,15.5,1476.4,1.0,4.0,95.25161290322582,4.0
https://openalex.org/A5074224778,Camille Cobb,1,CHI,2017,38.666666666666664,70.33333333333333,1.0,4.0,1.8189655172413792,4.0
https://openalex.org/A5031825409,Samuel Sudar,1,CHI,2017,16.0,23.0,1.4,2.0,1.4375,1.4285714285714286
https://openalex.org/A5024399465,Jan Gugenheimer,1,CHI,2017,123.25,362.2,4.0,9.0,2.938742393509128,2.25
https://openalex.org/A5033203092,Julian Frommel,1,CHI,2017,32.666666666666664,203.0,2.6666666666666665,6.4,6.214285714285714,2.4000000000000004
https://openalex.org/A5056738154,José S Marcano Belisario,1,CHI,2017,333.0,70.33333333333333,2.4,2.3333333333333335,0.2112112112112112,0.9722222222222223
https://openalex.org/A5062258537,Alexandra To,1,CHI,2017,113.66666666666667,164.0,1.6666666666666667,3.8,1.4428152492668622,2.28
https://openalex.org/A5044904792,Heishiro Toyoda,1,CHI,2017,1.0,36.6,2.0,2.4,36.6,1.2
https://openalex.org/A5072417908,Anastasiya Bavykina,1,CHI,2017,179.0,871.2,3.5,5.2,4.867039106145252,1.4857142857142858
https://openalex.org/A5049519805,Zhuojian Zhong,1,CIKM,2017,7.0,,1.0,,,
https://openalex.org/A5076388753,Dan Gopstein,1,FSE,2017,11.0,14.5,1.0,2.0,1.3181818181818181,2.0
https://openalex.org/A5021297302,Timothy Tunnell,1,FSE,2017,296.0,,2.0,,,
https://openalex.org/A5038532934,Sainyam Galhotra,1,FSE,2017,72.66666666666667,59.6,2.3333333333333335,8.0,0.8201834862385321,3.4285714285714284
https://openalex.org/A5101415638,Yuchi Tian,1,FSE,2017,1.0,317.2,1.0,6.0,317.2,6.0
https://openalex.org/A5014407395,Georgia Gkioxari,1,ICCV,2017,465.25,1358.4,3.25,6.4,2.9197205803331543,1.9692307692307693
https://openalex.org/A5085762342,Davood Mazinanian,1,ICSE,2017,71.0,119.5,3.0,2.25,1.6830985915492958,0.75
https://openalex.org/A5013623251,Tyler Santander,1,ICSE,2017,12.0,160.0,1.0,5.8,13.333333333333334,5.8
https://openalex.org/A5081483504,August Shi,1,ICSE,2017,179.0,189.4,3.0,5.4,1.0581005586592178,1.8
https://openalex.org/A5046120615,Konstantinos Poularakis,1,INFOCOM,2017,258.8,240.0,5.0,7.8,0.9273570324574961,1.56
https://openalex.org/A5006744201,Noam Brown,1,NeurIPS,2017,49.333333333333336,243.6,2.6666666666666665,6.6,4.937837837837837,2.475
https://openalex.org/A5008595840,Hongseok Namkoong,1,NeurIPS,2017,178.0,351.0,2.0,5.0,1.9719101123595506,2.5
https://openalex.org/A5008326572,Amanieu d'Antras,1,PLDI,2017,26.5,2.0,1.5,1.0,0.07547169811320754,0.6666666666666666
https://openalex.org/A5070223708,Cosmin Gorgovan,1,PLDI,2017,26.5,20.666666666666668,1.5,2.0,0.779874213836478,1.3333333333333333
https://openalex.org/A5078763719,Jeehoon Kang,1,PLDI,2017,68.5,59.2,2.5,3.0,0.8642335766423358,1.2
https://openalex.org/A5019918530,Luke Maurer,1,PLDI,2017,26.0,0.5,1.5,1.0,0.019230769230769232,0.6666666666666666
https://openalex.org/A5020454182,Paul Downen,1,PLDI,2017,22.25,13.2,3.5,3.2,0.593258426966292,0.9142857142857144
https://openalex.org/A5018284688,Nadim Kobeissi,1,S&P,2017,161.25,29.0,1.5,5.0,0.17984496124031008,3.3333333333333335
https://openalex.org/A5008674902,Anirudh Sivaraman,1,SIGCOMM,2017,435.8,71.0,4.4,7.25,0.16291877007801744,1.6477272727272725
https://openalex.org/A5086057750,Vikram Nathan,1,SIGCOMM,2017,10.0,64.0,1.0,1.0,6.4,1.0
https://openalex.org/A5102759092,Cheng Tan,1,SOSP,2017,30.5,10.0,2.0,2.5,0.32786885245901637,1.25
https://openalex.org/A5007048525,Kexin Pei,1,SOSP,2017,95.66666666666667,461.4,1.6666666666666667,3.6,4.822996515679442,2.16
https://openalex.org/A5001875469,Nora S. Willett,1,UIST,2017,39.0,11.25,1.0,1.0,0.28846153846153844,1.0
https://openalex.org/A5010359061,Nave Frost,1,VLDB,2017,10.0,30.2,1.0,3.8,3.02,3.8
https://openalex.org/A5088017068,Guni Sharon,1,AAAI,2016,358.0,289.6,2.8,7.6,0.8089385474860336,2.7142857142857144
https://openalex.org/A5091346638,Elkin Gutierrez,1,ACL,2016,8.0,14.333333333333334,1.0,1.0,1.7916666666666667,1.0
https://openalex.org/A5062650159,Kieran Hicks,1,CHI,2016,58.0,72.6,3.0,2.4,1.2517241379310344,0.7999999999999999
https://openalex.org/A5035414960,Michael R. Kalyn,1,CHI,2016,125.5,,2.5,,,
https://openalex.org/A5055844978,Teresa Almeida,1,CHI,2016,27.0,79.0,1.5,5.6,2.925925925925926,3.733333333333333
https://openalex.org/A5000163896,Elisa D. Mekler,1,CHI,2016,448.75,397.0,3.0,10.0,0.8846796657381616,3.3333333333333335
https://openalex.org/A5034805006,Daniel Schien,1,CHI,2016,68.0,50.75,4.4,1.5,0.7463235294117647,0.3409090909090909
https://openalex.org/A5059880425,Michael Xuelin Huang,1,CHI,2016,24.0,83.6,2.0,5.0,3.483333333333333,2.5
https://openalex.org/A5043922248,Tiffany C.K. Kwok,1,CHI,2016,26.5,15.0,1.5,1.5,0.5660377358490566,1.0
https://openalex.org/A5035627325,Hyewon Suh,1,CHI,2016,96.0,13.666666666666666,1.3333333333333333,1.6666666666666667,0.1423611111111111,1.2500000000000002
https://openalex.org/A5014639509,Sruti Srinivasa Ragavan,1,CHI,2016,26.5,37.333333333333336,1.0,1.3333333333333333,1.408805031446541,1.3333333333333333
https://openalex.org/A5072109649,Sandeep Kaur Kuttal,1,CHI,2016,34.75,49.0,2.0,3.6,1.410071942446043,1.8
https://openalex.org/A5015385005,Marta E. Cecchinato,1,CHI,2016,66.33333333333333,128.4,2.6666666666666665,5.0,1.9356783919597993,1.875
https://openalex.org/A5082002320,Minsam Ko,1,CHI,2016,125.2,90.25,3.4,3.0,0.7208466453674122,0.8823529411764706
https://openalex.org/A5101776191,Seungwoo Choi,1,CHI,2016,69.0,95.66666666666667,2.5,3.0,1.386473429951691,1.2
https://openalex.org/A5038894198,Stefan Heindorf,1,CIKM,2016,14.0,23.8,2.5,4.6,1.7,1.8399999999999999
https://openalex.org/A5057072967,Mihai Codoban,1,FSE,2016,64.5,5.0,2.0,1.0,0.07751937984496124,0.5
https://openalex.org/A5018416139,Olga Liskin,1,FSE,2016,59.0,0.0,3.4,1.0,0.0,0.29411764705882354
https://openalex.org/A5047536715,Austin Z. Henley,1,FSE,2016,43.5,43.4,2.0,2.4,0.9977011494252873,1.2
https://openalex.org/A5002742929,Tahmid Nabi,1,FSE,2016,5.0,,1.0,,,
https://openalex.org/A5101822967,Danilo Silva,1,FSE,2016,43.5,85.33333333333333,2.5,1.3333333333333333,1.9616858237547892,0.5333333333333333
https://openalex.org/A5039776447,Aäron van den Oord,1,ICML,2016,411.75,3215.0,2.75,10.0,7.8081360048573165,3.6363636363636362
https://openalex.org/A5041869459,Christopher De,1,ICML,2016,259.5,389.8,4.5,15.0,1.5021194605009633,3.3333333333333335
https://openalex.org/A5034330109,Magnus Madsen,1,ICSE,2016,78.0,34.75,1.6,3.0,0.44551282051282054,1.875
https://openalex.org/A5020000401,Eric F. Rizzi,1,ICSE,2016,4.0,20.0,1.5,1.0,5.0,0.6666666666666666
https://openalex.org/A5087342649,David Menendez,1,ICSE,2016,51.333333333333336,25.5,1.3333333333333333,2.0,0.4967532467532467,1.5
https://openalex.org/A5110418524,Francesco Rigoli,1,IJCAI,2016,428.5,342.0,2.25,1.0,0.7981330221703618,0.4444444444444444
https://openalex.org/A5065675832,Bryan Hooi,1,KDD,2016,46.0,757.2,1.5,20.0,16.460869565217394,13.333333333333334
https://openalex.org/A5045162159,Helgi Sigurbjarnarson,1,OSDI,2016,1.0,33.666666666666664,1.0,1.3333333333333333,33.666666666666664,1.3333333333333333
https://openalex.org/A5055964348,James Bornholt,1,OSDI,2016,48.75,113.0,2.0,3.4,2.317948717948718,1.7
https://openalex.org/A5013809751,Kayvan Memarian,1,PLDI,2016,255.0,70.0,3.0,2.5,0.27450980392156865,0.8333333333333334
https://openalex.org/A5051217958,Justus Matthiesen,1,PLDI,2016,18.0,,1.0,,,
https://openalex.org/A5021229048,Alexander Spiegelman,1,PLDI,2016,8.0,103.4,5.0,8.6,12.925,1.72
https://openalex.org/A5054069870,Guy Golan-Gueta,1,PLDI,2016,51.75,41.75,3.25,3.0,0.8067632850241546,0.9230769230769231
https://openalex.org/A5013744700,Nicholas Jacek,1,PLDI,2016,27.5,6.0,1.0,1.5,0.21818181818181817,1.5
https://openalex.org/A5034538466,Mahmoud Abo Khamis,1,PODS,2016,23.0,75.0,2.5,5.8,3.260869565217391,2.32
https://openalex.org/A5034738254,Deepak Vasisht,1,SIGCOMM,2016,391.0,207.6,4.5,4.4,0.5309462915601023,0.9777777777777779
https://openalex.org/A5030516279,Bryce Kellogg,1,SIGCOMM,2016,648.0,274.0,3.5,3.5,0.4228395061728395,1.0
https://openalex.org/A5061114394,Marco Mondelli,1,STOC,2016,70.0,94.8,3.2,9.0,1.3542857142857143,2.8125
https://openalex.org/A5045073799,Eshan Chattopadhyay,1,STOC,2016,31.333333333333332,19.2,2.0,5.6,0.6127659574468085,2.8
https://openalex.org/A5101796605,Artem Dementyev,1,UIST,2016,251.66666666666666,62.6,4.333333333333333,3.0,0.24874172185430465,0.6923076923076924
https://openalex.org/A5002723576,Hsin-Liu Kao,1,UIST,2016,70.4,99.8,3.2,4.4,1.4176136363636362,1.375
https://openalex.org/A5041275294,Mathieu Le Goc,1,UIST,2016,19.5,53.333333333333336,2.0,2.6666666666666665,2.735042735042735,1.3333333333333333
https://openalex.org/A5039125132,Gierad Laput,1,UIST,2016,228.0,278.25,3.25,7.75,1.2203947368421053,2.3846153846153846
https://openalex.org/A5016501970,Luke Vilnis,1,ACL,2015,88.0,265.75,1.5,5.0,3.0198863636363638,3.3333333333333335
https://openalex.org/A5013958366,Haythem Memmi,1,CHI,2015,9.5,,1.0,,,
https://openalex.org/A5013050933,Justin Emge,1,CHI,2015,6.0,,1.0,,,
https://openalex.org/A5072922547,Aditya Vashistha,1,CHI,2015,43.0,92.0,3.5,4.0,2.13953488372093,1.1428571428571428
https://openalex.org/A5064547400,Tawfiq Ammari,1,CHI,2015,69.0,165.2,1.0,2.6,2.3942028985507244,2.6
https://openalex.org/A5021777354,Sarita Schoenebeck,1,CHI,2015,228.5,647.4,3.0,5.8,2.8332603938730854,1.9333333333333333
https://openalex.org/A5032530421,Pamela Wiśniewski,1,CHI,2015,86.0,539.2,3.25,20.8,6.269767441860465,6.4
https://openalex.org/A5000906180,Martin Weigel,1,CHI,2015,33.0,143.0,1.25,2.75,4.333333333333333,2.2
https://openalex.org/A5103414046,Tong Lu,1,CHI,2015,278.5,67.5,2.0,2.0,0.24236983842010773,1.0
https://openalex.org/A5087981305,Heather Faucett,1,CHI,2015,51.0,179.0,1.0,3.0,3.5098039215686274,3.0
https://openalex.org/A5017750168,Eric Brockmeyer,1,CHI,2015,157.0,81.0,2.3333333333333335,1.0,0.5159235668789809,0.42857142857142855
https://openalex.org/A5019276791,Kateryna Tymoshenko,1,CIKM,2015,53.333333333333336,51.5,4.0,2.5,0.965625,0.625
https://openalex.org/A5001563585,Reza Matinnejad,1,FSE,2015,40.75,69.66666666666667,1.5,1.6666666666666667,1.7096114519427403,1.1111111111111112
https://openalex.org/A5039301553,Liang Gong,1,FSE,2015,193.0,60.6,4.0,3.4,0.3139896373056995,0.85
https://openalex.org/A5069439324,Mario Linares‐Vásquez,1,FSE,2015,409.25,414.0,4.5,11.0,1.0116065974343311,2.4444444444444446
https://openalex.org/A5056526226,Gabriele Bavota,1,FSE,2015,920.0,1044.4,13.6,21.2,1.135217391304348,1.5588235294117647
https://openalex.org/A5002052018,Ravi Mangal,1,FSE,2015,164.0,10.75,6.0,2.25,0.06554878048780488,0.375
https://openalex.org/A5090520110,Farnaz Behrang,1,FSE,2015,21.0,59.25,1.6666666666666667,2.25,2.8214285714285716,1.3499999999999999
https://openalex.org/A5016750744,Janet Siegmund,1,ICSE,2015,215.0,182.2,6.0,6.6,0.8474418604651163,1.0999999999999999
https://openalex.org/A5021806319,Michael Waterman,1,ICSE,2015,18.0,31.5,1.6666666666666667,1.5,1.75,0.8999999999999999
https://openalex.org/A5077191191,Abram L. Friesen,1,IJCAI,2015,57.333333333333336,16.6,1.6666666666666667,1.8,0.2895348837209302,1.08
https://openalex.org/A5050433159,Kirthevasan Kandasamy,1,IJCAI,2015,29.0,303.0,2.0,8.2,10.448275862068966,4.1
https://openalex.org/A5045181694,Xiaohan Kang,1,INFOCOM,2015,17.0,55.0,1.75,3.3333333333333335,3.235294117647059,1.9047619047619049
https://openalex.org/A5038820344,Salma Elmalaki,1,MOBICOM,2015,15.5,15.333333333333334,1.5,1.6666666666666667,0.989247311827957,1.1111111111111112
https://openalex.org/A5103890688,Ananda Theertha Suresh,1,NeurIPS,2015,74.0,1168.4,4.25,11.4,15.789189189189191,2.682352941176471
https://openalex.org/A5022031348,Pavel Panchekha,1,PLDI,2015,59.5,67.4,2.0,4.0,1.1327731092436977,2.0
https://openalex.org/A5008206932,Tom J. Ameloot,1,PODS,2015,27.5,15.0,3.0,3.0,0.5454545454545454,1.0
https://openalex.org/A5061584053,Gaetano Geck,1,PODS,2015,0.5,8.75,1.0,1.5,17.5,1.5
https://openalex.org/A5028459977,Bas Ketsman,1,PODS,2015,7.5,18.2,2.0,3.0,2.4266666666666667,1.5
https://openalex.org/A5042649150,Benjamin Beurdouche,1,S&P,2015,19.0,71.6,1.0,3.2,3.7684210526315787,3.2
https://openalex.org/A5065703902,Olivier Tilmans,1,SIGCOMM,2015,33.0,14.5,2.0,2.0,0.4393939393939394,1.0
https://openalex.org/A5064699160,Peter Kairouz,1,SIGMETRICS,2015,94.33333333333333,1222.8,3.6666666666666665,10.8,12.962544169611308,2.9454545454545458
https://openalex.org/A5068471095,Junhao Gan,1,SIGMOD,2015,230.0,29.6,1.0,2.6,0.12869565217391304,2.6
https://openalex.org/A5011277895,Jonathan Mace,1,SOSP,2015,1.3333333333333333,102.2,1.3333333333333333,2.8,76.65,2.1
https://openalex.org/A5010436566,Tej Chajed,1,SOSP,2015,43.0,46.0,1.5,2.75,1.069767441860465,1.8333333333333333
https://openalex.org/A5021833322,Anat Ganor,1,STOC,2015,18.75,6.666666666666667,2.0,1.6666666666666667,0.35555555555555557,0.8333333333333334
https://openalex.org/A5038687630,Sivakanth Gopi,1,STOC,2015,8.0,35.0,1.5,6.0,4.375,4.0
https://openalex.org/A5058504215,Simon Olberding,1,UIST,2015,86.4,,4.2,,,
https://openalex.org/A5015893090,Augusto Esteves,1,UIST,2015,11.6,95.8,1.8,4.0,8.258620689655173,2.2222222222222223
https://openalex.org/A5087672786,Eduardo Velloso,1,UIST,2015,106.6,318.8,2.8,14.4,2.9906191369606008,5.142857142857143
https://openalex.org/A5077463393,Juan David Hincapié-Ramos,1,CHI,2014,55.0,73.5,2.5,2.5,1.3363636363636364,1.0
https://openalex.org/A5075318331,Paymahn Moghadasian,1,CHI,2014,15.0,,1.0,,,
https://openalex.org/A5002616622,Christian Weichel,1,CHI,2014,97.0,226.0,3.5,4.0,2.329896907216495,1.1428571428571428
https://openalex.org/A5051803370,Ryan Baldini,1,CHI,2014,36.0,61.666666666666664,2.5,2.6666666666666665,1.7129629629629628,1.0666666666666667
https://openalex.org/A5029485566,Garnet Hertz,1,CHI,2014,44.4,89.0,1.8,2.25,2.0045045045045047,1.25
https://openalex.org/A5024501566,Jeffrey M. Rzeszotarski,1,CHI,2014,99.0,59.666666666666664,2.0,1.6666666666666667,0.6026936026936026,0.8333333333333334
https://openalex.org/A5036031138,Rayoung Yang,1,CHI,2014,144.66666666666666,83.5,1.3333333333333333,2.5,0.5771889400921659,1.875
https://openalex.org/A5041066830,George D. Montañez,1,CIKM,2014,12.75,25.0,1.75,2.0,1.9607843137254901,1.1428571428571428
https://openalex.org/A5027563965,Klaus-Benedikt Schultis,1,FSE,2014,12.0,2.3333333333333335,1.0,1.6666666666666667,0.19444444444444445,1.6666666666666667
https://openalex.org/A5080221214,Miltiadis Allamanis,1,FSE,2014,185.33333333333334,606.6,1.6666666666666667,8.4,3.2730215827338127,5.04
https://openalex.org/A5014292887,Laura Inozemtseva,1,FSE,2014,13.5,51.0,1.5,2.0,3.7777777777777777,1.3333333333333333
https://openalex.org/A5010881756,Semih Okur,1,ICSE,2014,48.5,34.0,2.5,1.5,0.7010309278350515,0.6
https://openalex.org/A5084868951,Yepang Liu,1,ICSE,2014,62.0,159.4,2.0,5.6,2.570967741935484,2.8
https://openalex.org/A5049839987,Thanassis Avgerinos,1,ICSE,2014,419.5,386.5,1.25,3.0,0.9213349225268176,2.4
https://openalex.org/A5037888372,Alexandre Rebert,1,ICSE,2014,521.0,87.5,1.0,1.0,0.16794625719769674,1.0
https://openalex.org/A5033475627,Saba Alimadadi,1,ICSE,2014,7.0,50.333333333333336,2.0,2.6666666666666665,7.190476190476191,1.3333333333333333
https://openalex.org/A5087729117,Zizhong Cao,1,INFOCOM,2014,8.0,15.0,1.0,1.3333333333333333,1.875,1.3333333333333333
https://openalex.org/A5100631553,Wenqian Wang,1,NeurIPS,2014,3.0,111.8,1.0,3.4,37.266666666666666,3.4
https://openalex.org/A5026744189,Adam Belay,1,OSDI,2014,79.25,76.0,1.75,2.0,0.9589905362776026,1.1428571428571428
https://openalex.org/A5000009841,Ana Klimovic,1,OSDI,2014,9.0,155.0,1.0,3.5,17.22222222222222,3.5
https://openalex.org/A5037461995,Mehrdad Afshari,1,PLDI,2014,11.0,1.5,1.0,1.5,0.13636363636363635,1.5
https://openalex.org/A5091819924,Marcin Andrychowicz,1,S&P,2014,24.0,631.8,2.5,4.4,26.325,1.7600000000000002
https://openalex.org/A5063317383,Daniel Malinowski,1,S&P,2014,47.0,122.75,3.0,2.25,2.6117021276595747,0.75
https://openalex.org/A5074751039,Matthew K. Mukerjee,1,SIGCOMM,2014,78.66666666666667,116.75,1.3333333333333333,2.5,1.4841101694915253,1.875
https://openalex.org/A5036144178,Tom Edsall,1,SIGCOMM,2014,259.0,200.33333333333334,1.5,1.6666666666666667,0.7734877734877735,1.1111111111111112
https://openalex.org/A5024980585,Yin Tat Lee,1,SODA,2014,357.0,358.4,12.0,16.8,1.003921568627451,1.4000000000000001
https://openalex.org/A5003378492,Sébastien Robaszkiewicz,1,UIST,2014,1.0,18.0,1.0,1.3333333333333333,18.0,1.3333333333333333
https://openalex.org/A5005397258,Felix Schuhknecht,1,VLDB,2014,73.0,79.0,2.0,5.6,1.082191780821918,2.8
https://openalex.org/A5063997221,Uwe Jugel,1,VLDB,2014,26.0,8.75,2.25,1.25,0.33653846153846156,0.5555555555555556
https://openalex.org/A5025737201,Amir Shaikhha,1,VLDB,2014,1.0,69.5,1.0,5.75,69.5,5.75
https://openalex.org/A5034816930,Yannis Klonatos,1,VLDB,2014,30.25,52.0,1.25,1.6666666666666667,1.71900826446281,1.3333333333333335
https://openalex.org/A5027517542,Sabine Storandt,1,VLDB,2014,146.66666666666666,58.6,5.333333333333333,8.6,0.3995454545454546,1.6125
https://openalex.org/A5069747496,Ninh Pham,1,WWW,2014,133.5,17.0,1.25,2.5,0.12734082397003746,2.0
https://openalex.org/A5055445718,Janardhan Rao Doppa,1,AAAI,2013,20.75,168.2,2.0,9.4,8.106024096385541,4.7
https://openalex.org/A5009585935,Haonan Yu,1,ACL,2013,30.5,173.2,1.0,4.2,5.6786885245901635,4.2
https://openalex.org/A5068799512,Nathalie Henry Riche,1,CHI,2013,421.0,639.6,7.0,9.2,1.5192399049881236,1.3142857142857143
https://openalex.org/A5012186497,Stephen Fitchett,1,CHI,2013,75.33333333333333,41.0,2.3333333333333335,2.0,0.5442477876106195,0.8571428571428571
https://openalex.org/A5076413226,Katharina Reinecke,1,CHI,2013,93.0,71.5,1.5,1.0,0.7688172043010753,0.6666666666666666
https://openalex.org/A5004988074,Spence Green,1,CHI,2013,149.0,120.66666666666667,2.6666666666666665,4.333333333333333,0.8098434004474273,1.625
https://openalex.org/A5089242807,M. Six Silberman,1,CHI,2013,576.0,282.2,3.0,4.6,0.48993055555555554,1.5333333333333332
https://openalex.org/A5027407975,Ranjitha Kumar,1,CHI,2013,115.5,278.0,1.5,4.25,2.406926406926407,2.8333333333333335
https://openalex.org/A5077783676,Arvind Satyanarayan,1,CHI,2013,8.0,648.0,3.0,3.5,81.0,1.1666666666666667
https://openalex.org/A5063521318,Mohamed Musthag,1,CHI,2013,54.5,26.0,1.0,1.0,0.47706422018348627,1.0
https://openalex.org/A5015875478,Ilaria Bordino,1,CIKM,2013,367.25,22.8,3.0,3.2,0.062083049693669165,1.0666666666666667
https://openalex.org/A5041808447,Yelena Mejova,1,CIKM,2013,16.8,254.0,1.8,11.6,15.119047619047619,6.444444444444444
https://openalex.org/A5027328044,Vicente Ordóñez,1,ICCV,2013,621.3333333333334,1631.6,1.6666666666666667,8.0,2.625965665236051,4.8
https://openalex.org/A5089862531,Roi Livni,1,ICML,2013,6.5,74.2,1.0,4.0,11.415384615384616,4.0
https://openalex.org/A5034150823,Felienne Hermans,1,ICSE,2013,43.25,220.0,3.75,12.2,5.086705202312139,3.253333333333333
https://openalex.org/A5072756568,Dale Blue,1,ICSE,2013,2.0,1.0,1.0,1.0,0.5,1.0
https://openalex.org/A5076258904,Rachel Tzoref-Brill,1,ICSE,2013,44.75,24.6,2.0,3.2,0.5497206703910615,1.6
https://openalex.org/A5056378414,Weiyi Shang,1,ICSE,2013,75.5,359.8,2.25,9.8,4.765562913907285,4.355555555555556
https://openalex.org/A5029665272,Daryl Posnett,1,ICSE,2013,237.66666666666666,219.25,4.0,1.5,0.9225105189340814,0.375
https://openalex.org/A5000308912,Jaechang Nam,1,ICSE,2013,80.5,283.6,2.0,2.2,3.5229813664596277,1.1
https://openalex.org/A5064825146,Elisha Rosensweig,1,INFOCOM,2013,146.66666666666666,17.0,1.6666666666666667,1.75,0.11590909090909092,1.05
https://openalex.org/A5035348123,Qifan Pu,1,MOBICOM,2013,94.0,214.4,2.0,1.6,2.2808510638297874,0.8
https://openalex.org/A5103356207,Sidhant Gupta,1,MOBICOM,2013,515.3333333333334,89.25,4.333333333333333,3.0,0.17318887451487708,0.6923076923076924
https://openalex.org/A5006723758,Tony Nowatzki,1,PLDI,2013,292.0,117.0,4.0,6.2,0.4006849315068493,1.55
https://openalex.org/A5044253018,Aleksandar Chakarov,1,PLDI,2013,6.0,66.5,2.0,3.5,11.083333333333334,1.75
https://openalex.org/A5085711958,Szymon Toruńczyk,1,PODS,2013,42.75,36.2,2.0,5.0,0.8467836257309942,2.5
https://openalex.org/A5103417248,Tathagata Das,1,SOSP,2013,1036.2,720.75,3.6,2.75,0.6955703532136653,0.7638888888888888
https://openalex.org/A5056988727,Jifei Ou,1,UIST,2013,4.0,273.4,1.0,4.0,68.35,4.0
https://openalex.org/A5003218066,Marina Drosou,1,VLDB,2013,106.0,54.333333333333336,2.4,1.0,0.5125786163522013,0.4166666666666667
https://openalex.org/A5011012964,Cristian Danescu-Niculescu-Mizil,1,WWW,2013,423.25,456.6,5.25,9.0,1.0787950383933846,1.7142857142857142
https://openalex.org/A5074393622,Suicheng Gu,1,AAAI,2012,49.0,71.5,1.8,2.5,1.4591836734693877,1.3888888888888888
https://openalex.org/A5006126917,Erin Friess,1,CHI,2012,26.25,9.0,1.75,1.8,0.34285714285714286,1.0285714285714287
https://openalex.org/A5083692181,Emilien Ghomi,1,CHI,2012,2.0,53.0,1.5,2.0,26.5,1.3333333333333333
https://openalex.org/A5091725659,Guillaume Faure,1,CHI,2012,6.666666666666667,,1.6666666666666667,,,
https://openalex.org/A5067066896,Anoop Korattikara,1,ICML,2012,8.0,753.4,1.0,2.4,94.175,2.4
https://openalex.org/A5088410123,Mehdi Mirakhorli,1,ICSE,2012,102.0,140.2,5.0,9.6,1.3745098039215684,1.92
https://openalex.org/A5041608081,Mathias Schwarz,1,ICSE,2012,8.5,4.75,1.0,1.5,0.5588235294117647,1.5
https://openalex.org/A5063441997,Tobias Roehm,1,ICSE,2012,116.0,63.0,1.0,3.25,0.5431034482758621,3.25
https://openalex.org/A5012643471,Rebecca Tiarks,1,ICSE,2012,30.0,66.0,1.0,1.3333333333333333,2.2,1.3333333333333333
https://openalex.org/A5084776885,Rick Salay,1,ICSE,2012,27.2,172.6,1.8,7.4,6.345588235294118,4.111111111111112
https://openalex.org/A5085243096,Carlee Joe‐Wong,1,INFOCOM,2012,93.0,306.4,3.0,9.0,3.2946236559139783,3.0
https://openalex.org/A5080702284,Soumya Sen,1,INFOCOM,2012,39.4,109.4,2.0,8.6,2.7766497461928936,4.3
https://openalex.org/A5015547365,Bilson Campana,1,KDD,2012,101.0,128.33333333333334,3.0,2.0,1.2706270627062708,0.6666666666666666
https://openalex.org/A5041608911,Nosayba El-Sayed,1,SIGMETRICS,2012,5.0,60.5,1.25,2.25,12.1,1.8
https://openalex.org/A5013551063,Kasper Green Larsen,1,STOC,2012,167.5,97.2,4.5,8.8,0.5802985074626866,1.9555555555555557
https://openalex.org/A5006688930,Sisil Mehta,1,UIST,2012,14.0,,1.0,,,
https://openalex.org/A5050138372,Albert Angel,1,VLDB,2012,47.75,105.0,1.25,1.0,2.1989528795811517,0.8
https://openalex.org/A5034897040,Nina Narodytska,1,AAAI,2011,85.75,152.6,6.25,10.8,1.779591836734694,1.7280000000000002
https://openalex.org/A5062606021,Daniel Golovin,1,AAAI,2011,221.0,922.0,5.4,3.0,4.171945701357466,0.5555555555555555
https://openalex.org/A5021055773,Dipanjan Das,1,ACL,2011,176.8,770.8,2.2,4.2,4.35972850678733,1.909090909090909
https://openalex.org/A5091273829,Mathieu Nancel,1,CHI,2011,6.0,137.0,1.5,3.4,22.833333333333332,2.2666666666666666
https://openalex.org/A5078932168,David Haslem,1,CHI,2011,38.0,,1.0,,,
https://openalex.org/A5084307262,Gabe Cohn,1,CHI,2011,224.0,91.33333333333333,2.5,1.6666666666666667,0.40773809523809523,0.6666666666666667
https://openalex.org/A5022201710,Yandong Liu,1,CHI,2011,261.75,19.0,3.5,2.0,0.0725883476599809,0.5714285714285714
https://openalex.org/A5065240151,Joanna Bergström,1,CHI,2011,3.6666666666666665,45.333333333333336,1.0,1.3333333333333333,12.363636363636365,1.3333333333333333
https://openalex.org/A5088621320,Jiafeng Guo,1,CIKM,2011,187.75,1159.2,3.75,13.0,6.174167776298269,3.466666666666667
https://openalex.org/A5017101724,Shayan Oveis Gharan,1,FOCS,2011,20.25,188.6,1.75,8.2,9.31358024691358,4.685714285714285
https://openalex.org/A5049191217,Roberto Lublinerman,1,FSE,2011,145.75,51.0,4.25,2.5,0.34991423670668953,0.5882352941176471
https://openalex.org/A5083739081,Antonio Filieri,1,ICSE,2011,74.0,187.2,3.0,8.0,2.5297297297297296,2.6666666666666665
https://openalex.org/A5031168005,Giordano Tamburrelli,1,ICSE,2011,282.0,185.6,3.6666666666666665,5.2,0.6581560283687943,1.4181818181818182
https://openalex.org/A5008490992,Matt Staats,1,ICSE,2011,276.0,145.6,3.0,4.8,0.527536231884058,1.5999999999999999
https://openalex.org/A5004005620,Horatiu Dumitru,1,ICSE,2011,59.0,2.0,1.0,1.0,0.03389830508474576,1.0
https://openalex.org/A5062838041,Marek Gibiec,1,ICSE,2011,260.0,49.0,2.0,1.0,0.18846153846153846,0.5
https://openalex.org/A5082514679,Negar Hariri,1,ICSE,2011,2.0,212.25,2.0,2.75,106.125,1.375
https://openalex.org/A5082856719,Yavor Nenov,1,IJCAI,2011,7.0,183.25,1.0,6.75,26.178571428571427,6.75
https://openalex.org/A5000893188,Juan L. Reutter,1,PODS,2011,69.0,209.8,3.5,7.4,3.040579710144928,2.1142857142857143
https://openalex.org/A5068150550,Haitham Hassanieh,1,SIGCOMM,2011,72.0,359.6,1.3333333333333333,4.6,4.9944444444444445,3.4499999999999997
https://openalex.org/A5108288895,Benjamin Ransford,1,SIGCOMM,2011,441.5,253.6,2.5,3.4,0.5744054360135901,1.3599999999999999
https://openalex.org/A5023215207,Animashree Anandkumar,1,SIGMETRICS,2011,129.4,492.2,8.6,13.8,3.80370942812983,1.6046511627906979
https://openalex.org/A5033603487,Carlos Tavares,1,SOSP,2011,7.0,23.0,1.0,1.0,3.2857142857142856,1.0
https://openalex.org/A5049011416,Thomas Dueholm Hansen,1,STOC,2011,31.666666666666668,63.6,3.6666666666666665,4.8,2.008421052631579,1.309090909090909
https://openalex.org/A5032253873,Umar Farooq Minhas,1,VLDB,2011,148.66666666666666,140.6,2.6666666666666665,2.4,0.9457399103139014,0.9
https://openalex.org/A5055793906,Brendan Cully,1,VLDB,2011,193.0,92.0,2.5,3.5,0.47668393782383417,1.4
https://openalex.org/A5100423728,Beibei Li,1,WWW,2011,7.0,235.75,1.5,6.0,33.67857142857143,4.0
https://openalex.org/A5028755343,Ruoyun Huang,1,AAAI,2010,28.333333333333332,30.75,1.3333333333333333,1.75,1.085294117647059,1.3125
https://openalex.org/A5049201950,Giorgos Stoilos,1,AAAI,2010,277.8,194.8,5.8,6.0,0.701223902087833,1.0344827586206897
https://openalex.org/A5109353454,Shaowen Bardzell,1,CHI,2010,19.0,107.2,1.0,3.2,5.6421052631578945,3.2
https://openalex.org/A5067384837,Hrönn Brynjarsdóttir,1,CHI,2010,96.5,248.0,1.0,1.5,2.569948186528497,1.5
https://openalex.org/A5085818578,Gerard de Melo,1,CIKM,2010,91.66666666666667,275.8,3.3333333333333335,10.0,3.0087272727272727,3.0
https://openalex.org/A5006306262,Abhijith Kashyap,1,CIKM,2010,11.0,7.75,2.0,1.5,0.7045454545454546,0.75
https://openalex.org/A5083631720,Barthélémy Dagenais,1,FSE,2010,122.0,178.0,3.0,3.0,1.459016393442623,1.0
https://openalex.org/A5030863830,Nishant A. Mehta,1,ICML,2010,3.0,65.5,1.0,2.5,21.833333333333332,2.5
https://openalex.org/A5000582109,Zibin Zheng,1,ICSE,2010,181.5,1051.6,2.0,19.0,5.793939393939393,9.5
https://openalex.org/A5011785079,Qiusong Yang,1,ICSE,2010,9.5,17.0,1.75,2.6,1.7894736842105263,1.4857142857142858
https://openalex.org/A5051155440,Tihomir Gvero,1,ICSE,2010,14.0,74.0,1.5,2.8,5.285714285714286,1.8666666666666665
https://openalex.org/A5025340145,Vilas Jagannath,1,ICSE,2010,140.0,109.0,2.0,4.5,0.7785714285714286,2.25
https://openalex.org/A5071597932,Kin-Wah Kwong,1,INFOCOM,2010,41.666666666666664,71.0,2.6666666666666665,1.0,1.7040000000000002,0.375
https://openalex.org/A5009660759,Dafna Shahaf,1,KDD,2010,94.66666666666667,87.2,3.3333333333333335,2.2,0.9211267605633803,0.66
https://openalex.org/A5058555162,Shu-Chun Weng,1,OSDI,2010,6.5,164.0,1.0,1.8,25.23076923076923,1.8
https://openalex.org/A5066531106,Muli Ben-Yehuda,1,OSDI,2010,368.6666666666667,266.8,6.333333333333333,5.4,0.7236889692585895,0.8526315789473685
https://openalex.org/A5109135732,Jelani Nelson,1,PODS,2010,61.8,230.0,2.4,7.2,3.72168284789644,3.0
https://openalex.org/A5014539613,Ayman Jarrous,1,S&P,2010,68.0,32.0,1.0,3.0,0.47058823529411764,3.0
https://openalex.org/A5100687673,Binbin Chen,1,SIGCOMM,2010,64.5,120.2,2.25,6.4,1.8635658914728683,2.8444444444444446
https://openalex.org/A5111985072,Nadathur Satish,1,SIGMOD,2010,363.25,555.6,3.25,6.6,1.529525120440468,2.0307692307692307
https://openalex.org/A5081042997,Arash Asadpour,1,SODA,2010,94.66666666666667,46.333333333333336,1.6666666666666667,1.0,0.4894366197183099,0.6
https://openalex.org/A5075969007,Sarvagya Upadhyay,1,STOC,2010,54.0,40.0,1.75,2.0,0.7407407407407407,1.1428571428571428
https://openalex.org/A5023591555,Jarosław Byrka,1,STOC,2010,76.6,120.0,3.6,6.25,1.566579634464752,1.7361111111111112
https://openalex.org/A5084269195,Chandrika Jayant,1,UIST,2010,233.5,167.0,1.0,2.0,0.715203426124197,2.0
https://openalex.org/A5006980420,Shuai Ma,1,VLDB,2010,265.3333333333333,210.6,2.3333333333333335,5.2,0.7937185929648242,2.2285714285714286
https://openalex.org/A5080877905,Steffen Rendle,1,WWW,2010,235.33333333333334,1512.0,3.3333333333333335,5.2,6.424929178470255,1.56
https://openalex.org/A5001722321,Adam Pauls,1,ACL,2009,43.666666666666664,157.0,1.0,3.3333333333333335,3.5954198473282446,3.3333333333333335
https://openalex.org/A5004854992,S. R. K. Branavan,1,ACL,2009,9.5,61.25,1.0,1.5,6.447368421052632,1.5
https://openalex.org/A5053694765,Harr Chen,1,ACL,2009,109.0,92.75,1.0,2.5,0.8509174311926605,2.5
https://openalex.org/A5083211235,Trevor J. Blank,1,CHI,2009,39.5,19.8,3.0,3.8,0.5012658227848101,1.2666666666666666
https://openalex.org/A5072031454,Jacob Burnim,1,FSE,2009,407.0,60.0,1.0,4.5,0.14742014742014742,4.5
https://openalex.org/A5102141585,Nam H. Pham,1,FSE,2009,8.0,111.25,1.5,2.0,13.90625,1.3333333333333333
https://openalex.org/A5049280707,Chaitanya Desai,1,ICCV,2009,9.0,130.5,1.0,1.5,14.5,1.5
https://openalex.org/A5054163834,Blake Shaw,1,ICML,2009,28.5,69.66666666666667,1.0,1.0,2.4444444444444446,1.0
https://openalex.org/A5024034818,Chris Parnin,1,ICSE,2009,78.66666666666667,374.6,2.3333333333333335,4.6,4.761864406779661,1.971428571428571
https://openalex.org/A5100735704,Di Wu,1,INFOCOM,2009,173.0,252.2,7.2,8.8,1.4578034682080925,1.2222222222222223
https://openalex.org/A5103031701,Vivek Shrivastava,1,MOBICOM,2009,244.25,79.0,3.0,1.6,0.323439099283521,0.5333333333333333
https://openalex.org/A5112277360,Nabeel Ahmed,1,MOBICOM,2009,57.75,108.25,2.75,3.25,1.8744588744588744,1.1818181818181819
https://openalex.org/A5001043287,Stephanie Tien Lee,1,PODS,2009,35.0,60.0,1.0,1.0,1.7142857142857142,1.0
https://openalex.org/A5079503799,Gregory Valiant,1,PODS,2009,62.0,404.2,2.0,7.6,6.519354838709678,3.8
https://openalex.org/A5041937385,Thomas Moscibroda,1,SIGCOMM,2009,1157.2,566.8,11.8,12.6,0.48980297269270645,1.0677966101694913
https://openalex.org/A5005715220,Marianne van den Boomen,1,SIGMETRICS,2009,4.0,,2.5,,,
https://openalex.org/A5001598240,Leonid Ryzhyk,1,SOSP,2009,8.0,47.8,2.0,4.6,5.975,2.3
https://openalex.org/A5073935967,Robin A. Moser,1,STOC,2009,18.0,182.0,2.0,2.6666666666666665,10.11111111111111,1.3333333333333333
https://openalex.org/A5011891560,Felix Olorunfemi,1,CHI,2008,40.0,174.0,1.0,4.0,4.35,4.0
https://openalex.org/A5046611715,Gilly Leshed,1,CHI,2008,62.0,78.0,1.3333333333333333,3.4,1.2580645161290323,2.5500000000000003
https://openalex.org/A5012802996,Theresa Velden,1,CHI,2008,2.6666666666666665,31.0,2.0,3.5,11.625,1.75
https://openalex.org/A5077783791,Matthew B. Blaschko,1,CVPR,2008,75.0,454.4,1.75,7.2,6.058666666666666,4.114285714285715
https://openalex.org/A5068587315,Oliver J. Woodford,1,CVPR,2008,33.0,112.5,2.0,4.0,3.409090909090909,2.0
https://openalex.org/A5023279342,Dana Moshkovitz,1,FOCS,2008,373.0,18.6,4.0,3.4,0.04986595174262735,0.85
https://openalex.org/A5113684638,Nicolas Bettenburg,1,FSE,2008,60.0,220.2,1.0,4.4,3.67,4.4
https://openalex.org/A5048641532,Sascha Just,1,FSE,2008,119.0,345.0,1.0,2.0,2.899159663865546,2.0
https://openalex.org/A5069763558,Adrian Schröter,1,FSE,2008,154.0,226.6,2.5,3.2,1.4714285714285713,1.28
https://openalex.org/A5101967307,Guoqing Xu,1,ICSE,2008,45.0,272.4,2.0,6.8,6.053333333333333,3.4
https://openalex.org/A5079075574,Ajitha Rajan,1,ICSE,2008,99.5,17.6,2.5,2.6,0.17688442211055277,1.04
https://openalex.org/A5084552503,Joseph R. Ruthruff,1,ICSE,2008,102.0,6.0,3.75,2.5,0.058823529411764705,0.6666666666666666
https://openalex.org/A5022354495,Dattatraya Y. Gokhale,1,INFOCOM,2008,34.0,42.0,1.0,1.0,1.2352941176470589,1.0
https://openalex.org/A5100368855,Xiang Zhang,1,KDD,2008,53.5,70.5,1.0,2.5,1.3177570093457944,2.5
https://openalex.org/A5053355200,Cristian Cadar,1,OSDI,2008,421.25,351.4,2.75,4.0,0.8341839762611275,1.4545454545454546
https://openalex.org/A5060832606,Dennis Fetterly,1,OSDI,2008,936.2,61.8,2.0,3.0,0.06601153599658192,1.5
https://openalex.org/A5052836807,Diwaker Gupta,1,OSDI,2008,226.25,115.66666666666667,2.0,2.0,0.5112338858195212,1.0
https://openalex.org/A5000107991,Michael Vrable,1,OSDI,2008,384.0,133.25,2.5,2.5,0.3470052083333333,1.0
https://openalex.org/A5113577071,Atish Das Sarma,1,PODS,2008,13.333333333333334,382.8,1.0,10.2,28.71,10.2
https://openalex.org/A5016115127,Daniel Halperin,1,S&P,2008,60.0,918.5,1.0,3.75,15.308333333333334,3.75
https://openalex.org/A5058661031,Thomas S. Heydt-Benjamin,1,S&P,2008,62.0,383.0,1.5,3.0,6.17741935483871,2.0
https://openalex.org/A5050157577,Jagan Sankaranarayanan,1,SIGMOD,2008,77.8,270.8,1.8,4.4,3.4807197943444734,2.4444444444444446
https://openalex.org/A5105307360,Nathanael Chambers,1,AAAI,2007,49.0,373.4,3.3333333333333335,2.2,7.620408163265306,0.66
https://openalex.org/A5036074668,Colin McMillen,1,AAAI,2007,32.2,581.5,2.0,3.0,18.059006211180122,1.5
https://openalex.org/A5077791792,Yuk Wah Wong,1,ACL,2007,239.25,17.5,1.75,1.0,0.07314524555903866,0.5714285714285714
https://openalex.org/A5069459444,Alex Vorbau,1,CHI,2007,16.0,13.0,1.0,2.0,0.8125,2.0
https://openalex.org/A5024737277,Chris Muffels,1,CHI,2007,3.0,,2.0,,,
https://openalex.org/A5057210065,A. C. Hack,1,CVPR,2007,262.3333333333333,34.666666666666664,2.3333333333333335,2.0,0.13214739517153748,0.8571428571428571
https://openalex.org/A5023658938,Narayan Ramasubbu,1,FSE,2007,77.75,118.2,2.5,4.6,1.520257234726688,1.8399999999999999
https://openalex.org/A5075701279,Rajesh Krishna Balan,1,FSE,2007,150.0,141.0,2.6,7.2,0.94,2.769230769230769
https://openalex.org/A5022177364,Christopher Kruegel,1,FSE,2007,1368.2,1899.0,10.4,19.4,1.3879549773424937,1.8653846153846152
https://openalex.org/A5057086547,Alex Potanin,1,FSE,2007,109.75,37.4,3.0,2.6,0.34077448747152617,0.8666666666666667
https://openalex.org/A5088203996,Jason V. Davis,1,ICML,2007,31.666666666666668,89.33333333333333,2.0,1.6666666666666667,2.8210526315789473,0.8333333333333334
https://openalex.org/A5049134079,Brian Kulis,1,ICML,2007,545.25,1570.2,2.0,4.8,2.879779917469051,2.4
https://openalex.org/A5101633144,Prateek Jain,1,ICML,2007,2.3333333333333335,346.6,1.0,6.8,148.54285714285714,6.8
https://openalex.org/A5019848726,Ekwa Duala-Ekoko,1,ICSE,2007,1.0,68.8,1.0,2.2,68.8,2.2
https://openalex.org/A5100695695,Sunghun Kim,1,ICSE,2007,210.5,286.4,3.0,3.2,1.3605700712589073,1.0666666666666667
https://openalex.org/A5022905724,Mehrdad Sabetzadeh,1,ICSE,2007,130.66666666666666,123.4,3.0,5.2,0.944387755102041,1.7333333333333334
https://openalex.org/A5019170764,Adam Kieżun,1,ICSE,2007,91.25,569.4,2.5,4.4,6.239999999999999,1.7600000000000002
https://openalex.org/A5102785744,Maleeha Qazi,1,IJCAI,2007,3.5,99.0,1.5,1.0,28.285714285714285,0.6666666666666666
https://openalex.org/A5025202709,Srujana Merugu,1,KDD,2007,616.25,62.75,3.0,1.75,0.10182555780933063,0.5833333333333334
https://openalex.org/A5031711886,Frances Perry,1,PLDI,2007,4.0,228.5,1.0,3.0,57.125,3.0
https://openalex.org/A5018151279,Lester Mackey,1,PLDI,2007,143.0,118.8,3.0,2.6,0.8307692307692307,0.8666666666666667
https://openalex.org/A5043706888,Mikhail Bilenko,1,SIGIR,2007,938.5,161.6,3.25,3.2,0.1721896643580181,0.9846153846153847
https://openalex.org/A5073854516,Matthew Wachs,1,SIGMETRICS,2007,191.5,9.4,2.5,1.8,0.04908616187989556,0.72
https://openalex.org/A5049066620,Raja R. Sambasivan,1,SIGMETRICS,2007,111.5,56.75,2.5,1.5,0.5089686098654709,0.6
https://openalex.org/A5103467344,Subramanian Arumugam,1,SIGMOD,2007,29.75,31.333333333333332,1.0,1.0,1.0532212885154062,1.0
https://openalex.org/A5022320149,Abhijit Pol,1,SIGMOD,2007,54.333333333333336,81.0,1.6666666666666667,1.0,1.4907975460122698,0.6
https://openalex.org/A5066623526,Ramakrishna Kotla,1,SOSP,2007,65.0,98.25,1.25,2.25,1.5115384615384615,1.8
https://openalex.org/A5046383149,Stephen Chong,1,SOSP,2007,174.0,169.6,3.25,4.8,0.9747126436781609,1.4769230769230768
https://openalex.org/A5020572630,Jed Liu,1,SOSP,2007,42.5,113.5,2.0,1.5,2.6705882352941175,0.75
https://openalex.org/A5046685409,Sergey Yekhanin,1,STOC,2007,75.2,620.4,3.6,5.8,8.25,1.611111111111111
https://openalex.org/A5076861145,Alex Butler,1,UIST,2007,765.0,267.0,1.0,3.0,0.34901960784313724,3.0
https://openalex.org/A5049333271,Daniel J. Abadi,1,VLDB,2007,945.4,1344.2,2.0,5.0,1.4218320287708908,2.5
https://openalex.org/A5027983493,Rion Snow,1,ACL,2006,362.0,1265.0,1.5,1.5,3.494475138121547,1.0
https://openalex.org/A5067442653,Jérôme Pasquero,1,CHI,2006,117.0,99.5,1.5,2.0,0.8504273504273504,1.3333333333333333
https://openalex.org/A5021697915,Nikos Ntarmos,1,CIKM,2006,58.0,47.0,4.0,4.0,0.8103448275862069,1.0
https://openalex.org/A5009682734,Derek Hoiem,1,CVPR,2006,861.0,1531.8,3.5,9.4,1.7790940766550523,2.685714285714286
https://openalex.org/A5036361185,Fabian H. Sinz,1,ICML,2006,58.0,61.2,4.0,2.4,1.0551724137931036,0.6
https://openalex.org/A5101744869,Zhang Ji,1,ICSE,2006,5.75,18.5,1.75,3.25,3.217391304347826,1.8571428571428572
https://openalex.org/A5038565477,John Anvik,1,ICSE,2006,189.6,326.0,2.8,1.6666666666666667,1.719409282700422,0.5952380952380953
https://openalex.org/A5033307955,Lyndon Hiew,1,ICSE,2006,248.0,98.0,1.0,1.0,0.3951612903225806,1.0
https://openalex.org/A5031385754,Edmund B. Nightingale,1,OSDI,2006,207.66666666666666,356.8,2.6666666666666665,3.4,1.7181380417335474,1.2750000000000001
https://openalex.org/A5053342250,Gil Zussman,1,SIGMETRICS,2006,102.25,282.6,3.25,6.6,2.7638141809290957,2.0307692307692307
https://openalex.org/A5110176750,Soumyadeb Mitra,1,VLDB,2006,3.0,36.333333333333336,2.0,4.333333333333333,12.111111111111112,2.1666666666666665
https://openalex.org/A5037160778,Amy J. Ko,1,CHI,2005,492.6666666666667,408.6,3.0,5.6,0.8293640054127199,1.8666666666666665
https://openalex.org/A5103008611,Htet Htet Aung,1,CHI,2005,322.5,413.0,2.0,1.0,1.2806201550387597,0.5
https://openalex.org/A5002696075,Bhuvan Bamba,1,CIKM,2005,59.0,167.75,2.0,4.5,2.843220338983051,2.25
https://openalex.org/A5006066917,Farzad Parvaresh,1,FOCS,2005,17.5,157.4,1.0,2.0,8.994285714285715,2.0
https://openalex.org/A5046598816,Yichen Xie,1,FSE,2005,240.5,257.5,4.25,1.5,1.0706860706860706,0.35294117647058826
https://openalex.org/A5016315666,Brian Demsky,1,ICSE,2005,102.25,76.25,2.5,5.5,0.7457212713936431,2.2
https://openalex.org/A5007057846,Yvan Labiche,1,ICSE,2005,361.0,486.0,4.8,8.8,1.3462603878116344,1.8333333333333335
https://openalex.org/A5103412814,Andrew J. Ko,1,ICSE,2005,8.25,217.0,1.75,2.4,26.303030303030305,1.3714285714285714
https://openalex.org/A5064241063,Chris Lattner,1,PLDI,2005,950.6666666666666,147.5,4.0,1.5,0.15515427769985976,0.375
https://openalex.org/A5001159571,Rodric Rabbah,1,PLDI,2005,47.5,140.4,4.5,4.6,2.9557894736842107,1.0222222222222221
https://openalex.org/A5007519378,Dirk Leinders,1,PODS,2005,4.5,16.333333333333332,1.5,1.6666666666666667,3.6296296296296293,1.1111111111111112
https://openalex.org/A5043552468,Amol Ghoting,1,VLDB,2005,26.0,144.0,1.3333333333333333,3.6,5.538461538461538,2.7
https://openalex.org/A5088242464,Xiaohui Long,1,WWW,2005,254.0,128.0,2.0,1.5,0.5039370078740157,0.75
https://openalex.org/A5016270907,Julie Weeds,1,ACL,2004,137.0,168.5,2.0,4.0,1.22992700729927,2.0
https://openalex.org/A5075130969,Qiankun Zhao,1,CIKM,2004,274.0,146.5,2.0,5.5,0.5346715328467153,2.75
https://openalex.org/A5024843495,Vlad Branzoi,1,CVPR,2004,29.0,102.0,1.0,3.0,3.5172413793103448,3.0
https://openalex.org/A5067917669,Subhash Khot,1,FOCS,2004,415.0,719.4,6.25,10.6,1.7334939759036143,1.696
https://openalex.org/A5005318859,Alexandru Sălcianu,1,FSE,2004,174.66666666666666,107.0,3.0,1.5,0.6125954198473282,0.5
https://openalex.org/A5100388576,Lu Zhang,1,ICSE,2004,26.0,419.8,1.5,6.8,16.146153846153847,4.533333333333333
https://openalex.org/A5019272809,Parastoo Mohagheghi,1,ICSE,2004,29.0,217.0,2.5,5.4,7.482758620689655,2.16
https://openalex.org/A5036568062,Johannes Henkel,1,ICSE,2004,84.0,135.66666666666666,2.0,1.6666666666666667,1.615079365079365,0.8333333333333334
https://openalex.org/A5112572279,Sugato Basu,1,KDD,2004,313.3333333333333,510.6,1.0,4.6,1.6295744680851065,4.6
https://openalex.org/A5056288677,Junfeng Yang,1,OSDI,2004,380.0,989.3333333333334,1.0,1.6666666666666667,2.6035087719298247,1.6666666666666667
https://openalex.org/A5101716412,Hui Fang,1,SIGIR,2004,6.0,213.6,4.0,6.6,35.6,1.65
https://openalex.org/A5020404511,Thomas Bonald,1,SIGMETRICS,2004,560.2,205.6,5.8,7.2,0.36701178150660474,1.2413793103448276
https://openalex.org/A5083735800,Daniel Wigdor,1,UIST,2004,158.0,428.0,2.5,7.0,2.7088607594936707,2.8
https://openalex.org/A5082188602,Lakshmish Ramaswamy,1,WWW,2004,136.0,116.2,5.0,6.2,0.8544117647058824,1.24
https://openalex.org/A5110904945,LING LIU,1,WWW,2004,52.666666666666664,466.75,1.3333333333333333,10.0,8.862341772151899,7.5
https://openalex.org/A5069830330,Tom Stocky,1,ACL,2003,67.0,65.0,2.0,2.0,0.9701492537313433,1.0
https://openalex.org/A5025420692,Bo Brinkman,1,FOCS,2003,13.0,43.25,1.0,1.75,3.326923076923077,1.75
https://openalex.org/A5078041729,Stephen McCamant,1,FSE,2003,2.0,353.0,2.0,3.2,176.5,1.6
https://openalex.org/A5084185098,Gregory M. Kapfhammer,1,FSE,2003,19.0,108.6,2.0,2.2,5.71578947368421,1.1
https://openalex.org/A5001760915,Zhuowen Tu,1,ICCV,2003,245.66666666666666,715.0,3.3333333333333335,7.6,2.91044776119403,2.28
https://openalex.org/A5003047938,Daniel Snow,1,ICCV,2003,15.0,1091.0,1.0,1.0,72.73333333333333,1.0
https://openalex.org/A5026996875,Youtao Zhang,1,ICSE,2003,222.33333333333334,135.0,4.0,7.0,0.6071964017991004,1.75
https://openalex.org/A5084751293,Sagar Chaki,1,ICSE,2003,184.0,273.2,3.0,7.2,1.4847826086956522,2.4
https://openalex.org/A5026932942,Alex Groce,1,ICSE,2003,160.0,299.0,4.0,5.6,1.86875,1.4
https://openalex.org/A5069421748,Darse Billings,1,IJCAI,2003,128.6,89.5,2.0,3.5,0.6959564541213064,1.75
https://openalex.org/A5064274071,David Kempe,1,KDD,2003,255.75,1322.2,2.0,7.2,5.16989247311828,3.6
https://openalex.org/A5102725147,Petros Maniatis,1,SOSP,2003,179.66666666666666,467.6,2.3333333333333335,7.2,2.602597402597403,3.0857142857142854
https://openalex.org/A5112039412,Samuel T. King,1,SOSP,2003,513.0,795.6666666666666,2.0,5.0,1.5510071474983755,2.5
https://openalex.org/A5087418634,Glen Jeh,1,WWW,2003,2000.0,24.0,2.0,1.0,0.012,0.5
https://openalex.org/A5046457818,Franz Josef Och,1,ACL,2002,947.25,2910.2,4.75,5.2,3.0722618105040906,1.0947368421052632
https://openalex.org/A5014101817,Darya Chudova,1,KDD,2002,28.0,61.666666666666664,1.0,2.0,2.202380952380952,2.0
https://openalex.org/A5100388094,Yi Zhang,1,SIGIR,2002,116.0,82.75,1.0,3.0,0.7133620689655172,3.0
https://openalex.org/A5027569258,Ulrich Germann,1,ACL,2001,15.333333333333334,99.5,2.0,2.5,6.489130434782608,1.25
https://openalex.org/A5053233618,Michael Jahr,1,ACL,2001,32.0,52.0,1.0,1.0,1.625,1.0
https://openalex.org/A5012032862,Edwin M. Knorr,1,KDD,2001,719.6,3.0,2.2,1.0,0.004168982768204558,0.45454545454545453
https://openalex.org/A5015424594,Amnon Lotem,1,PODS,2001,198.33333333333334,319.6666666666667,2.6666666666666665,1.0,1.611764705882353,0.375
https://openalex.org/A5068395748,Vikas Khandelwal,1,SIGIR,2001,24.0,,1.0,,,
https://openalex.org/A5078245746,Eamonn Keogh,1,SIGMOD,2001,596.0,3684.6,2.5,20.0,6.182214765100671,8.0
https://openalex.org/A5041830534,Steve Zdancewic,1,SOSP,2001,145.5,460.6,3.5,6.6,3.1656357388316154,1.8857142857142857
https://openalex.org/A5111998286,Nathaniel Nystrom,1,SOSP,2001,22.0,224.25,3.0,2.75,10.193181818181818,0.9166666666666666
https://openalex.org/A5059491225,Miguel Castro,1,SOSP,2001,973.25,2235.8,3.75,10.4,2.2972514770100183,2.7733333333333334
https://openalex.org/A5031319715,Anastassia Ailamaki,1,VLDB,2001,185.33333333333334,487.8,2.0,11.4,2.6320143884892087,5.7
https://openalex.org/A5102195798,Jian Yin,1,WWW,2001,167.0,141.75,2.0,2.25,0.8488023952095808,1.125
https://openalex.org/A5047278339,Finnegan Southey,1,AAAI,2000,15.5,62.8,1.0,2.6,4.051612903225807,2.6
https://openalex.org/A5012751147,Dorin Comaniciu,1,CVPR,2000,424.6666666666667,4495.0,2.3333333333333335,13.0,10.584772370486656,5.571428571428571
https://openalex.org/A5017036718,András Veres,1,INFOCOM,2000,9.0,416.5,1.0,3.25,46.27777777777778,3.25
https://openalex.org/A5015797494,Miklós Boda,1,INFOCOM,2000,6.333333333333333,296.0,1.3333333333333333,2.0,46.73684210526316,1.5
https://openalex.org/A5108791099,Andy Chou,1,OSDI,2000,20.0,890.0,1.0,6.0,44.5,6.0
https://openalex.org/A5086854307,Jaana Kekäläinen,1,SIGIR,2000,77.5,1277.5,1.5,2.5,16.483870967741936,1.6666666666666667
https://openalex.org/A5057889288,Hartmut Liefke,1,SIGMOD,2000,15.5,9.0,1.5,1.0,0.5806451612903226,0.6666666666666666
https://openalex.org/A5010677076,Martin Müller,0,AAAI,2018,63.0,26.2,7.2,4.0,0.41587301587301584,0.5555555555555556
https://openalex.org/A5015615908,Kasper Hornbæk,0,CHI,2018,788.0,311.0,13.6,9.8,0.3946700507614213,0.7205882352941178
https://openalex.org/A5083645031,Alan M. Wilson,0,CHI,2018,489.4,71.6,8.2,3.8,0.1463015937883122,0.4634146341463415
https://openalex.org/A5040685721,Yongkwan Kim,0,CHI,2018,24.25,15.0,1.75,2.5,0.6185567010309279,1.4285714285714286
https://openalex.org/A5013948143,James C. Davis,0,FOCS,2018,30.0,134.0,2.0,18.0,4.466666666666667,9.0
https://openalex.org/A5007318528,Muli Safra,0,FOCS,2018,27.0,5.6,2.0,2.2,0.2074074074074074,1.1
https://openalex.org/A5017792083,Meng Wu,0,FSE,2018,46.333333333333336,50.333333333333336,2.3333333333333335,4.666666666666667,1.0863309352517985,2.0
https://openalex.org/A5029554720,Sarah Dean,0,ICML,2018,54.0,137.8,1.0,4.8,2.5518518518518523,4.8
https://openalex.org/A5100352782,Xinyu Wang,0,ICSE,2018,118.0,219.4,5.75,12.8,1.8593220338983052,2.226086956521739
https://openalex.org/A5032068969,Michael D. Ernst,0,ICSE,2018,914.2,120.0,13.8,7.4,0.1312623058411726,0.5362318840579711
https://openalex.org/A5100372201,Xue Li,0,IJCAI,2018,1083.6,1463.2,66.2,114.8,1.3503137689184201,1.7341389728096677
https://openalex.org/A5060042752,Bo Du,0,IJCAI,2018,2159.2,3201.0,30.6,81.6,1.4824935161170805,2.6666666666666665
https://openalex.org/A5001529504,Chang Xu,0,IJCAI,2018,1056.8,3025.2,14.8,58.4,2.8626040878122634,3.9459459459459456
https://openalex.org/A5085088065,M. Yousof Naderi,0,INFOCOM,2018,167.0,22.25,4.0,2.5,0.13323353293413173,0.625
https://openalex.org/A5100443178,Ting Chen,0,INFOCOM,2018,553.8,902.8,8.0,23.4,1.6301914048392923,2.925
https://openalex.org/A5057128963,Abhishek Sinha,0,INFOCOM,2018,31.75,80.6,6.0,9.6,2.5385826771653544,1.5999999999999999
https://openalex.org/A5025028660,Tom Hope,0,KDD,2018,19.8,106.8,3.8,11.6,5.393939393939394,3.0526315789473686
https://openalex.org/A5003751225,Joel Chan,0,KDD,2018,237.0,103.2,6.6,7.0,0.43544303797468353,1.0606060606060606
https://openalex.org/A5018752163,Karthikeyan Sundaresan,0,MOBICOM,2018,304.6,31.6,8.4,4.8,0.10374261326329612,0.5714285714285714
https://openalex.org/A5051338636,Hassan Ashtiani,0,NeurIPS,2018,30.666666666666668,20.0,2.6666666666666665,3.8,0.6521739130434783,1.425
https://openalex.org/A5112193907,Shai Ben-David,0,NeurIPS,2018,1286.8,38.0,13.4,4.5,0.02953061858874728,0.33582089552238803
https://openalex.org/A5021842384,Sébastien Bubeck,0,NeurIPS,2018,319.8,802.2,8.4,12.4,2.5084427767354596,1.4761904761904763
https://openalex.org/A5085678555,Eugene Chai,0,NSDI,2018,60.0,47.6,2.4,2.8,0.7933333333333333,1.1666666666666667
https://openalex.org/A5077585432,Rahul Kumar,0,OSDI,2018,26.6,107.2,2.8,5.2,4.030075187969925,1.8571428571428574
https://openalex.org/A5048777417,Ranjita Bhagwan,0,OSDI,2018,27.0,34.25,2.3333333333333335,3.25,1.2685185185185186,1.3928571428571428
https://openalex.org/A5020418881,Yilun Chen,0,OSDI,2018,78.0,670.6,3.0,13.6,8.597435897435897,4.533333333333333
https://openalex.org/A5089763199,Juan Ramón Troncoso-Pastoriza,0,S&P,2018,89.0,270.2,3.0,9.4,3.035955056179775,3.1333333333333333
https://openalex.org/A5005275631,Amogh Dhamdhere,0,SIGIR,2018,189.4,45.666666666666664,6.4,4.333333333333333,0.24111228440689897,0.6770833333333333
https://openalex.org/A5034603892,Carlos Rodríguez‐Navarro,0,SIGMOD,2018,463.6,154.4,8.0,7.6,0.3330457290767903,0.95
https://openalex.org/A5025874799,Jacob Holm,0,SODA,2018,33.5,14.4,4.5,3.8,0.4298507462686567,0.8444444444444444
https://openalex.org/A5038972102,Dingzeyu Li,0,UIST,2018,165.25,161.8,1.75,4.4,0.9791225416036309,2.5142857142857147
https://openalex.org/A5060695800,Philip J. Guo,0,UIST,2018,866.8,156.6,7.8,6.6,0.1806645131518228,0.8461538461538461
https://openalex.org/A5052467896,Jason Eisner,0,ACL,2017,268.4,221.0,8.4,12.6,0.8233979135618481,1.5
https://openalex.org/A5014222815,Julie Williamson,0,CHI,2017,40.8,269.6,4.0,9.2,6.607843137254903,2.3
https://openalex.org/A5031323457,Marcus Foth,0,CHI,2017,414.0,671.6,26.0,23.0,1.6222222222222222,0.8846153846153846
https://openalex.org/A5041837927,Marcus Carter,0,CHI,2017,539.2,149.2,11.6,10.4,0.2767062314540059,0.896551724137931
https://openalex.org/A5100760812,Shaoping Ma,0,CIKM,2017,497.2,1119.4,18.2,35.8,2.2514078841512473,1.967032967032967
https://openalex.org/A5013240918,Gao Huang,0,CVPR,2017,1502.6,2096.0,6.8,33.8,1.3949154798349528,4.970588235294118
https://openalex.org/A5091246530,Nicholas Nelson,0,FSE,2017,6.0,29.6,2.5,5.2,4.933333333333334,2.08
https://openalex.org/A5079753562,Tim Nelson,0,FSE,2017,39.75,17.6,2.25,3.8,0.4427672955974843,1.6888888888888889
https://openalex.org/A5113712973,Daniel J. Dougherty,0,FSE,2017,34.6,5.0,2.6,2.5,0.1445086705202312,0.9615384615384615
https://openalex.org/A5100700361,Kaiming He,0,ICCV,2017,77164.0,11416.4,11.2,10.6,0.14794982116012648,0.9464285714285715
https://openalex.org/A5054753279,Alexander Serebrenik,0,ICSE,2017,689.0,562.2,18.4,30.4,0.8159651669085632,1.6521739130434783
https://openalex.org/A5074526787,Jurgen Vinju,0,ICSE,2017,92.0,23.4,13.6,5.0,0.2543478260869565,0.36764705882352944
https://openalex.org/A5036986396,Rashina Hoda,0,ICSE,2017,180.0,355.4,5.8,11.2,1.9744444444444442,1.9310344827586206
https://openalex.org/A5080366682,Mark Kaminski,0,INFOCOM,2017,723.8,420.8,14.6,9.8,0.5813760707377729,0.6712328767123288
https://openalex.org/A5072755496,Wittawat Jitkrittum,0,NeurIPS,2017,44.4,60.0,5.0,6.0,1.3513513513513513,1.2
https://openalex.org/A5102734862,Ori Lahav,0,PLDI,2017,134.2,81.6,5.4,7.8,0.6080476900149031,1.4444444444444444
https://openalex.org/A5023359178,Viktor Vafeiadis,0,PLDI,2017,366.8,180.6,9.4,8.6,0.49236641221374045,0.9148936170212765
https://openalex.org/A5053098822,Jim Garside,0,PLDI,2017,297.0,37.5,7.2,3.25,0.12626262626262627,0.4513888888888889
https://openalex.org/A5004976322,Bruno Blanchet,0,S&P,2017,169.8,50.4,4.4,1.8,0.29681978798586567,0.40909090909090906
https://openalex.org/A5008493066,Costin Raiciu,0,SIGCOMM,2017,272.2,294.0,5.8,4.6,1.080088170462895,0.793103448275862
https://openalex.org/A5014067492,Todd Millstein,0,SIGCOMM,2017,451.4,49.6,6.6,5.4,0.10988037217545416,0.8181818181818182
https://openalex.org/A5089788947,Mark Handley,0,SIGIR,2017,195.6,697.25,3.2,2.5,3.564672801635992,0.78125
https://openalex.org/A5100957970,Lingfan Yu,0,SOSP,2017,1.5,65.0,1.5,1.0,43.333333333333336,0.6666666666666666
https://openalex.org/A5018565806,Wilmot Li,0,UIST,2017,371.0,127.25,7.2,4.5,0.34299191374663074,0.625
https://openalex.org/A5021195349,Mark Billinghurst,0,VLDB,2017,1082.0,1557.0,30.4,47.0,1.4390018484288354,1.5460526315789473
https://openalex.org/A5077149145,Robert C. Holte,0,AAAI,2016,136.4,84.8,6.6,6.8,0.6217008797653959,1.0303030303030303
https://openalex.org/A5066273713,Kathrin Gerling,0,ACL,2016,361.8,382.4,10.0,11.6,1.0569375345494747,1.16
https://openalex.org/A5035443322,Michael Glueck,0,CHI,2016,30.8,103.4,1.4,2.2,3.357142857142857,1.5714285714285716
https://openalex.org/A5058485609,Tovi Grossman,0,CHI,2016,610.2,380.0,12.4,9.8,0.6227466404457555,0.7903225806451614
https://openalex.org/A5100735881,Yan Zhuang,0,CIKM,2016,14.5,415.2,3.25,7.8,28.63448275862069,2.4
https://openalex.org/A5088438387,Nikolaos Tsantalis,0,FSE,2016,168.8,230.4,3.6,4.8,1.3649289099526065,1.3333333333333333
https://openalex.org/A5037117080,Jianjun Huang,0,FSE,2016,66.0,79.8,2.2,4.0,1.209090909090909,1.8181818181818181
https://openalex.org/A5100420915,Ziyu Wang,0,ICML,2016,909.5,1109.6,1.0,6.8,1.2200109950522264,6.8
https://openalex.org/A5052125239,Marcello M. Bersani,0,ICSE,2016,46.2,33.6,4.4,6.6,0.7272727272727273,1.4999999999999998
https://openalex.org/A5038017715,Domenico Bianculli,0,ICSE,2016,60.8,156.6,7.0,6.8,2.575657894736842,0.9714285714285714
https://openalex.org/A5011377871,Thomas H. B. FitzGerald,0,IJCAI,2016,1064.75,98.8,7.5,3.6,0.09279173514909603,0.48000000000000004
https://openalex.org/A5100409661,Jia Liu,0,KDD,2016,71.0,220.8,3.6,12.6,3.1098591549295778,3.5
https://openalex.org/A5026925980,Dan R. K. Ports,0,NSDI,2016,275.0,119.8,3.6666666666666665,4.8,0.4356363636363636,1.309090909090909
https://openalex.org/A5036969978,Tomáš Petříček,0,OSDI,2016,10.0,8.5,1.0,1.0,0.85,1.0
https://openalex.org/A5084821901,Meng‐Chieh Chiu,0,OSDI,2016,161.5,3.6666666666666665,1.5,1.0,0.022703818369453045,0.6666666666666666
https://openalex.org/A5059238786,Idit Keidar,0,PLDI,2016,152.4,57.4,9.0,11.0,0.3766404199475065,1.2222222222222223
https://openalex.org/A5075133765,Ryan Beckett,0,SIGCOMM,2016,49.0,130.0,1.0,6.2,2.6530612244897958,6.2
https://openalex.org/A5101788564,Santhosh Kumar,0,STOC,2016,31.0,79.5,2.0,1.0,2.564516129032258,0.5
https://openalex.org/A5014978503,László Babai,0,STOC,2016,109.4,18.666666666666668,3.6,3.0,0.17062766605728213,0.8333333333333333
https://openalex.org/A5020423438,Joanne Leong,0,UIST,2016,22.0,129.8,2.5,1.8,5.9,0.72
https://openalex.org/A5065221891,Lawrence H. Kim,0,UIST,2016,49.0,93.25,2.0,3.75,1.903061224489796,1.875
https://openalex.org/A5020500064,Yvette Graham,0,ACL,2015,80.0,657.8,3.2,8.0,8.2225,2.5
https://openalex.org/A5090215557,Roger Lévy,0,ACL,2015,2892.8,549.4,10.2,26.4,0.18991980088495572,2.588235294117647
https://openalex.org/A5021336998,Gabriele Röger,0,ACL,2015,70.6,20.2,1.4,2.8,0.28611898016997167,2.0
https://openalex.org/A5069787995,Niels Taatgen,0,CHI,2015,525.0,181.4,18.2,12.0,0.3455238095238095,0.6593406593406593
https://openalex.org/A5100461422,Na Wang,0,CHI,2015,33.0,12.0,2.0,4.0,0.36363636363636365,2.0
https://openalex.org/A5052549454,Pedro Lopes,0,CHI,2015,115.6,372.0,4.2,7.4,3.217993079584775,1.7619047619047619
https://openalex.org/A5089605137,Matthew Kay,0,CIKM,2015,114.4,496.8,5.2,14.2,4.3426573426573425,2.7307692307692304
https://openalex.org/A5052633187,Ermira Daka,0,FSE,2015,155.0,21.333333333333332,1.0,1.0,0.13763440860215054,1.0
https://openalex.org/A5061605447,Thomas Zimmermann,0,FSE,2015,1172.6,625.6,26.4,17.6,0.5335152652225823,0.6666666666666667
https://openalex.org/A5101595466,José Campos,0,FSE,2015,140.66666666666666,141.0,2.6666666666666665,2.8,1.0023696682464456,1.05
https://openalex.org/A5055199976,Jeff Schneider,0,IJCAI,2015,367.6,781.8,11.2,19.0,2.1267682263329704,1.6964285714285716
https://openalex.org/A5013695358,Barnabás Póczos,0,INFOCOM,2015,145.2,1794.4,7.8,38.4,12.358126721763087,4.923076923076923
https://openalex.org/A5091197122,Lucas Wanner,0,MOBICOM,2015,30.8,14.0,2.6,4.2,0.45454545454545453,1.6153846153846154
https://openalex.org/A5036435487,Alekh Agarwal,0,NeurIPS,2015,518.2,447.8,9.2,14.0,0.8641451177151679,1.5217391304347827
https://openalex.org/A5100722775,Danfeng Zhang,0,PLDI,2015,127.6,135.0,2.6,7.8,1.0579937304075235,3.0
https://openalex.org/A5101697549,Andrew C. Myers,0,PLDI,2015,154.8,129.6,5.8,9.6,0.8372093023255813,1.6551724137931034
https://openalex.org/A5101839396,James R. Wilcox,0,PODS,2015,129.0,83.0,1.3333333333333333,3.8,0.6434108527131783,2.85
https://openalex.org/A5026297326,Karthikeyan Bhargavan,0,S&P,2015,320.0,477.6,5.6,9.0,1.4925000000000002,1.6071428571428572
https://openalex.org/A5076026636,Giulia Fanti,0,SIGMETRICS,2015,48.0,256.6,3.0,8.0,5.345833333333334,2.6666666666666665
https://openalex.org/A5100383731,Ce Zhang,0,SIGMOD,2015,132.0,864.6,4.0,15.4,6.55,3.85
https://openalex.org/A5054417711,Haogang Chen,0,SOSP,2015,117.0,36.0,2.0,2.0,0.3076923076923077,1.0
https://openalex.org/A5033897343,Daniel Ziegler,0,SOSP,2015,31.0,11.4,5.0,4.0,0.36774193548387096,0.8
https://openalex.org/A5036529548,Rodrigo Fonseca,0,SOSP,2015,338.25,223.6,4.75,7.6,0.6610495195861049,1.5999999999999999
https://openalex.org/A5013053155,Zeev Dvir,0,STOC,2015,110.2,15.0,9.8,5.0,0.13611615245009073,0.5102040816326531
https://openalex.org/A5101701586,Prasad Raghavendra,0,STOC,2015,222.4,61.2,7.4,6.6,0.2751798561151079,0.8918918918918918
https://openalex.org/A5063269254,Clemens Nylandsted Klokmose,0,UIST,2015,68.0,222.6,3.0,9.8,3.273529411764706,3.266666666666667
https://openalex.org/A5034670941,James Eagan,0,UIST,2015,94.0,58.2,2.5,4.0,0.6191489361702128,1.6
https://openalex.org/A5050321930,Klaus Hildebrandt,0,UIST,2015,155.2,99.6,3.8,4.0,0.6417525773195877,1.0526315789473684
https://openalex.org/A5104268832,Stuart Taylor,0,CHI,2014,145.8,8.333333333333334,3.6,2.6666666666666665,0.05715592135345222,0.7407407407407407
https://openalex.org/A5020573877,Mikael B. Skov,0,CHI,2014,115.8,191.6,7.8,9.8,1.6545768566493955,1.2564102564102566
https://openalex.org/A5109343366,Xiang Guo,0,CHI,2014,2.0,,1.0,,,
https://openalex.org/A5076259865,Ryen W. White,0,CIKM,2014,1303.6,405.6,20.4,15.2,0.31113838600797794,0.7450980392156863
https://openalex.org/A5009530531,Annie T. T. Ying,0,FSE,2014,40.5,31.666666666666668,1.25,3.0,0.7818930041152263,2.4
https://openalex.org/A5065530146,Christoph Elsner,0,FSE,2014,36.2,13.8,4.6,2.6,0.38121546961325964,0.5652173913043479
https://openalex.org/A5014327382,Daniel Lohmann,0,FSE,2014,324.8,79.4,13.6,11.4,0.24445812807881775,0.8382352941176471
https://openalex.org/A5052426710,Emerson Murphy-Hill,0,ICSE,2014,519.8,396.6,11.0,13.2,0.7629857637552906,1.2
https://openalex.org/A5052203980,Chang Xu,0,ICSE,2014,75.4,232.6,5.4,16.8,3.0848806366047743,3.111111111111111
https://openalex.org/A5034057959,Shing-Chi Cheung,0,ICSE,2014,284.4,428.6,11.8,10.8,1.507032348804501,0.9152542372881356
https://openalex.org/A5051842127,Virag Shah,0,INFOCOM,2014,50.6,27.2,2.8,4.4,0.5375494071146245,1.5714285714285716
https://openalex.org/A5100741315,Ping Li,0,NeurIPS,2014,209.8,303.8,11.4,14.8,1.4480457578646329,1.2982456140350878
https://openalex.org/A5102251003,Simon Peter,0,OSDI,2014,218.2,304.0,3.8,5.6,1.393217231897342,1.4736842105263157
https://openalex.org/A5089845483,Irene Zhang,0,OSDI,2014,98.0,101.4,2.6,4.4,1.0346938775510204,1.6923076923076923
https://openalex.org/A5056589829,Jiho Choi,0,PLDI,2014,5.5,74.2,2.0,4.4,13.490909090909092,2.2
https://openalex.org/A5077610917,Zhendong Su,0,PLDI,2014,579.6,714.6,9.6,14.8,1.2329192546583851,1.5416666666666667
https://openalex.org/A5048461894,Bryan Parno,0,S&P,2014,842.2,242.2,10.2,3.8,0.2875801472334362,0.37254901960784315
https://openalex.org/A5044697595,Craig Gentry,0,S&P,2014,5049.0,256.0,13.4,4.2,0.05070310952663894,0.31343283582089554
https://openalex.org/A5044769831,Aaron Parks,0,SIGCOMM,2014,716.6666666666666,100.25,4.0,3.75,0.13988372093023257,0.9375
https://openalex.org/A5008952420,Thomas Rothvoß,0,SODA,2014,275.4,67.4,9.6,5.2,0.24473493100944085,0.5416666666666667
https://openalex.org/A5019041283,Michel Pahud,0,UIST,2014,182.0,122.6,3.0,4.0,0.6736263736263736,1.3333333333333333
https://openalex.org/A5077156448,Dawei Jiang,0,VLDB,2014,195.25,9.5,4.75,1.25,0.04865556978233035,0.2631578947368421
https://openalex.org/A5079846990,Alekh Jindal,0,VLDB,2014,182.4,144.8,3.4,5.0,0.793859649122807,1.4705882352941178
https://openalex.org/A5091334588,Jens Dittrich,0,VLDB,2014,416.4,120.6,7.0,6.0,0.2896253602305476,0.8571428571428571
https://openalex.org/A5055101678,Soumya Ray,0,AAAI,2013,54.8,38.4,3.2,5.6,0.7007299270072993,1.7499999999999998
https://openalex.org/A5045403710,Jeffrey Bardzell,0,ACL,2013,372.2,559.0,8.4,13.6,1.5018807092960775,1.6190476190476188
https://openalex.org/A5031744461,Leah Findlater,0,CHI,2013,1016.4,445.4,6.0,9.2,0.43821330184966545,1.5333333333333332
https://openalex.org/A5084751438,Laurie Buys,0,CHI,2013,294.6,382.6,14.8,18.2,1.2987101154107263,1.2297297297297296
https://openalex.org/A5068043486,Hanghang Tong,0,CIKM,2013,637.4,990.2,10.8,26.8,1.5534985880138061,2.4814814814814814
https://openalex.org/A5002597222,Mounia Lalmas,0,CVPR,2013,339.8,335.4,19.8,13.2,0.9870512065921129,0.6666666666666666
https://openalex.org/A5101542158,Jia Deng,0,ICCV,2013,12615.4,11043.2,1.6,11.0,0.8753745422261681,6.875
https://openalex.org/A5000529247,Rishabh Iyer,0,ICML,2013,46.0,127.4,2.5,6.2,2.7695652173913046,2.48
https://openalex.org/A5002599291,Marian Petre,0,ICSE,2013,107.4,132.8,12.2,5.2,1.2364990689013036,0.42622950819672134
https://openalex.org/A5085576468,Zhen Ming Jiang,0,ICSE,2013,260.8,278.2,5.0,8.8,1.0667177914110428,1.7600000000000002
https://openalex.org/A5036744986,Prémkumar Dévanbu,0,ICSE,2013,889.0,824.4,9.8,10.2,0.927334083239595,1.040816326530612
https://openalex.org/A5102788874,Mark Wilson,0,INFOCOM,2013,4.0,47.5,1.75,3.5,11.875,2.0
https://openalex.org/A5044160991,Lei Yang,0,MOBICOM,2013,134.25,604.6,8.75,17.6,4.503538175046555,2.0114285714285716
https://openalex.org/A5011077730,Shyamnath Gollakota,0,MOBICOM,2013,539.0,1043.0,3.6,12.2,1.9350649350649352,3.3888888888888884
https://openalex.org/A5103106502,Sriram Sankaranarayanan,0,PLDI,2013,380.8,403.4,9.4,15.6,1.0593487394957983,1.6595744680851063
https://openalex.org/A5022264843,Frank Neven,0,PODS,2013,133.2,40.8,7.0,7.2,0.3063063063063063,1.0285714285714287
https://openalex.org/A5039232562,Mikkel Thorup,0,SODA,2013,234.2,124.2,12.2,24.4,0.5303159692570453,2.0
https://openalex.org/A5109968020,M. Frans Kaashoek,0,SOSP,2013,401.6,145.0,7.4,5.0,0.36105577689243024,0.6756756756756757
https://openalex.org/A5017415826,Jiro Tanaka,0,UIST,2013,68.4,90.2,10.4,15.0,1.3187134502923976,1.4423076923076923
https://openalex.org/A5046815740,Christian Holz,0,VLDB,2013,283.25,536.0,2.5,8.8,1.8923212709620476,3.5200000000000005
https://openalex.org/A5062318856,Michael Mitzenmacher,0,WWW,2013,982.2,256.0,20.6,11.8,0.26063938098147016,0.5728155339805825
https://openalex.org/A5031401811,Jessica Davies,0,AAAI,2012,128.0,218.8,5.8,6.6,1.709375,1.1379310344827587
https://openalex.org/A5074033455,Joey Scarr,0,CHI,2012,71.5,141.66666666666666,1.5,3.3333333333333335,1.9813519813519813,2.2222222222222223
https://openalex.org/A5089009282,Enrico Rukzio,0,CHI,2012,372.8,364.0,12.8,14.0,0.9763948497854077,1.09375
https://openalex.org/A5088791029,Emina Torlak,0,FSE,2012,214.4,336.6,2.0,7.6,1.5699626865671643,3.8
https://openalex.org/A5085699861,Stefanie Jegelka,0,ICML,2012,107.4,378.6,4.8,12.8,3.5251396648044695,2.666666666666667
https://openalex.org/A5069411288,ThanhVu Nguyen,0,ICSE,2012,484.8,37.6,2.4,1.4,0.07755775577557755,0.5833333333333334
https://openalex.org/A5020844039,Yonghee Shin,0,ICSE,2012,252.6,25.5,3.6,2.5,0.10095011876484561,0.6944444444444444
https://openalex.org/A5044070973,Thanawin Rakthanmanon,0,INFOCOM,2012,75.25,262.0,2.0,6.25,3.4817275747508307,3.125
https://openalex.org/A5034604991,Daniel Sadoc Menasché,0,INFOCOM,2012,95.8,139.8,3.6,10.2,1.4592901878914406,2.833333333333333
https://openalex.org/A5025138797,Abdullah Mueen,0,MOBICOM,2012,337.25,602.2,2.25,9.0,1.785618977020015,4.0
https://openalex.org/A5060287971,Barzan Mozafari,0,SIGMETRICS,2012,62.0,397.4,2.8,6.0,6.409677419354838,2.142857142857143
https://openalex.org/A5089579452,Avinatan Hassidim,0,SIGMETRICS,2012,831.6,67.0,5.6,4.2,0.08056758056758057,0.7500000000000001
https://openalex.org/A5022068777,Jonathan A. Kelner,0,SIGMETRICS,2012,240.75,154.2,6.0,4.0,0.6404984423676012,0.6666666666666666
https://openalex.org/A5032503782,Kai Zeng,0,SODA,2012,17.5,182.5,3.0,3.75,10.428571428571429,1.25
https://openalex.org/A5001781037,Samuel Fiorini,0,STOC,2012,60.2,80.0,7.2,8.2,1.3289036544850499,1.1388888888888888
https://openalex.org/A5050656871,Aniket Kittur,0,UIST,2012,1393.2,220.6,6.6,7.4,0.15834051105368935,1.1212121212121213
https://openalex.org/A5072006037,Neel Joshi,0,VLDB,2012,614.4,487.2,6.4,6.4,0.79296875,1.0
https://openalex.org/A5073770532,Anindya Ghose,0,WWW,2012,1310.0,673.8,12.8,12.2,0.5143511450381679,0.9531249999999999
https://openalex.org/A5003040843,Andreas Krause,0,AAAI,2011,2395.8,1688.4,11.8,23.0,0.70473328324568,1.9491525423728813
https://openalex.org/A5065790866,Marshini Chetty,0,CHI,2011,196.6,72.8,3.0,2.4,0.37029501525940994,0.7999999999999999
https://openalex.org/A5068413510,John Zimmerman,0,CHI,2011,987.0,567.6,9.2,10.6,0.5750759878419454,1.1521739130434783
https://openalex.org/A5039879761,Shwetak Patel,0,CHI,2011,957.0,962.6,8.8,12.6,1.0058516196447231,1.4318181818181817
https://openalex.org/A5111526267,Gu Xu,0,CVPR,2011,170.0,51.0,1.75,2.0,0.3,1.1428571428571428
https://openalex.org/A5008689083,Nikhil Bansal,0,FOCS,2011,621.0,193.6,16.0,16.8,0.3117552334943639,1.05
https://openalex.org/A5102985059,Yuanyuan Zhou,0,FSE,2011,473.8,140.6,7.2,2.6,0.29674968341072183,0.3611111111111111
https://openalex.org/A5057689302,Lucas C. Cordeiro,0,ICSE,2011,90.5,112.8,4.5,10.0,1.2464088397790054,2.2222222222222223
https://openalex.org/A5110505437,Mats P. E. Heimdahl,0,ICSE,2011,337.4,151.8,6.0,7.8,0.4499110847658566,1.3
https://openalex.org/A5100453049,Fang Liu,0,ICSE,2011,17.5,26.4,1.0,3.2,1.5085714285714285,3.2
https://openalex.org/A5050903632,Vincent Conitzer,0,IJCAI,2011,854.8,318.6,18.8,14.0,0.3727187646233037,0.7446808510638298
https://openalex.org/A5053541912,Kang G. Shin,0,MOBICOM,2011,1405.6,880.6,24.0,24.4,0.6264940239043826,1.0166666666666666
https://openalex.org/A5102861589,David P. Woodruff,0,PODS,2011,379.2,888.0,8.4,25.8,2.3417721518987342,3.071428571428571
https://openalex.org/A5079175103,Vyas Sekar,0,SIGCOMM,2011,334.8,2136.0,6.6,18.8,6.379928315412186,2.8484848484848486
https://openalex.org/A5005554337,Matei Zaharia,0,SIGCOMM,2011,4569.2,2674.4,3.8,11.0,0.5853103387901603,2.8947368421052633
https://openalex.org/A5032152448,Qi Guo,0,SIGIR,2011,146.8,241.0,7.0,15.8,1.6416893732970026,2.257142857142857
https://openalex.org/A5065974086,Maged N. Kamel Boulos,0,SOSP,2011,761.2,463.8,6.6,6.2,0.6093011035207567,0.9393939393939394
https://openalex.org/A5111498618,Steve Wheeler,0,SOSP,2011,788.2,133.0,5.8,2.5,0.16873889875666073,0.4310344827586207
https://openalex.org/A5070565287,Wenfei Fan,0,VLDB,2011,836.2,552.2,11.2,13.4,0.6603683329347046,1.1964285714285716
https://openalex.org/A5100387065,Jianzhong Li,0,VLDB,2011,647.4,647.8,35.2,40.4,1.0006178560395427,1.1477272727272725
https://openalex.org/A5000416532,Ashraf Aboulnaga,0,VLDB,2011,161.4,273.6,5.6,6.2,1.6951672862453533,1.1071428571428572
https://openalex.org/A5034370354,Matthew S. Gerber,0,AAAI,2010,2.0,260.8,3.0,4.4,130.4,1.4666666666666668
https://openalex.org/A5040959667,Scott Bateman,0,CHI,2010,114.25,233.8,3.0,4.4,2.0463894967177243,1.4666666666666668
https://openalex.org/A5088135366,Gerhard Weikum,0,CIKM,2010,2303.2,1149.8,49.0,29.4,0.4992184786384161,0.6
https://openalex.org/A5078587812,Nishant Sinha,0,FSE,2010,81.6,50.6,3.0,2.6,0.6200980392156863,0.8666666666666667
https://openalex.org/A5005255629,Alexander Gray,0,ICML,2010,321.2,224.5,7.4,11.0,0.6989414694894147,1.4864864864864864
https://openalex.org/A5089828454,Thomas Fritz,0,ICSE,2010,53.2,373.8,2.6,6.2,7.026315789473684,2.3846153846153846
https://openalex.org/A5069596903,Michael R. Lyu,0,ICSE,2010,2450.4,1820.8,38.4,30.4,0.7430623571661769,0.7916666666666666
https://openalex.org/A5084524791,Gail C. Murphy,0,ICSE,2010,1235.4,435.0,11.4,10.0,0.352112676056338,0.8771929824561403
https://openalex.org/A5019000951,Lixin Gao,0,INFOCOM,2010,682.4,630.0,17.0,27.6,0.9232121922626026,1.6235294117647059
https://openalex.org/A5027819738,Peter D. Turney,0,KDD,2010,259.0,824.5,3.2,3.25,3.1833976833976836,1.015625
https://openalex.org/A5069852764,Guohan Lu,0,NSDI,2010,762.0,229.4,3.6666666666666665,2.4,0.3010498687664042,0.6545454545454545
https://openalex.org/A5105884694,Michael D. Day,0,OSDI,2010,10.0,,1.0,,,
https://openalex.org/A5010031675,Amittai Aviram,0,OSDI,2010,3.0,25.5,2.0,1.5,8.5,0.75
https://openalex.org/A5089439033,Benny Pinkas,0,S&P,2010,842.6,418.0,4.8,5.6,0.4960835509138381,1.1666666666666667
https://openalex.org/A5068276075,Margarita Osadchy,0,SIGCOMM,2010,71.75,29.5,2.0,1.75,0.41114982578397213,0.875
https://openalex.org/A5114985944,Haifeng Yu,0,SIGCOMM,2010,12.2,69.8,1.6,4.8,5.721311475409836,2.9999999999999996
https://openalex.org/A5017359920,D. Manjunath,0,SIGMOD,2010,116.4,36.4,11.6,8.8,0.3127147766323024,0.7586206896551725
https://openalex.org/A5101667271,Changkyu Kim,0,SODA,2010,370.6,181.6,3.6,4.2,0.4900161899622234,1.1666666666666667
https://openalex.org/A5051676245,Rahul Jain,0,STOC,2010,86.8,106.6,10.4,10.4,1.228110599078341,1.0
https://openalex.org/A5034276567,Fabrizio Grandoni,0,UIST,2010,369.6,163.6,9.6,8.4,0.4426406926406926,0.8750000000000001
https://openalex.org/A5051693368,André F. T. Martins,0,ACL,2009,51.0,120.4,4.4,6.0,2.3607843137254902,1.3636363636363635
https://openalex.org/A5004921249,Dan Klein,0,ACL,2009,1060.4,780.0,9.6,12.8,0.7355714824594493,1.3333333333333335
https://openalex.org/A5101874838,Dawei Qi,0,FSE,2009,821.6666666666666,298.2,10.0,11.8,0.362920892494929,1.1800000000000002
https://openalex.org/A5084611756,Zhenkai Liang,0,FSE,2009,351.4,256.4,2.6,6.8,0.7296528173022196,2.6153846153846154
https://openalex.org/A5068077704,Tony Jebara,0,ICML,2009,475.8,220.6,9.0,9.0,0.4636401849516603,1.0
https://openalex.org/A5035314009,Changhee Joo,0,INFOCOM,2009,158.0,195.0,4.2,7.2,1.2341772151898733,1.7142857142857142
https://openalex.org/A5113974966,Yehuda Koren,0,MOBICOM,2009,2191.0,1441.5,7.6,8.0,0.6579187585577362,1.0526315789473684
https://openalex.org/A5023962451,Shravan Rayanchu,0,MOBICOM,2009,211.75,174.5,3.25,3.75,0.8240850059031877,1.1538461538461537
https://openalex.org/A5089709469,John Mellor‐Crummey,0,PODS,2009,352.4,181.2,9.2,8.8,0.5141884222474461,0.9565217391304349
https://openalex.org/A5112443217,Ranveer Chandra,0,SIGCOMM,2009,1076.0,737.8,9.0,7.2,0.6856877323420074,0.8
https://openalex.org/A5059686266,Jatin Chhugani,0,SIGMOD,2009,255.66666666666666,915.0,4.0,7.333333333333333,3.5788787483702738,1.8333333333333333
https://openalex.org/A5086535374,Chris Peikert,0,SOSP,2009,277.4,1978.4,3.2,10.4,7.131939437635185,3.25
https://openalex.org/A5033577488,Malte Helmert,0,AAAI,2008,223.25,313.8,3.0,8.0,1.405599104143337,2.6666666666666665
https://openalex.org/A5086377685,Jacob O. Wobbrock,0,CHI,2008,630.4,1970.2,6.0,14.6,3.125317258883249,2.433333333333333
https://openalex.org/A5023381858,Edward Cutrell,0,CHI,2008,425.8,446.4,4.0,9.6,1.0483795209018318,2.4
https://openalex.org/A5001534492,Philip H. S. Torr,0,CVPR,2008,807.0,558.6,10.4,6.8,0.6921933085501859,0.6538461538461539
https://openalex.org/A5068085751,Christoph H. Lampert,0,CVPR,2008,72.2,1412.2,3.0,7.6,19.559556786703602,2.533333333333333
https://openalex.org/A5041545934,Ran Raz,0,FOCS,2008,340.2,177.6,9.2,7.8,0.5220458553791887,0.8478260869565218
https://openalex.org/A5009460574,Franco Raimondi,0,FSE,2008,155.2,117.2,5.2,4.0,0.7551546391752578,0.7692307692307692
https://openalex.org/A5043357999,James Skene,0,FSE,2008,110.0,26.666666666666668,3.2,1.0,0.24242424242424243,0.3125
https://openalex.org/A5109802122,Wolfgang Emmerich,0,FSE,2008,221.2,36.2,11.8,6.8,0.16365280289330925,0.5762711864406779
https://openalex.org/A5078263052,Shai Shalev‐Shwartz,0,ICSE,2008,776.8,1468.8,4.4,11.6,1.890834191555098,2.6363636363636362
https://openalex.org/A5049420901,Deepak Agarwal,0,KDD,2008,451.25,369.4,3.75,8.8,0.8186149584487534,2.3466666666666667
https://openalex.org/A5103478273,James W. Anderson,0,NSDI,2008,179.66666666666666,41.75,2.3333333333333335,1.25,0.23237476808905383,0.5357142857142857
https://openalex.org/A5100444874,Yuan Yu,0,OSDI,2008,772.0,261.8,3.5,4.0,0.339119170984456,1.1428571428571428
https://openalex.org/A5100319624,Sangmin Lee,0,OSDI,2008,5.25,51.6,2.0,5.6,9.82857142857143,2.8
https://openalex.org/A5111537551,Dawson Engler,0,OSDI,2008,850.2,235.25,6.8,2.75,0.2766996000940955,0.40441176470588236
https://openalex.org/A5041825861,Phokion G. Kolaitis,0,PODS,2008,654.8,251.0,8.6,9.6,0.3833231521075138,1.1162790697674418
https://openalex.org/A5110209646,Uwe Röhm,0,SIGMOD,2008,38.0,90.25,4.0,3.75,2.375,0.9375
https://openalex.org/A5071016611,Moses Charikar,0,WWW,2008,1190.6,407.8,11.0,7.8,0.3425163782966572,0.7090909090909091
https://openalex.org/A5088276691,Manuela Veloso,0,AAAI,2007,1152.6,1274.0,28.0,23.0,1.1053270865868472,0.8214285714285714
https://openalex.org/A5090002679,James F. Allen,0,AAAI,2007,295.2,149.8,12.2,8.8,0.5074525745257453,0.7213114754098362
https://openalex.org/A5055522213,Daniel Vogel,0,ACL,2007,238.6,219.6,1.0,3.8,0.9203688181056161,3.8
https://openalex.org/A5010621134,Patrick Baudisch,0,CHI,2007,705.4,600.6,11.0,8.0,0.8514318117380211,0.7272727272727273
https://openalex.org/A5077436220,Alexei A. Efros,0,CVPR,2007,1561.25,2107.4,4.5,9.4,1.3498158526821458,2.088888888888889
https://openalex.org/A5075246991,Martial Hebert,0,CVPR,2007,2163.8,1978.0,23.6,17.6,0.9141325445974673,0.7457627118644068
https://openalex.org/A5050855162,Mihai Christodorescu,0,FSE,2007,476.5,190.2,2.75,4.0,0.3991605456453305,1.4545454545454546
https://openalex.org/A5088826068,Somesh Jha,0,FSE,2007,1233.0,469.0,8.2,11.2,0.38037307380373075,1.3658536585365855
https://openalex.org/A5108192370,Gruia-Catalin Roman,0,FSE,2007,317.2,168.8,11.2,6.2,0.532156368221942,0.5535714285714286
https://openalex.org/A5053915453,Ronan Collobert,0,ICML,2007,572.25,4702.8,3.5,4.8,8.218086500655309,1.3714285714285714
https://openalex.org/A5010665785,P. Thomas Fletcher,0,ICML,2007,467.8,494.4,4.6,8.6,1.0568619067977767,1.8695652173913044
https://openalex.org/A5076635608,Jason Weston,0,ICML,2007,4854.2,5045.2,10.0,8.6,1.0393473692884512,0.86
https://openalex.org/A5074393374,Shiva Nejati,0,ICSE,2007,55.0,100.4,2.3333333333333335,3.6,1.8254545454545457,1.5428571428571427
https://openalex.org/A5059244952,Martin P. Robillard,0,ICSE,2007,261.2,617.6,6.0,8.2,2.3644716692189895,1.3666666666666665
https://openalex.org/A5033848427,Duc Nghia Pham,0,IJCAI,2007,53.5,45.0,2.75,2.6,0.8411214953271028,0.9454545454545454
https://openalex.org/A5103038181,Calvin Lin,0,PLDI,2007,291.8,139.2,5.6,9.4,0.47703906785469496,1.6785714285714288
https://openalex.org/A5060789723,Atul Adya,0,SIGMOD,2007,872.75,50.333333333333336,4.5,1.3333333333333333,0.057672109233266496,0.2962962962962963
https://openalex.org/A5108676493,Philip A. Bernstein,0,SIGMOD,2007,547.2,383.2,8.2,9.8,0.7002923976608186,1.1951219512195124
https://openalex.org/A5019483717,Marcos K. Aguilera,0,SOSP,2007,398.8,113.6,4.4,6.6,0.2848545636910732,1.4999999999999998
https://openalex.org/A5079770095,Arif Merchant,0,SOSP,2007,251.8,177.0,5.8,4.0,0.7029388403494837,0.6896551724137931
https://openalex.org/A5052643589,Martin Fürer,0,STOC,2007,26.0,64.0,2.5,3.6,2.4615384615384617,1.44
https://openalex.org/A5076189854,Michael S. Bernstein,0,UIST,2007,124.33333333333333,660.6,1.3333333333333333,10.2,5.313136729222521,7.6499999999999995
https://openalex.org/A5031564691,Steve Hodges,0,VLDB,2007,177.6,1697.2,4.8,7.8,9.556306306306308,1.625
https://openalex.org/A5005887313,Brad A. Myers,0,CHI,2006,1322.2,844.4,17.6,16.8,0.6386325820602027,0.9545454545454545
https://openalex.org/A5102113183,Matthias Bender,0,CIKM,2006,133.33333333333334,43.8,6.666666666666667,3.2,0.32849999999999996,0.48
https://openalex.org/A5086757331,Matthew B. Dwyer,0,FSE,2006,392.0,455.2,13.0,10.0,1.1612244897959183,0.7692307692307693
https://openalex.org/A5025318877,Sebastian Elbaum,0,FSE,2006,992.75,298.8,9.0,9.6,0.3009821203727021,1.0666666666666667
https://openalex.org/A5047852703,Betty H. C. Cheng,0,ICSE,2006,472.8,559.8,13.4,12.6,1.1840101522842639,0.9402985074626865
https://openalex.org/A5005556081,Fay W. Chang,0,OSDI,2006,91.0,3430.0,2.5,1.0,37.69230769230769,0.4
https://openalex.org/A5043872671,Jay B. Dean,0,OSDI,2006,422.4,5170.2,7.4,10.6,12.240056818181818,1.4324324324324322
https://openalex.org/A5037538509,Ramesh K. Sitaraman,0,SIGMETRICS,2006,344.4,266.5,4.4,4.0,0.7738095238095238,0.9090909090909091
https://openalex.org/A5036587377,Eytan Modiano,0,SIGMOD,2006,974.6,709.4,20.6,17.0,0.7278883644572132,0.8252427184466019
https://openalex.org/A5111426489,Windsor W. Hsu,0,VLDB,2006,50.0,14.5,1.4,1.5,0.29,1.0714285714285714
https://openalex.org/A5045188560,Allison Woodruff,0,CHI,2005,484.4,331.2,8.6,4.8,0.6837324525185797,0.5581395348837209
https://openalex.org/A5031957633,Claire O’Malley,0,CHI,2005,373.2,537.0,4.8,6.8,1.4389067524115755,1.4166666666666667
https://openalex.org/A5111618543,Günter Oberdörster,0,FOCS,2005,1703.2,2141.6,7.2,10.8,1.2573978393612024,1.5
https://openalex.org/A5034123811,Reid Holmes,0,ICSE,2005,43.0,114.4,1.0,4.6,2.66046511627907,4.6
https://openalex.org/A5059017058,Vikram Adve,0,PLDI,2005,704.4,489.8,7.4,7.0,0.69534355479841,0.9459459459459459
https://openalex.org/A5011691423,Marcelo Arenas,0,PODS,2005,360.0,551.4,5.0,10.8,1.5316666666666665,2.16
https://openalex.org/A5110237883,Manuel Costa,0,SOSP,2005,181.0,227.8,3.0,3.4,1.2585635359116023,1.1333333333333333
https://openalex.org/A5000977391,Jason Flinn,0,SOSP,2005,314.2,302.4,3.4,7.4,0.962444302991725,2.1764705882352944
https://openalex.org/A5113637223,Amol Deshpande,0,VLDB,2005,751.8,482.2,4.0,8.0,0.6413939877627028,2.0
https://openalex.org/A5074323303,Torsten Suel,0,WWW,2005,310.4,362.4,4.4,7.6,1.1675257731958764,1.727272727272727
https://openalex.org/A5011219888,Vincent Cicirello,0,AAAI,2004,162.8,67.4,5.0,3.6,0.414004914004914,0.72
https://openalex.org/A5003705762,Rob Koeling,0,ACL,2004,71.0,58.5,2.75,1.75,0.823943661971831,0.6363636363636364
https://openalex.org/A5100836787,Prasan Roy,0,CIKM,2004,246.6,48.2,3.0,2.4,0.19545823195458234,0.7999999999999999
https://openalex.org/A5061002947,Sourav S. Bhowmick,0,CVPR,2004,202.6,142.0,9.4,14.4,0.700888450148075,1.5319148936170213
https://openalex.org/A5081852077,Yuval Ishai,0,FOCS,2004,819.4,894.6,6.4,10.2,1.0917744691237492,1.5937499999999998
https://openalex.org/A5046441603,Axel van Lamsweerde,0,FSE,2004,1197.0,349.4,6.75,3.8,0.2918964076858814,0.5629629629629629
https://openalex.org/A5036104549,Eyal Kushilevitz,0,FSE,2004,966.8,527.6,8.4,8.0,0.5457178320231693,0.9523809523809523
https://openalex.org/A5103963080,Richard N. Taylor,0,ICSE,2004,2391.8,257.4,7.2,7.0,0.10761769378710592,0.9722222222222222
https://openalex.org/A5100712511,Wei Zhao,0,ICSE,2004,1.0,59.4,1.0,2.2,59.4,2.2
https://openalex.org/A5079870557,Milan Vojnović,0,INFOCOM,2004,71.6,548.6,4.0,6.8,7.662011173184358,1.7
https://openalex.org/A5078716556,Abbas El Gamal,0,KDD,2004,766.8,611.8,11.2,11.2,0.7978612415232134,1.0
https://openalex.org/A5072740120,Michael M. Swift,0,OSDI,2004,152.0,413.8,3.25,5.8,2.7223684210526318,1.7846153846153845
https://openalex.org/A5007866098,Ian Ruthven,0,SIGIR,2004,279.6,178.2,8.0,9.4,0.6373390557939913,1.175
https://openalex.org/A5028518494,ChengXiang Zhai,0,SIGIR,2004,648.4,2267.6,4.6,24.2,3.4972239358420727,5.260869565217392
https://openalex.org/A5007698196,Laurent Massoulié,0,SIGMETRICS,2004,671.2,919.6,6.4,13.8,1.370083432657926,2.15625
https://openalex.org/A5113567130,Raymond T. Ng,0,SIGMOD,2004,2773.0,572.0,11.8,12.8,0.20627479264334656,1.0847457627118644
https://openalex.org/A5102744844,Arun Iyengar,0,WWW,2004,271.8,202.6,8.8,8.8,0.7454010301692421,1.0
https://openalex.org/A5055430403,I. Budak Arpinar,0,WWW,2004,150.25,285.0,1.75,5.0,1.896838602329451,2.857142857142857
https://openalex.org/A5046006076,Christopher D. Manning,0,ACL,2003,2890.0,4942.4,14.8,26.0,1.7101730103806227,1.7567567567567566
https://openalex.org/A5109964078,Justine Cassell,0,ACL,2003,1522.4,343.0,12.4,7.2,0.22530215449290592,0.5806451612903226
https://openalex.org/A5026825380,Pietro Perona,0,CVPR,2003,883.8,4981.6,13.0,13.2,5.636569359583617,1.0153846153846153
https://openalex.org/A5103266587,Andreǐ A. Bulatov,0,FOCS,2003,41.25,155.0,2.25,2.25,3.757575757575758,1.0
https://openalex.org/A5113533321,Stan Jarzabek,0,FSE,2003,72.4,179.0,6.0,7.6,2.4723756906077345,1.2666666666666666
https://openalex.org/A5047746948,Mary Lou Soffa,0,FSE,2003,432.8,335.8,9.6,8.0,0.7758780036968577,0.8333333333333334
https://openalex.org/A5042310818,Paul Viola,0,ICCV,2003,1111.4,7428.0,4.0,5.6,6.683462299802051,1.4
https://openalex.org/A5074843339,Xiang-Rong Chen,0,ICCV,2003,74.0,574.2,5.8,24.2,7.75945945945946,4.172413793103448
https://openalex.org/A5086706224,Alan Yuille,0,ICCV,2003,722.2,515.0,11.6,16.6,0.7130988645804486,1.4310344827586208
https://openalex.org/A5110048758,E. M. Clarke,0,ICSE,2003,382.0,141.0,4.4,2.5,0.36910994764397903,0.5681818181818181
https://openalex.org/A5081289768,Mark A. Paskin,0,IJCAI,2003,134.5,243.5,2.5,2.25,1.8104089219330854,0.9
https://openalex.org/A5055710645,Jon Kleinberg,0,KDD,2003,5183.8,3940.6,14.0,16.0,0.7601759327134534,1.1428571428571428
https://openalex.org/A5068028533,David Scott,0,WWW,2003,177.0,169.6,3.6666666666666665,4.2,0.9581920903954801,1.1454545454545455
https://openalex.org/A5010857944,Jennifer Widom,0,WWW,2003,2606.2,1357.4,16.6,11.4,0.5208349320850281,0.6867469879518072
https://openalex.org/A5038153180,Yukiko Nakano,0,ACL,2002,43.6,85.6,1.8,7.8,1.9633027522935778,4.333333333333333
https://openalex.org/A5012311701,Peter Marbach,0,KDD,2002,211.2,297.8,2.8,7.4,1.410037878787879,2.6428571428571432
https://openalex.org/A5005380528,Eugene Charniak,0,ACL,2001,778.4,528.6,5.0,4.2,0.6790853031860227,0.8400000000000001
https://openalex.org/A5106821597,Kevin Knight,0,ACL,2001,919.4,1479.2,9.8,17.4,1.6088753534914075,1.7755102040816324
https://openalex.org/A5101657518,Andrew Blake,0,ICCV,2001,125.6,3215.8,2.2,10.4,25.60350318471338,4.727272727272727
https://openalex.org/A5064857767,Andrew T. Campbell,0,KDD,2001,590.8,1368.8,10.6,17.4,2.3168584969532837,1.641509433962264
https://openalex.org/A5101903922,Christoph Koch,0,PODS,2001,53.333333333333336,436.6,3.0,11.0,8.18625,3.6666666666666665
https://openalex.org/A5111929449,Thomas P. Minka,0,SIGIR,2001,659.5,899.4,3.25,4.6,1.3637604245640635,1.4153846153846152
https://openalex.org/A5113509258,Kaushik Chakrabarti,0,SIGMOD,2001,271.0,156.8,3.0,2.2,0.5785977859778598,0.7333333333333334
https://openalex.org/A5087649192,Barbara Liskov,0,SOSP,2001,1462.25,1133.0,8.0,10.4,0.7748333048384339,1.3
https://openalex.org/A5103114181,Saul Greenberg,0,UIST,2001,1046.4,957.4,11.2,17.2,0.914946483180428,1.5357142857142858
https://openalex.org/A5048612724,Lorenzo Alvisi,0,WWW,2001,108.8,1203.4,2.6,8.8,11.060661764705884,3.3846153846153846
https://openalex.org/A5005020376,Daniel Marcu,0,AAAI,2000,298.8,2047.0,4.2,12.0,6.850736278447122,2.857142857142857
https://openalex.org/A5109860022,Mischa Schwartz,0,INFOCOM,2000,154.0,215.0,2.5,4.75,1.396103896103896,1.9
https://openalex.org/A5029055674,Evelyn Duesterwald,0,OSDI,2000,86.0,80.0,1.5,2.5,0.9302325581395349,1.6666666666666667
https://openalex.org/A5070068025,Sanjeev Banerjia,0,OSDI,2000,53.8,202.0,1.8,6.0,3.754646840148699,3.333333333333333
https://openalex.org/A5048204602,Dan Suciu,0,SIGMOD,2000,1193.4,1082.2,12.2,15.0,0.9068208479973185,1.2295081967213115
https://openalex.org/A5078491738,Prabhakar Raghavan,0,WWW,2000,3237.8,1519.2,13.6,13.0,0.4692074865649515,0.9558823529411765
