conference,award_year,work_id,cited_by_count,type
AAAI,2018,https://openalex.org/W2788603415,20,award
ACL,2018,https://openalex.org/W2798397965,18,award
CHI,2018,https://openalex.org/W4255717503,41,award
CHI,2018,https://openalex.org/W2796063124,98,award
CHI,2018,https://openalex.org/W2796122895,39,award
CHI,2018,https://openalex.org/W2795736453,66,award
CHI,2018,https://openalex.org/W2795908329,205,award
CHI,2018,https://openalex.org/W2795389852,139,award
CHI,2018,https://openalex.org/W2807472134,19,award
CHI,2018,https://openalex.org/W2795429875,85,award
CHI,2018,https://openalex.org/W2795442664,60,award
CHI,2018,https://openalex.org/W2795552328,117,award
CHI,2018,https://openalex.org/W2795651511,204,award
CHI,2018,https://openalex.org/W2796034586,178,award
CHI,2018,https://openalex.org/W2795953912,46,award
FOCS,2018,https://openalex.org/W2963124215,164,award
FOCS,2018,https://openalex.org/W2787022562,71,award
FSE,2018,https://openalex.org/W2899462170,95,award
FSE,2018,https://openalex.org/W2899510293,51,award
ICML,2018,https://openalex.org/W2787708942,1163,award
ICML,2018,https://openalex.org/W2790697880,21,award
ICSE,2018,https://openalex.org/W2784669118,113,award
ICSE,2018,https://openalex.org/W2799943342,0,award
ICSE,2018,https://openalex.org/W2794694213,44,award
ICSE,2018,https://openalex.org/W2795338679,88,award
ICSE,2018,https://openalex.org/W2794901250,28,award
ICSE,2018,https://openalex.org/W2964064835,94,award
IJCAI,2018,https://openalex.org/W2800007566,21,award
IJCAI,2018,https://openalex.org/W2808551187,58,award
INFOCOM,2018,https://openalex.org/W2792261072,207,award
INFOCOM,2018,https://openalex.org/W2789643397,9,award
INFOCOM,2018,https://openalex.org/W2791487310,298,award
KDD,2018,https://openalex.org/W2803831897,962,award
MOBICOM,2018,https://openalex.org/W2963620539,8,award
NeurIPS,2018,https://openalex.org/W2807548807,79,award
NeurIPS,2018,https://openalex.org/W2808746463,566,award
NSDI,2018,https://openalex.org/W2798641544,162,award
OSDI,2018,https://openalex.org/W2897044322,37,award
OSDI,2018,https://openalex.org/W2899396876,182,award
OSDI,2018,https://openalex.org/W2898817152,9,award
S&P,2018,https://openalex.org/W2787222284,70,award
SIGIR,2018,https://openalex.org/W2799048248,128,award
SIGMOD,2018,https://openalex.org/W2798891709,155,award
SODA,2018,https://openalex.org/W2793481095,91,award
UIST,2018,https://openalex.org/W2896381102,55,award
UIST,2018,https://openalex.org/W2896806675,16,award
UIST,2018,https://openalex.org/W2897456565,88,award
ACL,2017,https://openalex.org/W2611715906,10,award
CHI,2017,https://openalex.org/W2610214088,77,award
CHI,2017,https://openalex.org/W4300093098,60,award
CHI,2017,https://openalex.org/W2767327746,1237,award
CHI,2017,https://openalex.org/W2778244123,36,award
CHI,2017,https://openalex.org/W2611579020,289,award
CHI,2017,https://openalex.org/W2611667142,57,award
CHI,2017,https://openalex.org/W2610874624,74,award
CHI,2017,https://openalex.org/W2610281177,157,award
CHI,2017,https://openalex.org/W2558581619,50,award
CHI,2017,https://openalex.org/W2610414453,116,award
CHI,2017,https://openalex.org/W2610850748,54,award
CHI,2017,https://openalex.org/W2603410158,1026,award
CIKM,2017,https://openalex.org/W2767692092,50,award
CVPR,2017,https://openalex.org/W2567101557,195,award
FSE,2017,https://openalex.org/W2741400146,32,award
FSE,2017,https://openalex.org/W2741643261,56,award
FSE,2017,https://openalex.org/W2740295334,196,award
FSE,2017,https://openalex.org/W2730550703,390,award
FSE,2017,https://openalex.org/W2741221537,14,award
FSE,2017,https://openalex.org/W2741422284,56,award
ICCV,2017,https://openalex.org/W2963150697,28027,award
ICSE,2017,https://openalex.org/W2620436109,60,award
ICSE,2017,https://openalex.org/W2616911398,47,award
ICSE,2017,https://openalex.org/W2616911396,127,award
ICSE,2017,https://openalex.org/W2590575400,34,award
INFOCOM,2017,https://openalex.org/W2761021290,86,award
NeurIPS,2017,https://openalex.org/W2944407464,115,award
PLDI,2017,https://openalex.org/W2731280337,26,award
PLDI,2017,https://openalex.org/W2626631502,154,award
PLDI,2017,https://openalex.org/W2562114628,34,award
PLDI,2017,https://openalex.org/W2625141509,492,award
S&P,2017,https://openalex.org/W2618267215,185,award
SIGCOMM,2017,https://openalex.org/W2743093301,249,award
SIGIR,2017,https://openalex.org/W2970128991,0,award
SOSP,2017,https://openalex.org/W2760356198,22,award
SOSP,2017,https://openalex.org/W2909865272,15,award
UIST,2017,https://openalex.org/W2765855860,17,award
UIST,2017,https://openalex.org/W2739069594,62,award
VLDB,2017,https://openalex.org/W2583856578,30,award
AAAI,2016,https://openalex.org/W2555956881,1,award
ACL,2016,https://openalex.org/W2515120005,24,award
CHI,2016,https://openalex.org/W2225313775,55,award
CHI,2016,https://openalex.org/W2402642969,111,award
CHI,2016,https://openalex.org/W2405564622,319,award
CHI,2016,https://openalex.org/W2582468434,1,award
CHI,2016,https://openalex.org/W2351491323,134,award
CHI,2016,https://openalex.org/W2408438722,124,award
CHI,2016,https://openalex.org/W2402939184,122,award
CHI,2016,https://openalex.org/W2396533648,71,award
CHI,2016,https://openalex.org/W2394670422,169,award
CHI,2016,https://openalex.org/W2400341429,45,award
CHI,2016,https://openalex.org/W2396662988,35,award
CHI,2016,https://openalex.org/W2398012670,105,award
CIKM,2016,https://openalex.org/W2537475616,82,award
FSE,2016,https://openalex.org/W2548627465,164,award
FSE,2016,https://openalex.org/W2546949415,69,award
FSE,2016,https://openalex.org/W2546851909,34,award
FSE,2016,https://openalex.org/W2476494490,273,award
ICML,2016,https://openalex.org/W2953318193,1304,award
ICML,2016,https://openalex.org/W2949816416,20,award
ICSE,2016,https://openalex.org/W2344496621,124,award
ICSE,2016,https://openalex.org/W2393286498,17,award
ICSE,2016,https://openalex.org/W2367183013,21,award
ICSE,2016,https://openalex.org/W2381207137,11,award
IJCAI,2016,https://openalex.org/W2552810632,1124,award
KDD,2016,https://openalex.org/W2348679751,291,award
NSDI,2016,https://openalex.org/W2583834843,97,award
OSDI,2016,https://openalex.org/W2576393274,57,award
PLDI,2016,https://openalex.org/W2414762192,85,award
PLDI,2016,https://openalex.org/W2413028252,45,award
PLDI,2016,https://openalex.org/W2386500332,20,award
PLDI,2016,https://openalex.org/W2408975894,7,award
PODS,2016,https://openalex.org/W2963560792,173,award
SIGCOMM,2016,https://openalex.org/W2488265751,149,award
STOC,2016,https://openalex.org/W2963024133,49,award
STOC,2016,https://openalex.org/W2397754814,17,award
UIST,2016,https://openalex.org/W2537074996,77,award
UIST,2016,https://openalex.org/W2533619018,251,award
UIST,2016,https://openalex.org/W2538172027,256,award
ACL,2015,https://openalex.org/W2137231986,8,award
CHI,2015,https://openalex.org/W1974329625,130,award
CHI,2015,https://openalex.org/W2077940530,124,award
CHI,2015,https://openalex.org/W2114469472,95,award
CHI,2015,https://openalex.org/W2171206549,179,award
CHI,2015,https://openalex.org/W2071865879,44,award
CHI,2015,https://openalex.org/W1972988737,121,award
CHI,2015,https://openalex.org/W2163444123,357,award
CHI,2015,https://openalex.org/W2040372247,65,award
CHI,2015,https://openalex.org/W2193303691,13,award
CHI,2015,https://openalex.org/W2071620178,202,award
CHI,2015,https://openalex.org/W1964639420,30,award
CIKM,2015,https://openalex.org/W2068176125,62,award
FSE,2015,https://openalex.org/W2053553342,30,award
FSE,2015,https://openalex.org/W2136601052,105,award
FSE,2015,https://openalex.org/W2063535228,83,award
FSE,2015,https://openalex.org/W2079877139,70,award
FSE,2015,https://openalex.org/W2027701108,30,award
ICSE,2015,https://openalex.org/W4239863959,132,award
ICSE,2015,https://openalex.org/W4238398178,43,award
IJCAI,2015,https://openalex.org/W2399956932,0,award
IJCAI,2015,https://openalex.org/W2497473102,32,award
INFOCOM,2015,https://openalex.org/W1591399774,74,award
MOBICOM,2015,https://openalex.org/W2538862502,2,award
NeurIPS,2015,https://openalex.org/W2187207766,52,award
PLDI,2015,https://openalex.org/W2061091230,159,award
PODS,2015,https://openalex.org/W2070021346,9,award
S&P,2015,https://openalex.org/W2580339477,30,award
SIGCOMM,2015,https://openalex.org/W2094739364,145,award
SIGMETRICS,2015,https://openalex.org/W3212975581,33,award
SIGMOD,2015,https://openalex.org/W2092799168,218,award
SOSP,2015,https://openalex.org/W2902547091,45,award
SOSP,2015,https://openalex.org/W2073742357,197,award
STOC,2015,https://openalex.org/W2082224527,27,award
STOC,2015,https://openalex.org/W2033498419,63,award
UIST,2015,https://openalex.org/W2197150605,136,award
UIST,2015,https://openalex.org/W2176017127,253,award
UIST,2015,https://openalex.org/W2271345687,132,award
CHI,2014,https://openalex.org/W2137864660,381,award
CHI,2014,https://openalex.org/W2005511465,33,award
CHI,2014,https://openalex.org/W2094690640,159,award
CHI,2014,https://openalex.org/W2155058526,650,award
CHI,2014,https://openalex.org/W2125898659,278,award
CHI,2014,https://openalex.org/W2140006089,38,award
CHI,2014,https://openalex.org/W2047781873,78,award
CHI,2014,https://openalex.org/W2106612861,97,award
CIKM,2014,https://openalex.org/W2061985103,50,award
FSE,2014,https://openalex.org/W2158356994,22,award
FSE,2014,https://openalex.org/W2140609933,376,award
FSE,2014,https://openalex.org/W2041235686,14,award
FSE,2014,https://openalex.org/W2135937266,584,award
ICSE,2014,https://openalex.org/W2056659466,55,award
ICSE,2014,https://openalex.org/W2095839586,272,award
ICSE,2014,https://openalex.org/W1970005004,216,award
ICSE,2014,https://openalex.org/W2113610359,190,award
ICSE,2014,https://openalex.org/W2086186328,44,award
ICSE,2014,https://openalex.org/W2090907135,64,award
INFOCOM,2014,https://openalex.org/W2421692426,7,award
KDD,2014,https://openalex.org/W2052261215,223,award
MOBICOM,2014,https://openalex.org/W2069973845,735,award
NeurIPS,2014,https://openalex.org/W2170892587,10570,award
OSDI,2014,https://openalex.org/W2169414316,306,award
PLDI,2014,https://openalex.org/W2170737051,365,award
PLDI,2014,https://openalex.org/W2057510141,50,award
S&P,2014,https://openalex.org/W2302922559,80,award
SIGCOMM,2014,https://openalex.org/W4240983449,13,award
SIGCOMM,2014,https://openalex.org/W4254522945,157,award
SODA,2014,https://openalex.org/W2278710066,150,award
UIST,2014,https://openalex.org/W2028953510,220,award
UIST,2014,https://openalex.org/W2144575742,150,award
VLDB,2014,https://openalex.org/W2243512312,65,award
VLDB,2014,https://openalex.org/W2294510862,92,award
VLDB,2014,https://openalex.org/W2797202077,40,award
VLDB,2014,https://openalex.org/W3009330983,12,award
WWW,2014,https://openalex.org/W2060170830,60,award
AAAI,2013,https://openalex.org/W2186424956,3,award
AAAI,2013,https://openalex.org/W2215753997,12,award
ACL,2013,https://openalex.org/W2136985729,113,award
CHI,2013,https://openalex.org/W2052209137,175,award
CHI,2013,https://openalex.org/W2128640376,31,award
CHI,2013,https://openalex.org/W4241693488,31,award
CHI,2013,https://openalex.org/W1986345088,190,award
CHI,2013,https://openalex.org/W2147603330,759,award
CHI,2013,https://openalex.org/W2007644286,135,award
CHI,2013,https://openalex.org/W4243991703,106,award
CHI,2013,https://openalex.org/W2056225838,106,award
CHI,2013,https://openalex.org/W1997652918,3,award
CIKM,2013,https://openalex.org/W2003513631,40,award
CVPR,2013,https://openalex.org/W2337673916,1,award
ICCV,2013,https://openalex.org/W2135166986,103,award
ICML,2013,https://openalex.org/W108223363,26,award
ICSE,2013,https://openalex.org/W4213086105,30,award
ICSE,2013,https://openalex.org/W4239177305,31,award
ICSE,2013,https://openalex.org/W4237335675,119,award
ICSE,2013,https://openalex.org/W4246552097,63,award
ICSE,2013,https://openalex.org/W4255632703,430,award
INFOCOM,2013,https://openalex.org/W1974066983,90,award
MOBICOM,2013,https://openalex.org/W2141336889,1100,award
PLDI,2013,https://openalex.org/W2157216158,67,award
PLDI,2013,https://openalex.org/W2048025009,121,award
PLDI,2013,https://openalex.org/W2063553958,11,award
PODS,2013,https://openalex.org/W2046261894,17,award
SODA,2013,https://openalex.org/W4238411931,85,award
SOSP,2013,https://openalex.org/W1976821017,947,award
UIST,2013,https://openalex.org/W2150549828,333,award
VLDB,2013,https://openalex.org/W2033201131,81,award
WWW,2013,https://openalex.org/W2127411301,348,award
AAAI,2012,https://openalex.org/W2293636571,27,award
AAAI,2012,https://openalex.org/W1512874001,119,award
CHI,2012,https://openalex.org/W2136345490,97,award
CHI,2012,https://openalex.org/W2166132393,63,award
CHI,2012,https://openalex.org/W2047883041,132,award
CHI,2012,https://openalex.org/W1974923332,39,award
FSE,2012,https://openalex.org/W2148787816,118,award
ICML,2012,https://openalex.org/W2161340280,113,award
ICSE,2012,https://openalex.org/W3146113246,70,award
ICSE,2012,https://openalex.org/W3161167621,11,award
ICSE,2012,https://openalex.org/W3142903977,86,award
ICSE,2012,https://openalex.org/W2112351052,165,award
ICSE,2012,https://openalex.org/W3149109633,89,award
INFOCOM,2012,https://openalex.org/W1969844906,156,award
KDD,2012,https://openalex.org/W2099302229,1023,award
MOBICOM,2012,https://openalex.org/W2154346544,66,award
SIGMETRICS,2012,https://openalex.org/W2101221989,196,award
SODA,2012,https://openalex.org/W1995509853,35,award
STOC,2012,https://openalex.org/W1988508518,70,award
UIST,2012,https://openalex.org/W2010127311,56,award
VLDB,2012,https://openalex.org/W2953102514,103,award
WWW,2012,https://openalex.org/W1982139456,120,award
AAAI,2011,https://openalex.org/W57159709,71,award
AAAI,2011,https://openalex.org/W1768003445,30,award
ACL,2011,https://openalex.org/W2142523187,247,award
CHI,2011,https://openalex.org/W2022815033,206,award
CHI,2011,https://openalex.org/W2153391061,71,award
CHI,2011,https://openalex.org/W2105697580,144,award
CHI,2011,https://openalex.org/W2081964782,141,award
CHI,2011,https://openalex.org/W2097331574,44,award
CHI,2011,https://openalex.org/W1986692274,34,award
CIKM,2011,https://openalex.org/W1989813731,55,award
CVPR,2011,https://openalex.org/W2060280062,2047,award
FOCS,2011,https://openalex.org/W2038652993,178,award
FOCS,2011,https://openalex.org/W2136400551,101,award
FSE,2011,https://openalex.org/W2107220315,140,award
ICSE,2011,https://openalex.org/W2111765806,188,award
ICSE,2011,https://openalex.org/W2106860490,96,award
ICSE,2011,https://openalex.org/W2116907335,143,award
ICSE,2011,https://openalex.org/W2792443233,248,award
IJCAI,2011,https://openalex.org/W2148552911,9,award
MOBICOM,2011,https://openalex.org/W2126541908,210,award
PODS,2011,https://openalex.org/W2095609152,24,award
SIGCOMM,2011,https://openalex.org/W1982170863,339,award
SIGIR,2011,https://openalex.org/W2008251177,116,award
SIGMETRICS,2011,https://openalex.org/W2136110891,33,award
SOSP,2011,https://openalex.org/W2097379719,1098,award
SOSP,2011,https://openalex.org/W2080332495,42,award
STOC,2011,https://openalex.org/W2109237987,71,award
VLDB,2011,https://openalex.org/W4230948688,52,award
WWW,2011,https://openalex.org/W2164173709,58,award
AAAI,2010,https://openalex.org/W1538864647,54,award
AAAI,2010,https://openalex.org/W2468755302,5,award
CHI,2010,https://openalex.org/W2124318441,207,award
CHI,2010,https://openalex.org/W2142869276,378,award
CHI,2010,https://openalex.org/W2129146498,102,award
CHI,2010,https://openalex.org/W2140420369,989,award
CHI,2010,https://openalex.org/W2119698661,195,award
CHI,2010,https://openalex.org/W2104113460,747,award
CIKM,2010,https://openalex.org/W1965442176,84,award
CIKM,2010,https://openalex.org/W1982304915,63,award
FSE,2010,https://openalex.org/W2166271660,118,award
ICML,2010,https://openalex.org/W1515884010,2,award
ICSE,2010,https://openalex.org/W2169970157,251,award
ICSE,2010,https://openalex.org/W2127190390,121,award
ICSE,2010,https://openalex.org/W2122987719,183,award
ICSE,2010,https://openalex.org/W2109039735,18,award
ICSE,2010,https://openalex.org/W2118155805,159,award
INFOCOM,2010,https://openalex.org/W2155444758,36,award
KDD,2010,https://openalex.org/W1968532429,185,award
NSDI,2010,https://openalex.org/W2184954724,3,award
OSDI,2010,https://openalex.org/W2145467766,144,award
OSDI,2010,https://openalex.org/W1893312510,247,award
PODS,2010,https://openalex.org/W2103126020,321,award
S&P,2010,https://openalex.org/W1985225657,227,award
SIGCOMM,2010,https://openalex.org/W3138585045,17,award
SIGMETRICS,2010,https://openalex.org/W2152475116,23,award
SIGMOD,2010,https://openalex.org/W2151224499,301,award
SODA,2010,https://openalex.org/W1480355964,67,award
STOC,2010,https://openalex.org/W2912359042,55,award
STOC,2010,https://openalex.org/W1991055327,294,award
UIST,2010,https://openalex.org/W2090048052,568,award
VLDB,2010,https://openalex.org/W3000214033,124,award
WWW,2010,https://openalex.org/W2171279286,2602,award
ACL,2009,https://openalex.org/W2150114207,36,award
ACL,2009,https://openalex.org/W2122223050,254,award
CHI,2009,https://openalex.org/W2114197969,108,award
FSE,2009,https://openalex.org/W2073961002,68,award
FSE,2009,https://openalex.org/W2059215200,288,award
ICCV,2009,https://openalex.org/W2142037471,281,award
ICML,2009,https://openalex.org/W2084809122,211,award
ICSE,2009,https://openalex.org/W2098664130,191,award
INFOCOM,2009,https://openalex.org/W2163609156,131,award
MOBICOM,2009,https://openalex.org/W2135573205,162,award
PODS,2009,https://openalex.org/W2041829641,14,award
S&P,2009,https://openalex.org/W2105842205,145,award
SIGCOMM,2009,https://openalex.org/W2150957281,385,award
SIGMETRICS,2009,https://openalex.org/W2109992755,135,award
SIGMOD,2009,https://openalex.org/W2126354234,57,award
SOSP,2009,https://openalex.org/W2137888380,4,award
STOC,2009,https://openalex.org/W2019883273,136,award
VLDB,2009,https://openalex.org/W2998654680,48,award
AAAI,2008,https://openalex.org/W192051504,42,award
CHI,2008,https://openalex.org/W2094064671,18,award
CHI,2008,https://openalex.org/W2053078227,156,award
CVPR,2008,https://openalex.org/W2113201641,691,award
CVPR,2008,https://openalex.org/W2111559961,122,award
FOCS,2008,https://openalex.org/W1497086998,0,award
FSE,2008,https://openalex.org/W2160517961,593,award
ICSE,2008,https://openalex.org/W2154843497,140,award
ICSE,2008,https://openalex.org/W1790484086,5,award
ICSE,2008,https://openalex.org/W2136043644,77,award
ICSE,2008,https://openalex.org/W2130243914,122,award
INFOCOM,2008,https://openalex.org/W2133795371,48,award
KDD,2008,https://openalex.org/W2118556950,45,award
NSDI,2008,https://openalex.org/W48887007,11,award
NSDI,2008,https://openalex.org/W1598241463,87,award
OSDI,2008,https://openalex.org/W1710734607,2670,award
OSDI,2008,https://openalex.org/W1493893823,699,award
OSDI,2008,https://openalex.org/W2013592197,232,award
PODS,2008,https://openalex.org/W1967172267,76,award
S&P,2008,https://openalex.org/W2143472559,726,award
SIGMOD,2008,https://openalex.org/W2171901130,303,award
WWW,2008,https://openalex.org/W2145990704,81,award
AAAI,2007,https://openalex.org/W2146447174,146,award
AAAI,2007,https://openalex.org/W1902527071,13,award
ACL,2007,https://openalex.org/W2121465811,357,award
CHI,2007,https://openalex.org/W2117601224,152,award
CHI,2007,https://openalex.org/W2006550435,193,award
CHI,2007,https://openalex.org/W2152312062,233,award
CHI,2007,https://openalex.org/W2057359302,65,award
CHI,2007,https://openalex.org/W3172402307,2,award
CVPR,2007,https://openalex.org/W2082546838,87,award
FSE,2007,https://openalex.org/W2163643791,89,award
FSE,2007,https://openalex.org/W2042454716,141,award
FSE,2007,https://openalex.org/W2137956345,91,award
ICML,2007,https://openalex.org/W2169495281,2030,award
ICSE,2007,https://openalex.org/W2145544369,211,award
ICSE,2007,https://openalex.org/W2151553346,481,award
ICSE,2007,https://openalex.org/W2152846401,246,award
ICSE,2007,https://openalex.org/W2115694885,56,award
IJCAI,2007,https://openalex.org/W110738662,44,award
KDD,2007,https://openalex.org/W2056932183,65,award
PLDI,2007,https://openalex.org/W2071286129,37,award
SIGIR,2007,https://openalex.org/W2149156280,197,award
SIGMOD,2007,https://openalex.org/W2035801804,85,award
SOSP,2007,https://openalex.org/W2038345682,283,award
SOSP,2007,https://openalex.org/W2166510103,243,award
STOC,2007,https://openalex.org/W1998698985,448,award
UIST,2007,https://openalex.org/W2140280838,129,award
VLDB,2007,https://openalex.org/W2140613126,655,award
ACL,2006,https://openalex.org/W2144108169,454,award
CHI,2006,https://openalex.org/W2118755902,199,award
CIKM,2006,https://openalex.org/W2044983364,41,award
CVPR,2006,https://openalex.org/W2146352414,820,award
FSE,2006,https://openalex.org/W2107794009,251,award
ICML,2006,https://openalex.org/W2162152253,361,award
ICSE,2006,https://openalex.org/W2071616717,399,award
ICSE,2006,https://openalex.org/W2079317829,906,award
OSDI,2006,https://openalex.org/W2058535975,47,award
SIGMETRICS,2006,https://openalex.org/W4214714086,135,award
SIGMOD,2006,https://openalex.org/W118378920,24,award
VLDB,2006,https://openalex.org/W2146081216,29,award
CHI,2005,https://openalex.org/W2153282521,110,award
CIKM,2005,https://openalex.org/W1965605976,39,award
FOCS,2005,https://openalex.org/W2133589924,188,award
FSE,2005,https://openalex.org/W2166140339,116,award
ICSE,2005,https://openalex.org/W2170239024,99,award
ICSE,2005,https://openalex.org/W2013711971,782,award
ICSE,2005,https://openalex.org/W4239049496,76,award
PLDI,2005,https://openalex.org/W4236944756,124,award
PLDI,2005,https://openalex.org/W4245234767,174,award
PODS,2005,https://openalex.org/W2111421966,14,award
SOSP,2005,https://openalex.org/W2099323800,250,award
UIST,2005,https://openalex.org/W2042616792,223,award
VLDB,2005,https://openalex.org/W2135552269,63,award
WWW,2005,https://openalex.org/W1977841655,156,award
AAAI,2004,https://openalex.org/W2753424512,0,award
ACL,2004,https://openalex.org/W2121147707,313,award
CIKM,2004,https://openalex.org/W2026168616,20,award
CVPR,2004,https://openalex.org/W2101305476,102,award
FOCS,2004,https://openalex.org/W2163375015,64,award
FOCS,2004,https://openalex.org/W1984459117,216,award
FSE,2004,https://openalex.org/W2149612550,167,award
ICSE,2004,https://openalex.org/W2041853131,151,award
ICSE,2004,https://openalex.org/W4244325127,81,award
ICSE,2004,https://openalex.org/W2003751975,94,award
ICSE,2004,https://openalex.org/W4240473828,13,award
INFOCOM,2004,https://openalex.org/W2161725792,589,award
KDD,2004,https://openalex.org/W2139956879,816,award
OSDI,2004,https://openalex.org/W2116283852,136,award
OSDI,2004,https://openalex.org/W146360823,18,award
SIGIR,2004,https://openalex.org/W2134557008,350,award
SIGMETRICS,2004,https://openalex.org/W2116790783,51,award
SIGMOD,2004,https://openalex.org/W1993855803,314,award
UIST,2004,https://openalex.org/W1989450868,168,award
WWW,2004,https://openalex.org/W2064716575,77,award
ACL,2003,https://openalex.org/W2113272343,201,award
CVPR,2003,https://openalex.org/W2154422044,2036,award
FOCS,2003,https://openalex.org/W2149463264,138,award
FSE,2003,https://openalex.org/W2121376435,81,award
FSE,2003,https://openalex.org/W2131467114,111,award
FSE,2003,https://openalex.org/W2142038400,57,award
ICCV,2003,https://openalex.org/W2066763472,157,award
ICCV,2003,https://openalex.org/W2056860348,512,award
ICCV,2003,https://openalex.org/W1992825118,2100,award
ICSE,2003,https://openalex.org/W2160510992,192,award
ICSE,2003,https://openalex.org/W4243167850,130,award
IJCAI,2003,https://openalex.org/W1664963465,208,award
KDD,2003,https://openalex.org/W2061820396,7201,award
SIGMOD,2003,https://openalex.org/W2102951036,68,award
SOSP,2003,https://openalex.org/W2144552569,101,award
SOSP,2003,https://openalex.org/W2295705535,297,award
WWW,2003,https://openalex.org/W2069153192,1195,award
WWW,2003,https://openalex.org/W2099003704,156,award
ACL,2002,https://openalex.org/W2154124206,1042,award
FOCS,2002,https://openalex.org/W2787952106,0,award
KDD,2002,https://openalex.org/W2045747317,38,award
SIGIR,2002,https://openalex.org/W1981825277,432,award
ACL,2001,https://openalex.org/W2139403546,234,award
ICCV,2001,https://openalex.org/W2148162135,146,award
KDD,2001,https://openalex.org/W2009144907,48,award
PODS,2001,https://openalex.org/W2134206624,1080,award
SIGIR,2001,https://openalex.org/W2094661073,255,award
SIGMOD,2001,https://openalex.org/W2163336863,869,award
SOSP,2001,https://openalex.org/W2100857937,12,award
SOSP,2001,https://openalex.org/W2053903896,166,award
UIST,2001,https://openalex.org/W1994547327,645,award
WWW,2001,https://openalex.org/W1985727586,66,award
AAAI,2000,https://openalex.org/W2103552898,39,award
CVPR,2000,https://openalex.org/W2159128898,2914,award
INFOCOM,2000,https://openalex.org/W2110416206,292,award
OSDI,2000,https://openalex.org/W4235785239,177,award
SIGIR,2000,https://openalex.org/W1985554184,1458,award
SIGMOD,2000,https://openalex.org/W4235095233,200,award
WWW,2000,https://openalex.org/W2175110005,2771,award
