award_id,conference,award_year,work_id,award_title,author_id,author_name,author_position,career_age_at_award,total_pubs_at_award,institutions,is_corresponding,match_route
1,AAAI,2018,https://openalex.org/W2788603415,Memory-Augmented Monte Carlo Tree Search,https://openalex.org/A5014823249,Jincheng Mei,2,4,29,"[{""id"": ""https://openalex.org/I154425047"", ""name"": ""University of Alberta"", ""country"": ""CA""}]",False,SS→DOI→OA
2,ACL,2018,https://openalex.org/W2798397965,Finding syntax in human encephalography with beam search,https://openalex.org/A5069646529,Adhiguna Kuncoro,3,2,38,"[{""id"": ""https://openalex.org/I1291425158"", ""name"": ""Google (United States)"", ""country"": ""US""}, {""id"": ""https://openalex.org/I205783295"", ""name"": ""Cornell University"", ""country"": ""US""}, {""id"": ""https://openalex.org/I1344076864"", ""name"": ""Center for Applied Linguistics"", ""country"": ""US""}]",False,SS→DOI→OA
5,CHI,2018,https://openalex.org/W4255717503,Agile 3D Sketching with Air Scaffolding,https://openalex.org/A5032195981,Sang-Gyun An,2,1,8,"[{""id"": ""https://openalex.org/I157485424"", ""name"": ""Korea Advanced Institute of Science and Technology"", ""country"": ""KR""}]",False,SS→DOI→OA
9,CHI,2018,https://openalex.org/W2796063124,Keeping a Low Profile?,https://openalex.org/A5075359884,Sylvia Simioni,3,0,2,"[{""id"": ""https://openalex.org/I27837315"", ""name"": ""University of Michigan\u2013Ann Arbor"", ""country"": ""US""}]",False,SS→DOI→OA
10,CHI,2018,https://openalex.org/W2796122895,Streets for People,https://openalex.org/A5035195609,Sean Peacock,1,2,16,"[{""id"": ""https://openalex.org/I84884186"", ""name"": ""Newcastle University"", ""country"": ""GB""}]",True,SS→DOI→OA
10,CHI,2018,https://openalex.org/W2796122895,Streets for People,https://openalex.org/A5061115418,Clara Crivellaro,3,4,59,"[{""id"": ""https://openalex.org/I84884186"", ""name"": ""Newcastle University"", ""country"": ""GB""}]",False,SS→DOI→OA
12,CHI,2018,https://openalex.org/W2795736453,"From Her Story, to Our Story",https://openalex.org/A5021296068,Lydia Michie,1,0,2,"[{""id"": ""https://openalex.org/I84884186"", ""name"": ""Newcastle University"", ""country"": ""GB""}]",True,GS→title→OA
13,CHI,2018,https://openalex.org/W2795908329,Gender Recognition or Gender Reductionism?,https://openalex.org/A5084538652,Morgan Klaus Scheuerman,2,1,50,"[{""id"": ""https://openalex.org/I79272384"", ""name"": ""University of Maryland, Baltimore County"", ""country"": ""US""}]",False,SS→DOI→OA
15,CHI,2018,https://openalex.org/W2787712888,Voice Interfaces in Everyday Life,https://openalex.org/A5063697388,Martin Porcheron,1,5,57,"[{""id"": ""https://openalex.org/I142263535"", ""name"": ""University of Nottingham"", ""country"": ""GB""}]",True,SS→DOI→OA
17,CHI,2018,https://openalex.org/W2795389852,Let's Talk About Race,https://openalex.org/A5034634435,Ari Schlesinger,1,1,6,"[{""id"": ""https://openalex.org/I130701444"", ""name"": ""Georgia Institute of Technology"", ""country"": ""US""}]",True,SS→DOI→OA
20,CHI,2018,https://openalex.org/W2807472134,Open and transparent research practices and public perceptions of the trustworthiness of agricultural biotechnology organizations,https://openalex.org/A5078903072,Robert B. Lull,3,4,22,[],False,SS→title→OA
21,CHI,2018,https://openalex.org/W2795429875,Making as Expression,https://openalex.org/A5011438930,Jessica L. Feuston,2,4,21,"[{""id"": ""https://openalex.org/I111979921"", ""name"": ""Northwestern University"", ""country"": ""US""}]",False,SS→DOI→OA
21,CHI,2018,https://openalex.org/W2795429875,Making as Expression,https://openalex.org/A5091847639,Caroline Edasis,3,2,5,"[{""id"": ""https://openalex.org/I4210149141"", ""name"": ""Mather LifeWays"", ""country"": ""US""}]",False,SS→DOI→OA
22,CHI,2018,https://openalex.org/W2795442664,Expressive Time Series Querying with Hand-Drawn Scale-Free Sketches,https://openalex.org/A5075026385,Miro Mannino,1,0,13,[],True,SS→DOI→OA
24,CHI,2018,https://openalex.org/W2795552328,Experiencing the Body as Play,https://openalex.org/A5086240513,Josh Andrés,3,3,82,"[{""id"": ""https://openalex.org/I82951845"", ""name"": ""RMIT University"", ""country"": ""AU""}]",False,SS→DOI→OA
26,CHI,2018,https://openalex.org/W2795651511,Design for Collaborative Survival,https://openalex.org/A5109428307,Jen Liu,1,1,20,"[{""id"": ""https://openalex.org/I188538660"", ""name"": ""University of Colorado Boulder"", ""country"": ""US""}]",True,SS→DOI→OA
27,CHI,2018,https://openalex.org/W2796034586,Design Within a Patriarchal Society,https://openalex.org/A5103026409,Sharifa Sultana,1,0,67,"[{""id"": ""https://openalex.org/I205783295"", ""name"": ""Cornell University"", ""country"": ""US""}]",True,SS→DOI→OA
28,CHI,2018,https://openalex.org/W2795953912,Hoarding and Minimalism,https://openalex.org/A5091174431,Izabelle Janzen,2,2,5,"[{""id"": ""https://openalex.org/I141945490"", ""name"": ""University of British Columbia"", ""country"": ""CA""}]",False,SS→DOI→OA
32,FOCS,2018,https://openalex.org/W2963124215,Classical Verification of Quantum Computations,https://openalex.org/A5011207998,Urmila Mahadev,1,4,12,"[{""id"": ""https://openalex.org/I95457486"", ""name"": ""University of California, Berkeley"", ""country"": ""US""}]",True,SS→DOI→OA
33,FOCS,2018,https://openalex.org/W2787022562,Pseudorandom Sets in Grassmann Graph Have Near-Perfect Expansion,https://openalex.org/A5112345861,Khot Subhash,1,0,1,"[{""id"": ""https://openalex.org/I57206974"", ""name"": ""New York University"", ""country"": ""US""}]",True,SS→DOI→OA
33,FOCS,2018,https://openalex.org/W2787022562,Pseudorandom Sets in Grassmann Graph Have Near-Perfect Expansion,https://openalex.org/A5063520549,Dor Minzer,2,3,111,"[{""id"": ""https://openalex.org/I16391192"", ""name"": ""Tel Aviv University"", ""country"": ""IL""}]",False,SS→DOI→OA
35,FSE,2018,https://openalex.org/W2899462170,The impact of regular expression denial of service (ReDoS) in practice: an empirical study at the ecosystem scale,https://openalex.org/A5068145628,Christy A. Coghlan,2,0,7,"[{""id"": ""https://openalex.org/I859038795"", ""name"": ""Virginia Tech"", ""country"": ""US""}]",False,GS→title→OA
39,FSE,2018,https://openalex.org/W2899510293,An empirical study on crash recovery bugs in large-scale distributed systems,https://openalex.org/A5023724495,Wensheng Dou,2,4,88,"[{""id"": ""https://openalex.org/I4210165038"", ""name"": ""University of Chinese Academy of Sciences"", ""country"": ""CN""}, {""id"": ""https://openalex.org/I4210128818"", ""name"": ""Institute of Software"", ""country"": ""CN""}]",False,SS→DOI→OA
41,ICML,2018,https://openalex.org/W2787708942,Obfuscated Gradients Give a False Sense of Security: Circumventing Defenses to Adversarial Examples,https://openalex.org/A5091720485,Anish Athalye,1,5,22,"[{""id"": ""https://openalex.org/I63966007"", ""name"": ""Massachusetts Institute of Technology"", ""country"": ""US""}]",True,SS→title→OA
42,ICML,2018,https://openalex.org/W2790697880,Delayed Impact of Fair Machine Learning,https://openalex.org/A5017596078,Lydia T. Liu,1,2,33,"[{""id"": ""https://openalex.org/I95457486"", ""name"": ""University of California, Berkeley"", ""country"": ""US""}]",True,SS→DOI→OA
42,ICML,2018,https://openalex.org/W2790697880,Delayed Impact of Fair Machine Learning,https://openalex.org/A5047182302,Esther Rolf,3,4,59,"[{""id"": ""https://openalex.org/I95457486"", ""name"": ""University of California, Berkeley"", ""country"": ""US""}]",False,SS→DOI→OA
43,ICSE,2018,https://openalex.org/W2784669118,Large-scale analysis of framework-specific exceptions in Android apps,https://openalex.org/A5102012317,Lingling Fan,1,2,63,"[{""id"": ""https://openalex.org/I66867065"", ""name"": ""East China Normal University"", ""country"": ""CN""}]",True,SS→DOI→OA
44,ICSE,2018,https://openalex.org/W2799943342,"Combining Appearance, Depth and Motion for Efficient Semantic Scene Understanding",https://openalex.org/A5071723330,Timo Rehfeld,1,2,13,[],True,GS→title→OA
45,ICSE,2018,https://openalex.org/W2794694213,Identifying design problems in the source code,https://openalex.org/A5103226106,Leonardo Sousa,1,5,32,"[{""id"": ""https://openalex.org/I2699952"", ""name"": ""Pontifical Catholic University of Rio de Janeiro"", ""country"": ""BR""}]",True,SS→DOI→OA
46,ICSE,2018,https://openalex.org/W2795338679,Static automated program repair for heap properties,https://openalex.org/A5056334354,Rijnard van Tonder,1,5,25,"[{""id"": ""https://openalex.org/I74973139"", ""name"": ""Carnegie Mellon University"", ""country"": ""US""}]",True,SS→DOI→OA
48,ICSE,2018,https://openalex.org/W2794901250,Generalized data structure synthesis,https://openalex.org/A5009835433,Calvin Loncaric,1,3,11,"[{""id"": ""https://openalex.org/I201448701"", ""name"": ""University of Washington"", ""country"": ""US""}]",True,SS→DOI→OA
49,ICSE,2018,https://openalex.org/W2964064835,Traceability in the wild,https://openalex.org/A5082629071,Michael Rath,1,1,102,"[{""id"": ""https://openalex.org/I119449181"", ""name"": ""Technische Universit\u00e4t Ilmenau"", ""country"": ""DE""}]",True,SS→DOI→OA
49,ICSE,2018,https://openalex.org/W2964064835,Traceability in the wild,https://openalex.org/A5032569584,Jacob Rendall,2,3,6,"[{""id"": ""https://openalex.org/I107639228"", ""name"": ""University of Notre Dame"", ""country"": ""US""}]",False,SS→DOI→OA
55,IJCAI,2018,https://openalex.org/W2800007566,What Game Are We Playing? End-to-end Learning in Normal and Extensive Form Games,https://openalex.org/A5030456881,Chun Kai Ling,1,3,50,"[{""id"": ""https://openalex.org/I74973139"", ""name"": ""Carnegie Mellon University"", ""country"": ""US""}]",True,SS→DOI→OA
57,IJCAI,2018,https://openalex.org/W2808551187,A Degeneracy Framework for Graph Similarity,https://openalex.org/A5011742954,Giannis Nikolentzos,1,3,76,"[{""id"": ""https://openalex.org/I142476485"", ""name"": ""\u00c9cole Polytechnique"", ""country"": ""FR""}]",True,SS→DOI→OA
57,IJCAI,2018,https://openalex.org/W2808551187,A Degeneracy Framework for Graph Similarity,https://openalex.org/A5064520344,Polykarpos Meladianos,2,3,19,"[{""id"": ""https://openalex.org/I73142707"", ""name"": ""Athens University of Economics and Business"", ""country"": ""GR""}]",False,SS→DOI→OA
57,IJCAI,2018,https://openalex.org/W2808551187,A Degeneracy Framework for Graph Similarity,https://openalex.org/A5058510425,Stratis Limnios,3,0,14,"[{""id"": ""https://openalex.org/I142476485"", ""name"": ""\u00c9cole Polytechnique"", ""country"": ""FR""}]",False,SS→DOI→OA
58,INFOCOM,2018,https://openalex.org/W2792261072,Understanding Ethereum via Graph Analysis,https://openalex.org/A5100342798,Zihao Li,3,1,91,"[{""id"": ""https://openalex.org/I150229711"", ""name"": ""University of Electronic Science and Technology of China"", ""country"": ""CN""}]",False,SS→DOI→OA
59,INFOCOM,2018,https://openalex.org/W2789643397,WiFED: WiFi Friendly Energy Delivery with Distributed Beamforming,https://openalex.org/A5082318381,Subhramoy Mohanti,1,2,24,"[{""id"": ""https://openalex.org/I12912129"", ""name"": ""Northeastern University"", ""country"": ""US""}]",True,SS→DOI→OA
59,INFOCOM,2018,https://openalex.org/W2789643397,WiFED: WiFi Friendly Energy Delivery with Distributed Beamforming,https://openalex.org/A5036229988,Elif Bozkaya,2,4,54,"[{""id"": ""https://openalex.org/I48912391"", ""name"": ""Istanbul Technical University"", ""country"": ""TR""}]",False,SS→DOI→OA
60,INFOCOM,2018,https://openalex.org/W2791487310,Optimizing Age of Information in Wireless Networks with Throughput Constraints,https://openalex.org/A5052671825,Igor Kadota,1,5,77,"[{""id"": ""https://openalex.org/I4210143601"", ""name"": ""Decision Systems (United States)"", ""country"": ""US""}]",True,SS→DOI→OA
61,KDD,2018,https://openalex.org/W2803831897,Adversarial Attacks on Neural Networks for Graph Data,https://openalex.org/A5025058751,Daniel Zügner,1,3,43,"[{""id"": ""https://openalex.org/I62916508"", ""name"": ""Technical University of Munich"", ""country"": ""DE""}]",True,SS→DOI→OA
61,KDD,2018,https://openalex.org/W2803831897,Adversarial Attacks on Neural Networks for Graph Data,https://openalex.org/A5014557575,Amir Akbarnejad,2,0,16,"[{""id"": ""https://openalex.org/I62916508"", ""name"": ""Technical University of Munich"", ""country"": ""DE""}]",False,SS→DOI→OA
62,MOBICOM,2018,https://openalex.org/W2963620539,Skycore,https://openalex.org/A5101558101,Mehrdad Moradi,1,4,12,"[{""id"": ""https://openalex.org/I27837315"", ""name"": ""University of Michigan\u2013Ann Arbor"", ""country"": ""US""}]",True,SS→DOI→OA
64,NeurIPS,2018,https://openalex.org/W2807548807,Optimal Algorithms for Non-Smooth Distributed Optimization in Networks,https://openalex.org/A5056747950,Kevin Scaman,1,4,57,"[{""id"": ""https://openalex.org/I2250955327"", ""name"": ""Huawei Technologies (China)"", ""country"": ""CN""}]",True,GS→title→OA
66,NeurIPS,2018,https://openalex.org/W2808746463,Neural Ordinary Differential Equations,https://openalex.org/A5029262768,Ricky T. Q. Chen,1,0,46,"[{""id"": ""https://openalex.org/I185261750"", ""name"": ""University of Toronto"", ""country"": ""CA""}, {""id"": ""https://openalex.org/I4210127509"", ""name"": ""Vector Institute"", ""country"": ""CA""}]",True,GS→title→OA
66,NeurIPS,2018,https://openalex.org/W2808746463,Neural Ordinary Differential Equations,https://openalex.org/A5039192820,Yulia Rubanova,2,1,36,"[{""id"": ""https://openalex.org/I185261750"", ""name"": ""University of Toronto"", ""country"": ""CA""}, {""id"": ""https://openalex.org/I4210127509"", ""name"": ""Vector Institute"", ""country"": ""CA""}]",False,GS→title→OA
66,NeurIPS,2018,https://openalex.org/W2808746463,Neural Ordinary Differential Equations,https://openalex.org/A5027925889,Jesse Bettencourt,3,4,13,"[{""id"": ""https://openalex.org/I185261750"", ""name"": ""University of Toronto"", ""country"": ""CA""}, {""id"": ""https://openalex.org/I4210127509"", ""name"": ""Vector Institute"", ""country"": ""CA""}]",False,GS→title→OA
67,OSDI,2018,https://openalex.org/W2897044322,REPT: reverse debugging of failures in deployed software,https://openalex.org/A5085945429,Xinyang Ge,2,4,40,"[{""id"": ""https://openalex.org/I4210164937"", ""name"": ""Microsoft Research (United Kingdom)"", ""country"": ""GB""}]",False,SS→title→OA
68,OSDI,2018,https://openalex.org/W2899396876,"LegoOS: a disseminated, distributed OS for hardware resource disaggregation",https://openalex.org/A5060703788,Yizhou Shan,1,1,40,"[{""id"": ""https://openalex.org/I219193219"", ""name"": ""Purdue University West Lafayette"", ""country"": ""US""}]",True,SS→title→OA
68,OSDI,2018,https://openalex.org/W2899396876,"LegoOS: a disseminated, distributed OS for hardware resource disaggregation",https://openalex.org/A5071661999,Yutong Huang,2,1,11,"[{""id"": ""https://openalex.org/I219193219"", ""name"": ""Purdue University West Lafayette"", ""country"": ""US""}]",False,SS→title→OA
69,OSDI,2018,https://openalex.org/W2898817152,Orca: differential bug localization in large-scale services,https://openalex.org/A5110832647,Chandra Sekhar Maddila,3,0,3,"[{""id"": ""https://openalex.org/I4210124949"", ""name"": ""Microsoft Research (India)"", ""country"": ""IN""}]",False,SS→title→OA
75,S&P,2018,https://openalex.org/W2787222284,DEEPSEC: Deciding Equivalence Properties in Security Protocols Theory and Practice,https://openalex.org/A5078512511,Itsaka Rakotonirina,3,2,23,"[{""id"": ""https://openalex.org/I4210121838"", ""name"": ""Laboratoire Lorrain de Recherche en Informatique et ses Applications"", ""country"": ""FR""}]",False,SS→DOI→OA
77,SIGIR,2018,https://openalex.org/W2799048248,Should I Follow the Crowd?,https://openalex.org/A5081476292,Rocío Cañamares,1,4,10,"[{""id"": ""https://openalex.org/I63634437"", ""name"": ""Universidad Aut\u00f3noma de Madrid"", ""country"": ""ES""}]",True,SS→DOI→OA
79,SIGMOD,2018,https://openalex.org/W2798891709,SuRF,https://openalex.org/A5015113627,Huanchen Zhang,1,2,26,"[{""id"": ""https://openalex.org/I74973139"", ""name"": ""Carnegie Mellon University"", ""country"": ""US""}]",True,GS→title→OA
80,SODA,2018,https://openalex.org/W2793481095,Mineralogy and physicochemical features of Saharan dust wet deposited in the Iberian Peninsula during an extreme red rain event,https://openalex.org/A5090101869,Fulvio Di Lorenzo,2,4,35,"[{""id"": ""https://openalex.org/I173304897"", ""name"": ""Universidad de Granada"", ""country"": ""ES""}]",True,SS→title→OA
83,UIST,2018,https://openalex.org/W2896381102,Authoring and Verifying Human-Robot Interactions,https://openalex.org/A5021735130,David Porfirio,1,4,30,"[{""id"": ""https://openalex.org/I135310074"", ""name"": ""University of Wisconsin\u2013Madison"", ""country"": ""US""}]",True,SS→DOI→OA
83,UIST,2018,https://openalex.org/W2896381102,Authoring and Verifying Human-Robot Interactions,https://openalex.org/A5073533400,Allison Sauppé,2,4,18,"[{""id"": ""https://openalex.org/I4657992"", ""name"": ""University of Wisconsin\u2013La Crosse"", ""country"": ""US""}]",False,SS→DOI→OA
84,UIST,2018,https://openalex.org/W2896806675,Porta,https://openalex.org/A5041654458,Alok Mysore,1,3,6,"[{""id"": ""https://openalex.org/I36258959"", ""name"": ""University of California, San Diego"", ""country"": ""US""}]",True,SS→DOI→OA
85,UIST,2018,https://openalex.org/W2897456565,RESi,https://openalex.org/A5019954653,Patrick Parzer,1,4,9,"[{""id"": ""https://openalex.org/I4210136249"", ""name"": ""University of Applied Sciences Upper Austria"", ""country"": ""AT""}]",True,SS→DOI→OA
89,ACL,2017,https://openalex.org/W2611715906,Probabilistic Typology: Deep Generative Models of Vowel Inventories,https://openalex.org/A5061951606,Ryan Cotterell,1,4,460,"[{""id"": ""https://openalex.org/I145311948"", ""name"": ""Johns Hopkins University"", ""country"": ""US""}]",True,SS→title→OA
90,CHI,2017,https://openalex.org/W2610214088,Kinecting with Orangutans,https://openalex.org/A5089731854,Sarah Webber,1,4,51,"[{""id"": ""https://openalex.org/I165779595"", ""name"": ""University of Melbourne"", ""country"": ""AU""}]",True,SS→DOI→OA
90,CHI,2017,https://openalex.org/W2610214088,Kinecting with Orangutans,https://openalex.org/A5016617747,Sally Sherwen,3,3,49,"[{""id"": ""https://openalex.org/I4210129502"", ""name"": ""Zoos Victoria"", ""country"": ""AU""}]",False,SS→DOI→OA
91,CHI,2017,https://openalex.org/W4300093098,Organic Primitives,https://openalex.org/A5068345805,Viirj Kan,1,2,11,"[{""id"": ""https://openalex.org/I63966007"", ""name"": ""Massachusetts Institute of Technology"", ""country"": ""US""}]",True,SS→DOI→OA
91,CHI,2017,https://openalex.org/W4300093098,Organic Primitives,https://openalex.org/A5049567786,Emma Vargo,2,1,23,"[{""id"": ""https://openalex.org/I63966007"", ""name"": ""Massachusetts Institute of Technology"", ""country"": ""US""}]",False,SS→DOI→OA
91,CHI,2017,https://openalex.org/W4300093098,Organic Primitives,https://openalex.org/A5021981631,Noa Machover,3,1,3,"[{""id"": ""https://openalex.org/I63966007"", ""name"": ""Massachusetts Institute of Technology"", ""country"": ""US""}]",False,SS→DOI→OA
95,CHI,2017,https://openalex.org/W2767327746,"Advances in Social Media Research: Past, Present and Future",https://openalex.org/A5008267619,Kuttimani Tamilmani,2,3,24,"[{""id"": ""https://openalex.org/I39586589"", ""name"": ""Swansea University"", ""country"": ""GB""}]",False,GS→title→OA
96,CHI,2017,https://openalex.org/W2778244123,Computer security for data collection technologies,https://openalex.org/A5074224778,Camille Cobb,1,5,24,"[{""id"": ""https://openalex.org/I201448701"", ""name"": ""University of Washington"", ""country"": ""US""}]",False,GS→title→OA
96,CHI,2017,https://openalex.org/W2778244123,Computer security for data collection technologies,https://openalex.org/A5031825409,Samuel Sudar,2,5,13,"[{""id"": ""https://openalex.org/I201448701"", ""name"": ""University of Washington"", ""country"": ""US""}]",True,GS→title→OA
97,CHI,2017,https://openalex.org/W2611579020,ShareVR,https://openalex.org/A5024399465,Jan Gugenheimer,1,4,105,"[{""id"": ""https://openalex.org/I196349391"", ""name"": ""Universit\u00e4t Ulm"", ""country"": ""DE""}]",True,SS→DOI→OA
97,CHI,2017,https://openalex.org/W2611579020,ShareVR,https://openalex.org/A5016957812,Evgeny Stemasov,2,0,22,"[{""id"": ""https://openalex.org/I196349391"", ""name"": ""Universit\u00e4t Ulm"", ""country"": ""DE""}]",False,SS→DOI→OA
97,CHI,2017,https://openalex.org/W2611579020,ShareVR,https://openalex.org/A5033203092,Julian Frommel,3,3,88,"[{""id"": ""https://openalex.org/I196349391"", ""name"": ""Universit\u00e4t Ulm"", ""country"": ""DE""}]",False,SS→DOI→OA
100,CHI,2017,https://openalex.org/W2611667142,mHealth for Maternal Mental Health,https://openalex.org/A5056738154,José S Marcano Belisario,3,5,29,"[{""id"": ""https://openalex.org/I47508984"", ""name"": ""Imperial College London"", ""country"": ""GB""}]",False,SS→DOI→OA
103,CHI,2017,https://openalex.org/W2610874624,BIGnav,https://openalex.org/A5038365039,Rafael Lucas d'Oliveira,2,0,2,"[{""id"": ""https://openalex.org/I181391015"", ""name"": ""Universidade Estadual de Campinas (UNICAMP)"", ""country"": ""BR""}]",False,SS→DOI→OA
105,CHI,2017,https://openalex.org/W2610281177,Flash Organizations,https://openalex.org/A5062258537,Alexandra To,3,3,50,"[{""id"": ""https://openalex.org/I74973139"", ""name"": ""Carnegie Mellon University"", ""country"": ""US""}]",False,SS→DOI→OA
108,CHI,2017,https://openalex.org/W2558581619,What Can Be Predicted from Six Seconds of Driver Glances?,https://openalex.org/A5044904792,Heishiro Toyoda,2,2,24,[],False,SS→DOI→OA
109,CHI,2017,https://openalex.org/W2610414453,Design and Evaluation of a Data-Driven Password Meter,https://openalex.org/A5064927835,Felicia Alfieri,2,0,2,"[{""id"": ""https://openalex.org/I74973139"", ""name"": ""Carnegie Mellon University"", ""country"": ""US""}]",False,SS→DOI→OA
110,CHI,2017,https://openalex.org/W2610850748,You Want Me to Work with <i>Who</i> ?,https://openalex.org/A5076364930,Farnaz Jahanbakhsh,1,0,29,"[{""id"": ""https://openalex.org/I157725225"", ""name"": ""University of Illinois Urbana-Champaign"", ""country"": ""US""}]",True,SS→DOI→OA
111,CHI,2017,https://openalex.org/W2603410158,Metal–organic and covalent organic frameworks as single-site catalysts,https://openalex.org/A5072417908,Anastasiya Bavykina,2,2,52,"[{""id"": ""https://openalex.org/I4210092861"", ""name"": ""Institute of Catalysis and Petrochemistry"", ""country"": ""RU""}, {""id"": ""https://openalex.org/I98358874"", ""name"": ""Delft University of Technology"", ""country"": ""NL""}]",False,GS→title→OA
112,CIKM,2017,https://openalex.org/W2767692092,Hike,https://openalex.org/A5049519805,Zhuojian Zhong,3,1,2,"[{""id"": ""https://openalex.org/I99065089"", ""name"": ""Tsinghua University"", ""country"": ""CN""}]",False,SS→DOI→OA
114,CVPR,2017,https://openalex.org/W2567101557,Learning from Simulated and Unsupervised Images through Adversarial Training,https://openalex.org/A5101415694,Ashish Shrivastava,1,0,5,"[{""id"": ""https://openalex.org/I4210141230"", ""name"": ""Apple (Germany)"", ""country"": ""DE""}]",True,SS→DOI→OA
118,FSE,2017,https://openalex.org/W2741400146,"The power of ""why"" and ""why not"": enriching scenario exploration with provenance",https://openalex.org/A5033363730,Natasha Danas,2,0,7,"[{""id"": ""https://openalex.org/I175594653"", ""name"": ""John Brown University"", ""country"": ""US""}]",False,GS→title→OA
119,FSE,2017,https://openalex.org/W2741643261,Understanding misunderstandings in source code,https://openalex.org/A5076388753,Dan Gopstein,1,2,13,"[{""id"": ""https://openalex.org/I57206974"", ""name"": ""New York University"", ""country"": ""US""}]",True,SS→DOI→OA
119,FSE,2017,https://openalex.org/W2741643261,Understanding misunderstandings in source code,https://openalex.org/A5015586819,Jake Iannacone,2,0,1,"[{""id"": ""https://openalex.org/I57206974"", ""name"": ""New York University"", ""country"": ""US""}]",False,SS→DOI→OA
120,FSE,2017,https://openalex.org/W2740295334,"Trade-offs in continuous integration: assurance, security, and flexibility",https://openalex.org/A5021297302,Timothy Tunnell,3,1,3,"[{""id"": ""https://openalex.org/I157725225"", ""name"": ""University of Illinois Urbana-Champaign"", ""country"": ""US""}]",False,SS→DOI→OA
122,FSE,2017,https://openalex.org/W2730550703,Fairness testing: testing software for discrimination,https://openalex.org/A5038532934,Sainyam Galhotra,1,3,80,"[{""id"": ""https://openalex.org/I24603500"", ""name"": ""University of Massachusetts Amherst"", ""country"": ""US""}]",True,SS→DOI→OA
123,FSE,2017,https://openalex.org/W2741221537,Discovering relational specifications,https://openalex.org/A5055321934,Gabriel Ferns,2,0,2,"[{""id"": ""https://openalex.org/I135310074"", ""name"": ""University of Wisconsin\u2013Madison"", ""country"": ""US""}]",False,SS→DOI→OA
124,FSE,2017,https://openalex.org/W2741422284,Automatically diagnosing and repairing error handling bugs in C,https://openalex.org/A5101415638,Yuchi Tian,1,4,48,"[{""id"": ""https://openalex.org/I51556381"", ""name"": ""University of Virginia"", ""country"": ""US""}]",True,SS→DOI→OA
125,ICCV,2017,https://openalex.org/W2963150697,Mask R-CNN,https://openalex.org/A5014407395,Georgia Gkioxari,2,4,91,"[{""id"": ""https://openalex.org/I2252078561"", ""name"": ""Meta (Israel)"", ""country"": ""IL""}]",False,SS→title→OA
127,ICSE,2017,https://openalex.org/W2620436109,Clone Refactoring with Lambda Expressions,https://openalex.org/A5085762342,Davood Mazinanian,2,3,24,"[{""id"": ""https://openalex.org/I60158472"", ""name"": ""Concordia University"", ""country"": ""CA""}]",False,SS→DOI→OA
129,ICSE,2017,https://openalex.org/W2616911398,Code Defenders: Crowdsourcing Effective Tests and Subtle Mutants with a Mutation Testing Game,https://openalex.org/A5028238692,Benjamin Clegg,3,0,8,"[{""id"": ""https://openalex.org/I91136226"", ""name"": ""University of Sheffield"", ""country"": ""GB""}]",False,SS→DOI→OA
130,ICSE,2017,https://openalex.org/W2616911396,Decoding the Representation of Code in the Brain: An fMRI Study of Code Review and Expertise,https://openalex.org/A5024997852,Benjamin Floyd,1,0,49,"[{""id"": ""https://openalex.org/I51556381"", ""name"": ""University of Virginia"", ""country"": ""US""}]",True,SS→DOI→OA
130,ICSE,2017,https://openalex.org/W2616911396,Decoding the Representation of Code in the Brain: An fMRI Study of Code Review and Expertise,https://openalex.org/A5013623251,Tyler Santander,2,2,57,"[{""id"": ""https://openalex.org/I51556381"", ""name"": ""University of Virginia"", ""country"": ""US""}]",False,SS→DOI→OA
132,ICSE,2017,https://openalex.org/W2590575400,Optimizing Test Placement for Module-Level Regression Testing,https://openalex.org/A5081483504,August Shi,1,3,72,"[{""id"": ""https://openalex.org/I157725225"", ""name"": ""University of Illinois Urbana-Champaign"", ""country"": ""US""}]",True,SS→DOI→OA
134,INFOCOM,2017,https://openalex.org/W2761021290,One step at a time: Optimizing SDN upgrades in ISP networks,https://openalex.org/A5046120615,Konstantinos Poularakis,1,5,69,"[{""id"": ""https://openalex.org/I32971472"", ""name"": ""Yale University"", ""country"": ""US""}]",True,SS→DOI→OA
137,NeurIPS,2017,https://openalex.org/W2612780607,Safe and Nested Subgame Solving for Imperfect-Information Games,https://openalex.org/A5006744201,Noam Brown,1,3,50,[],True,GS→title→OA
138,NeurIPS,2017,https://openalex.org/W2944407464,Variance-based Regularization with Convex Objectives,https://openalex.org/A5008595840,Hongseok Namkoong,1,1,77,"[{""id"": ""https://openalex.org/I97018004"", ""name"": ""Stanford University"", ""country"": ""US""}]",True,GS→title→OA
140,PLDI,2017,https://openalex.org/W2731280337,Low overhead dynamic binary translation on ARM,https://openalex.org/A5008326572,Amanieu d'Antras,1,2,8,"[{""id"": ""https://openalex.org/I28407311"", ""name"": ""University of Manchester"", ""country"": ""GB""}]",True,SS→title→OA
140,PLDI,2017,https://openalex.org/W2731280337,Low overhead dynamic binary translation on ARM,https://openalex.org/A5070223708,Cosmin Gorgovan,2,2,15,"[{""id"": ""https://openalex.org/I28407311"", ""name"": ""University of Manchester"", ""country"": ""GB""}]",False,SS→title→OA
141,PLDI,2017,https://openalex.org/W2626631502,Repairing sequential consistency in C/C++11,https://openalex.org/A5078763719,Jeehoon Kang,3,5,57,"[{""id"": ""https://openalex.org/I139264467"", ""name"": ""Seoul National University"", ""country"": ""KR""}]",False,SS→DOI→OA
142,PLDI,2017,https://openalex.org/W2562114628,Compiling without continuations,https://openalex.org/A5019918530,Luke Maurer,1,5,10,"[{""id"": ""https://openalex.org/I181233156"", ""name"": ""University of Oregon"", ""country"": ""US""}]",True,SS→DOI→OA
142,PLDI,2017,https://openalex.org/W2562114628,Compiling without continuations,https://openalex.org/A5020454182,Paul Downen,2,5,43,"[{""id"": ""https://openalex.org/I181233156"", ""name"": ""University of Oregon"", ""country"": ""US""}]",False,SS→DOI→OA
143,PLDI,2017,https://openalex.org/W2625141509,Bringing the web up to speed with WebAssembly,https://openalex.org/A5010565905,Andreas Haas,1,0,3,[],True,SS→title→OA
145,S&P,2017,https://openalex.org/W2618267215,Verified Models and Reference Implementations for the TLS 1.3 Standard Candidate,https://openalex.org/A5018284688,Nadim Kobeissi,3,4,25,"[{""id"": ""https://openalex.org/I1326498283"", ""name"": ""Institut national de recherche en informatique et en automatique"", ""country"": ""FR""}, {""id"": ""https://openalex.org/I4210086502"", ""name"": ""CryptoExperts (France)"", ""country"": ""FR""}]",False,SS→DOI→OA
147,SIGCOMM,2017,https://openalex.org/W2743093301,Language-Directed Hardware Design for Network Performance Monitoring,https://openalex.org/A5008674902,Anirudh Sivaraman,2,5,76,[],False,SS→DOI→OA
147,SIGCOMM,2017,https://openalex.org/W2743093301,Language-Directed Hardware Design for Network Performance Monitoring,https://openalex.org/A5086057750,Vikram Nathan,3,1,4,[],False,SS→DOI→OA
148,SIGIR,2017,https://openalex.org/W2970128991,Efficient analysis of microbial whole-genome sequence data using de Bruijn graphs,https://openalex.org/A5044787871,Phelim Bradley,1,2,2,[],True,SS→title→OA
152,SOSP,2017,https://openalex.org/W2760356198,"The Efficient Server Audit Problem, Deduplicated Re-execution, and the Web",https://openalex.org/A5102759092,Cheng Tan,1,5,42,"[{""id"": ""https://openalex.org/I36672615"", ""name"": ""Courant Institute of Mathematical Sciences"", ""country"": ""US""}]",True,SS→DOI→OA
153,SOSP,2017,https://openalex.org/W2909865272,DeepXplore,https://openalex.org/A5007048525,Kexin Pei,1,3,36,"[{""id"": ""https://openalex.org/I78577930"", ""name"": ""Columbia University"", ""country"": ""US""}]",True,SS→DOI→OA
157,UIST,2017,https://openalex.org/W2765855860,Triggering Artwork Swaps for Live Animation,https://openalex.org/A5001875469,Nora S. Willett,1,1,9,"[{""id"": ""https://openalex.org/I20089843"", ""name"": ""Princeton University"", ""country"": ""US""}]",True,SS→DOI→OA
159,UIST,2017,https://openalex.org/W2739069594,AirCode,https://openalex.org/A5070661194,Avinash S. Nair,2,0,1,"[{""id"": ""https://openalex.org/I78577930"", ""name"": ""Columbia University"", ""country"": ""US""}]",False,SS→DOI→OA
160,VLDB,2017,https://openalex.org/W2583856578,Provenance for natural language queries,https://openalex.org/A5010359061,Nave Frost,2,1,24,"[{""id"": ""https://openalex.org/I16391192"", ""name"": ""Tel Aviv University"", ""country"": ""IL""}]",False,SS→DOI→OA
161,AAAI,2016,https://openalex.org/W2555956881,Bidirectional Search That Is Guaranteed to Meet in the Middle: Extended Version,https://openalex.org/A5088017068,Guni Sharon,1,5,73,"[{""id"": ""https://openalex.org/I154425047"", ""name"": ""University of Alberta"", ""country"": ""CA""}]",True,SS→DOI→OA
162,ACL,2016,https://openalex.org/W2515120005,Finding Non-Arbitrary Form-Meaning Systematicity Using String-Metric Learning for Kernel Regression,https://openalex.org/A5091346638,Elkin Gutierrez,1,4,10,"[{""id"": ""https://openalex.org/I2800935791"", ""name"": ""UC San Diego Health System"", ""country"": ""US""}]",True,SS→DOI→OA
164,CHI,2016,https://openalex.org/W2225313775,Designing Movement-based Play With Young People Using Powered Wheelchairs,https://openalex.org/A5062650159,Kieran Hicks,2,2,24,"[{""id"": ""https://openalex.org/I51532219"", ""name"": ""University of Lincoln"", ""country"": ""GB""}]",False,SS→DOI→OA
164,CHI,2016,https://openalex.org/W2225313775,Designing Movement-based Play With Young People Using Powered Wheelchairs,https://openalex.org/A5035414960,Michael R. Kalyn,3,5,11,"[{""id"": ""https://openalex.org/I51532219"", ""name"": ""University of Lincoln"", ""country"": ""GB""}]",False,SS→DOI→OA
167,CHI,2016,https://openalex.org/W2402642969,On Looking at the Vagina through Labella,https://openalex.org/A5055844978,Teresa Almeida,1,2,50,"[{""id"": ""https://openalex.org/I84884186"", ""name"": ""Newcastle University"", ""country"": ""GB""}]",True,SS→DOI→OA
168,CHI,2016,https://openalex.org/W2405564622,Project Jacquard,https://openalex.org/A5048484850,Shiho Fukuhara,3,0,3,"[{""id"": ""https://openalex.org/I1291425158"", ""name"": ""Google (United States)"", ""country"": ""US""}]",False,SS→DOI→OA
169,CHI,2016,https://openalex.org/W2582468434,"""Destroy Me!"": The Rape Fantasy as Transformation in a Japanese Male-Male Pornographic Video Game Series",https://openalex.org/A5041783895,Alexander Jackson Graves,1,0,1,[],True,GS→title→OA
170,CHI,2016,https://openalex.org/W2351491323,Momentary Pleasure or Lasting Meaning?,https://openalex.org/A5000163896,Elisa D. Mekler,1,4,108,"[{""id"": ""https://openalex.org/I1850255"", ""name"": ""University of Basel"", ""country"": ""CH""}]",True,SS→DOI→OA
176,CHI,2016,https://openalex.org/W2408438722,Understanding and Mitigating the Effects of Device and Cloud Service Design Decisions on the Environmental Footprint of Digital Infrastructure,https://openalex.org/A5034805006,Daniel Schien,2,5,64,"[{""id"": ""https://openalex.org/I36234482"", ""name"": ""University of Bristol"", ""country"": ""GB""}]",False,SS→DOI→OA
178,CHI,2016,https://openalex.org/W2402939184,Learn Piano with BACh,https://openalex.org/A5056394286,Kurt B. Oleson,2,0,2,"[{""id"": ""https://openalex.org/I121934306"", ""name"": ""Tufts University"", ""country"": ""US""}]",False,SS→title→OA
180,CHI,2016,https://openalex.org/W2396533648,"Building a Personalized, Auto-Calibrating Eye Tracker from User Interactions",https://openalex.org/A5059880425,Michael Xuelin Huang,1,4,44,"[{""id"": ""https://openalex.org/I14243506"", ""name"": ""Hong Kong Polytechnic University"", ""country"": ""HK""}]",True,SS→DOI→OA
180,CHI,2016,https://openalex.org/W2396533648,"Building a Personalized, Auto-Calibrating Eye Tracker from User Interactions",https://openalex.org/A5043922248,Tiffany C.K. Kwok,2,2,14,"[{""id"": ""https://openalex.org/I14243506"", ""name"": ""Hong Kong Polytechnic University"", ""country"": ""HK""}]",False,SS→DOI→OA
181,CHI,2016,https://openalex.org/W2394670422,Developing and Validating the User Burden Scale,https://openalex.org/A5035627325,Hyewon Suh,1,4,19,"[{""id"": ""https://openalex.org/I201448701"", ""name"": ""University of Washington"", ""country"": ""US""}]",True,SS→DOI→OA
181,CHI,2016,https://openalex.org/W2394670422,Developing and Validating the User Burden Scale,https://openalex.org/A5014842691,Nina Shahriaree,2,0,1,"[{""id"": ""https://openalex.org/I201448701"", ""name"": ""University of Washington"", ""country"": ""US""}]",False,SS→DOI→OA
182,CHI,2016,https://openalex.org/W2400341429,Foraging Among an Overabundance of Similar Variants,https://openalex.org/A5014639509,Sruti Srinivasa Ragavan,1,3,29,"[{""id"": ""https://openalex.org/I131249849"", ""name"": ""Oregon State University"", ""country"": ""US""}]",True,SS→DOI→OA
182,CHI,2016,https://openalex.org/W2400341429,Foraging Among an Overabundance of Similar Variants,https://openalex.org/A5072109649,Sandeep Kaur Kuttal,2,5,48,"[{""id"": ""https://openalex.org/I87208437"", ""name"": ""University of Tulsa"", ""country"": ""US""}, {""id"": ""https://openalex.org/I131249849"", ""name"": ""Oregon State University"", ""country"": ""US""}]",False,SS→DOI→OA
183,CHI,2016,https://openalex.org/W2396662988,"Finding Email in a Multi-Account, Multi-Device World",https://openalex.org/A5015385005,Marta E. Cecchinato,1,4,52,"[{""id"": ""https://openalex.org/I45129253"", ""name"": ""University College London"", ""country"": ""GB""}]",True,SS→DOI→OA
185,CHI,2016,https://openalex.org/W2398012670,Lock n' LoL,https://openalex.org/A5082002320,Minsam Ko,1,5,68,"[{""id"": ""https://openalex.org/I157485424"", ""name"": ""Korea Advanced Institute of Science and Technology"", ""country"": ""KR""}]",True,SS→DOI→OA
185,CHI,2016,https://openalex.org/W2398012670,Lock n' LoL,https://openalex.org/A5101776191,Seungwoo Choi,2,2,24,"[{""id"": ""https://openalex.org/I157485424"", ""name"": ""Korea Advanced Institute of Science and Technology"", ""country"": ""KR""}]",False,SS→DOI→OA
186,CIKM,2016,https://openalex.org/W2537475616,Vandalism Detection in Wikidata,https://openalex.org/A5038894198,Stefan Heindorf,1,4,68,"[{""id"": ""https://openalex.org/I206945453"", ""name"": ""Paderborn University"", ""country"": ""DE""}]",True,SS→DOI→OA
190,FSE,2016,https://openalex.org/W2548627465,API code recommendation using statistical learning from fine-grained changes,https://openalex.org/A5057072967,Mihai Codoban,3,5,10,"[{""id"": ""https://openalex.org/I1290206253"", ""name"": ""Microsoft (United States)"", ""country"": ""US""}]",False,SS→DOI→OA
192,FSE,2016,https://openalex.org/W2546949415,Factors influencing code review processes in industry,https://openalex.org/A5018416139,Olga Liskin,2,5,20,"[{""id"": ""https://openalex.org/I114112103"", ""name"": ""Leibniz University Hannover"", ""country"": ""DE""}]",False,SS→DOI→OA
193,FSE,2016,https://openalex.org/W2546851909,"Foraging and navigations, fundamentally: developers' predictions of value and cost",https://openalex.org/A5047536715,Austin Z. Henley,2,2,56,"[{""id"": ""https://openalex.org/I94658018"", ""name"": ""University of Memphis"", ""country"": ""US""}]",False,SS→DOI→OA
193,FSE,2016,https://openalex.org/W2546851909,"Foraging and navigations, fundamentally: developers' predictions of value and cost",https://openalex.org/A5002742929,Tahmid Nabi,3,1,4,"[{""id"": ""https://openalex.org/I131249849"", ""name"": ""Oregon State University"", ""country"": ""US""}]",False,SS→DOI→OA
196,FSE,2016,https://openalex.org/W2476494490,Why we refactor? confessions of GitHub contributors,https://openalex.org/A5101822967,Danilo Silva,1,2,13,"[{""id"": ""https://openalex.org/I110200422"", ""name"": ""Universidade Federal de Minas Gerais"", ""country"": ""BR""}]",True,SS→DOI→OA
198,ICML,2016,https://openalex.org/W2953318193,Pixel Recurrent Neural Networks,https://openalex.org/A5039776447,Aäron van den Oord,1,4,73,"[{""id"": ""https://openalex.org/I4210090411"", ""name"": ""DeepMind (United Kingdom)"", ""country"": ""GB""}, {""id"": ""https://openalex.org/I1291425158"", ""name"": ""Google (United States)"", ""country"": ""US""}]",True,SS→title→OA
199,ICML,2016,https://openalex.org/W2949816416,Ensuring Rapid Mixing and Low Bias for Asynchronous Gibbs Sampling,https://openalex.org/A5041869459,Christopher De,1,2,150,"[{""id"": ""https://openalex.org/I97018004"", ""name"": ""Stanford University"", ""country"": ""US""}]",True,SS→title→OA
201,ICSE,2016,https://openalex.org/W2344496621,Energy profiles of Java collections classes,https://openalex.org/A5030073319,Samir Hasan,1,0,3,"[{""id"": ""https://openalex.org/I82497590"", ""name"": ""Auburn University"", ""country"": ""US""}]",True,SS→DOI→OA
201,ICSE,2016,https://openalex.org/W2344496621,Energy profiles of Java collections classes,https://openalex.org/A5048404082,Zachary King,2,0,2,"[{""id"": ""https://openalex.org/I82497590"", ""name"": ""Auburn University"", ""country"": ""US""}]",False,SS→DOI→OA
202,ICSE,2016,https://openalex.org/W2393286498,Feedback-directed instrumentation for deployed JavaScript applications,https://openalex.org/A5034330109,Magnus Madsen,1,5,52,"[{""id"": ""https://openalex.org/I151746483"", ""name"": ""University of Waterloo"", ""country"": ""CA""}]",True,SS→title→OA
205,ICSE,2016,https://openalex.org/W2367183013,"On the techniques we create, the tools we build, and their misalignments",https://openalex.org/A5020000401,Eric F. Rizzi,1,2,5,"[{""id"": ""https://openalex.org/I4210135696"", ""name"": ""GrammaTech (United States)"", ""country"": ""US""}]",True,SS→DOI→OA
206,ICSE,2016,https://openalex.org/W2381207137,Termination-checking for LLVM peephole optimizations,https://openalex.org/A5087342649,David Menendez,1,4,13,"[{""id"": ""https://openalex.org/I4210096112"", ""name"": ""Rutgers Sexual and Reproductive Health and Rights"", ""country"": ""NL""}]",True,SS→DOI→OA
209,IJCAI,2016,https://openalex.org/W2552810632,Active Inference: A Process Theory,https://openalex.org/A5110418524,Francesco Rigoli,3,5,17,[],True,SS→title→OA
211,KDD,2016,https://openalex.org/W2348679751,FRAUDAR,https://openalex.org/A5065675832,Bryan Hooi,1,2,279,"[{""id"": ""https://openalex.org/I74973139"", ""name"": ""Carnegie Mellon University"", ""country"": ""US""}]",True,SS→DOI→OA
213,OSDI,2016,https://openalex.org/W2576393274,Push-button verification of file systems via crash refinement,https://openalex.org/A5045162159,Helgi Sigurbjarnarson,1,2,7,"[{""id"": ""https://openalex.org/I201448701"", ""name"": ""University of Washington"", ""country"": ""US""}]",True,SS→title→OA
213,OSDI,2016,https://openalex.org/W2576393274,Push-button verification of file systems via crash refinement,https://openalex.org/A5055964348,James Bornholt,2,4,44,"[{""id"": ""https://openalex.org/I201448701"", ""name"": ""University of Washington"", ""country"": ""US""}]",False,SS→title→OA
214,PLDI,2016,https://openalex.org/W2414762192,Into the depths of C: elaborating the de facto standards,https://openalex.org/A5013809751,Kayvan Memarian,1,4,28,"[{""id"": ""https://openalex.org/I241749"", ""name"": ""University of Cambridge"", ""country"": ""GB""}]",True,SS→DOI→OA
214,PLDI,2016,https://openalex.org/W2414762192,Into the depths of C: elaborating the de facto standards,https://openalex.org/A5051217958,Justus Matthiesen,2,1,4,"[{""id"": ""https://openalex.org/I241749"", ""name"": ""University of Cambridge"", ""country"": ""GB""}]",False,SS→DOI→OA
214,PLDI,2016,https://openalex.org/W2414762192,Into the depths of C: elaborating the de facto standards,https://openalex.org/A5081440491,James Lingard,3,0,3,"[{""id"": ""https://openalex.org/I241749"", ""name"": ""University of Cambridge"", ""country"": ""GB""}]",False,SS→DOI→OA
215,PLDI,2016,https://openalex.org/W2413028252,Transactional data structure libraries,https://openalex.org/A5021229048,Alexander Spiegelman,1,1,85,"[{""id"": ""https://openalex.org/I174306211"", ""name"": ""Technion \u2013 Israel Institute of Technology"", ""country"": ""IL""}]",True,SS→DOI→OA
215,PLDI,2016,https://openalex.org/W2413028252,Transactional data structure libraries,https://openalex.org/A5054069870,Guy Golan-Gueta,2,5,28,[],False,SS→DOI→OA
216,PLDI,2016,https://openalex.org/W2386500332,Types from data: making structured data first-class citizens in F#,https://openalex.org/A5014050315,Gustavo Guerra,2,0,4,"[{""id"": ""https://openalex.org/I4210108625"", ""name"": ""Microsoft (United Kingdom)"", ""country"": ""GB""}]",False,SS→DOI→OA
217,PLDI,2016,https://openalex.org/W2408975894,Assessing the limits of program-specific garbage collection performance,https://openalex.org/A5013744700,Nicholas Jacek,1,3,7,"[{""id"": ""https://openalex.org/I24603500"", ""name"": ""University of Massachusetts Amherst"", ""country"": ""US""}]",True,SS→DOI→OA
218,PODS,2016,https://openalex.org/W2963560792,FAQ,https://openalex.org/A5034538466,Mahmoud Abo Khamis,1,2,74,[],True,SS→DOI→OA
221,SIGCOMM,2016,https://openalex.org/W2488265751,Eliminating Channel Feedback in Next-Generation Cellular Networks,https://openalex.org/A5034738254,Deepak Vasisht,1,2,83,"[{""id"": ""https://openalex.org/I4210109586"", ""name"": ""Moscow Institute of Thermal Technology"", ""country"": ""RU""}]",True,SS→DOI→OA
222,SIGCOMM,2016,https://openalex.org/W2950280161,Inter-Technology Backscatter: Towards Internet Connectivity for Implanted Devices,https://openalex.org/A5030516279,Bryce Kellogg,3,2,26,"[{""id"": ""https://openalex.org/I201448701"", ""name"": ""University of Washington"", ""country"": ""US""}]",False,SS→title→OA
228,STOC,2016,https://openalex.org/W2963024133,Reed-Muller codes achieve capacity on erasure channels,https://openalex.org/A5061114394,Marco Mondelli,3,5,138,"[{""id"": ""https://openalex.org/I5124864"", ""name"": ""\u00c9cole Polytechnique F\u00e9d\u00e9rale de Lausanne"", ""country"": ""CH""}]",False,SS→title→OA
229,STOC,2016,https://openalex.org/W2397754814,Explicit two-source extractors and resilient functions,https://openalex.org/A5045073799,Eshan Chattopadhyay,1,4,57,"[{""id"": ""https://openalex.org/I205783295"", ""name"": ""Cornell University"", ""country"": ""US""}]",True,SS→DOI→OA
231,UIST,2016,https://openalex.org/W2537074996,Rovables,https://openalex.org/A5101796605,Artem Dementyev,1,3,33,"[{""id"": ""https://openalex.org/I63966007"", ""name"": ""Massachusetts Institute of Technology"", ""country"": ""US""}]",True,SS→DOI→OA
231,UIST,2016,https://openalex.org/W2537074996,Rovables,https://openalex.org/A5002723576,Hsin-Liu Kao,2,5,82,"[{""id"": ""https://openalex.org/I63966007"", ""name"": ""Massachusetts Institute of Technology"", ""country"": ""US""}]",False,SS→DOI→OA
232,UIST,2016,https://openalex.org/W2533619018,Zooids,https://openalex.org/A5041275294,Mathieu Le Goc,1,4,24,"[{""id"": ""https://openalex.org/I277688954"", ""name"": ""Universit\u00e9 Paris-Saclay"", ""country"": ""FR""}, {""id"": ""https://openalex.org/I102197404"", ""name"": ""Universit\u00e9 Paris-Sud"", ""country"": ""FR""}]",True,SS→DOI→OA
232,UIST,2016,https://openalex.org/W2533619018,Zooids,https://openalex.org/A5032788742,Ali Parsaei,3,0,4,"[{""id"": ""https://openalex.org/I97018004"", ""name"": ""Stanford University"", ""country"": ""US""}]",False,SS→DOI→OA
234,UIST,2016,https://openalex.org/W2538172027,ViBand,https://openalex.org/A5039125132,Gierad Laput,1,4,56,"[{""id"": ""https://openalex.org/I74973139"", ""name"": ""Carnegie Mellon University"", ""country"": ""US""}]",True,SS→DOI→OA
238,ACL,2015,https://openalex.org/W2137231986,Learning Dynamic Feature Selection for Fast Sequential Prediction,https://openalex.org/A5051203366,Emma Strubell,1,3,135,"[{""id"": ""https://openalex.org/I177605424"", ""name"": ""Amherst College"", ""country"": ""US""}, {""id"": ""https://openalex.org/I24603500"", ""name"": ""University of Massachusetts Amherst"", ""country"": ""US""}]",True,SS→DOI→OA
238,ACL,2015,https://openalex.org/W2137231986,Learning Dynamic Feature Selection for Fast Sequential Prediction,https://openalex.org/A5016501970,Luke Vilnis,2,2,34,"[{""id"": ""https://openalex.org/I177605424"", ""name"": ""Amherst College"", ""country"": ""US""}, {""id"": ""https://openalex.org/I24603500"", ""name"": ""University of Massachusetts Amherst"", ""country"": ""US""}]",False,SS→DOI→OA
238,ACL,2015,https://openalex.org/W2137231986,Learning Dynamic Feature Selection for Fast Sequential Prediction,https://openalex.org/A5074887814,Kate Silverstein,3,2,7,"[{""id"": ""https://openalex.org/I177605424"", ""name"": ""Amherst College"", ""country"": ""US""}, {""id"": ""https://openalex.org/I24603500"", ""name"": ""University of Massachusetts Amherst"", ""country"": ""US""}]",False,SS→DOI→OA
240,CHI,2015,https://openalex.org/W1974329625,Affordance++,https://openalex.org/A5088559756,Patrik Jonell,2,3,64,"[{""id"": ""https://openalex.org/I143288331"", ""name"": ""Hasso Plattner Institute"", ""country"": ""DE""}]",False,SS→DOI→OA
241,CHI,2015,https://openalex.org/W2077940530,VelociTap,https://openalex.org/A5013958366,Haythem Memmi,2,2,3,"[{""id"": ""https://openalex.org/I917168660"", ""name"": ""Montana Technological University"", ""country"": ""US""}]",False,SS→DOI→OA
241,CHI,2015,https://openalex.org/W2077940530,VelociTap,https://openalex.org/A5013050933,Justin Emge,3,1,2,"[{""id"": ""https://openalex.org/I917168660"", ""name"": ""Montana Technological University"", ""country"": ""US""}]",False,SS→DOI→OA
245,CHI,2015,https://openalex.org/W2114469472,Sangeet Swara,https://openalex.org/A5072922547,Aditya Vashistha,1,5,115,"[{""id"": ""https://openalex.org/I201448701"", ""name"": ""University of Washington"", ""country"": ""US""}]",True,SS→DOI→OA
246,CHI,2015,https://openalex.org/W2171206549,Understanding and Supporting Fathers and Fatherhood on Social Media Sites,https://openalex.org/A5064547400,Tawfiq Ammari,1,2,55,"[{""id"": ""https://openalex.org/I27837315"", ""name"": ""University of Michigan\u2013Ann Arbor"", ""country"": ""US""}]",True,SS→DOI→OA
246,CHI,2015,https://openalex.org/W2171206549,Understanding and Supporting Fathers and Fatherhood on Social Media Sites,https://openalex.org/A5021777354,Sarita Schoenebeck,2,2,82,"[{""id"": ""https://openalex.org/I27837315"", ""name"": ""University of Michigan\u2013Ann Arbor"", ""country"": ""US""}]",False,SS→DOI→OA
247,CHI,2015,https://openalex.org/W2071865879,Patina Engraver,https://openalex.org/A5065073074,Seijin Cha,2,0,6,"[{""id"": ""https://openalex.org/I157485424"", ""name"": ""Korea Advanced Institute of Science and Technology"", ""country"": ""KR""}]",False,SS→DOI→OA
249,CHI,2015,https://openalex.org/W1972988737,Resilience Mitigates the Negative Effects of Adolescent Internet Addiction and Online Risk Exposure,https://openalex.org/A5032530421,Pamela Wiśniewski,1,4,311,"[{""id"": ""https://openalex.org/I130769515"", ""name"": ""Pennsylvania State University"", ""country"": ""US""}]",True,SS→DOI→OA
252,CHI,2015,https://openalex.org/W2163444123,iSkin,https://openalex.org/A5000906180,Martin Weigel,1,5,29,"[{""id"": ""https://openalex.org/I4210109712"", ""name"": ""Max Planck Institute for Informatics"", ""country"": ""DE""}]",True,SS→DOI→OA
252,CHI,2015,https://openalex.org/W2163444123,iSkin,https://openalex.org/A5103414046,Tong Lu,2,2,20,"[{""id"": ""https://openalex.org/I74973139"", ""name"": ""Carnegie Mellon University"", ""country"": ""US""}]",False,SS→DOI→OA
253,CHI,2015,https://openalex.org/W2040372247,Designing Political Deliberation Environments to Support Interactions in the Public Sphere,https://openalex.org/A5087981305,Heather Faucett,2,1,9,"[{""id"": ""https://openalex.org/I204250578"", ""name"": ""University of California, Irvine"", ""country"": ""US""}]",False,SS→DOI→OA
255,CHI,2015,https://openalex.org/W2193303691,Acoustruments,https://openalex.org/A5017750168,Eric Brockmeyer,2,3,15,"[{""id"": ""https://openalex.org/I4210142140"", ""name"": ""Walt Disney (United States)"", ""country"": ""US""}]",False,SS→DOI→OA
258,CHI,2015,https://openalex.org/W2071620178,Sharing is Caring,https://openalex.org/A5064398083,Abdullah Ali,3,0,24,"[{""id"": ""https://openalex.org/I79272384"", ""name"": ""University of Maryland, Baltimore County"", ""country"": ""US""}]",False,SS→DOI→OA
259,CHI,2015,https://openalex.org/W1964639420,ColourID,https://openalex.org/A5064335088,Alan R. Andrade,2,0,5,"[{""id"": ""https://openalex.org/I177639307"", ""name"": ""University of Dundee"", ""country"": ""GB""}]",False,SS→DOI→OA
259,CHI,2015,https://openalex.org/W1964639420,ColourID,https://openalex.org/A5023724965,Ross Teviotdale,3,0,3,"[{""id"": ""https://openalex.org/I177639307"", ""name"": ""University of Dundee"", ""country"": ""GB""}]",False,SS→DOI→OA
260,CIKM,2015,https://openalex.org/W2068176125,Assessing the Impact of Syntactic and Semantic Structures for Answer Passages Reranking,https://openalex.org/A5019276791,Kateryna Tymoshenko,1,5,26,"[{""id"": ""https://openalex.org/I193223587"", ""name"": ""University of Trento"", ""country"": ""IT""}]",True,SS→DOI→OA
264,FSE,2015,https://openalex.org/W2053553342,Effective test suites for mixed discrete-continuous stateflow controllers,https://openalex.org/A5001563585,Reza Matinnejad,1,4,12,"[{""id"": ""https://openalex.org/I186903577"", ""name"": ""University of Luxembourg"", ""country"": ""LU""}]",True,SS→DOI→OA
265,FSE,2015,https://openalex.org/W2136601052,MultiSE: multi-path symbolic execution using value summaries,https://openalex.org/A5039301553,Liang Gong,3,4,40,"[{""id"": ""https://openalex.org/I95457486"", ""name"": ""University of California, Berkeley"", ""country"": ""US""}]",False,SS→DOI→OA
267,FSE,2015,https://openalex.org/W2063535228,Optimizing energy consumption of GUIs in Android apps: a multi-objective approach,https://openalex.org/A5069439324,Mario Linares‐Vásquez,1,4,139,"[{""id"": ""https://openalex.org/I16285277"", ""name"": ""William & Mary"", ""country"": ""US""}]",True,SS→DOI→OA
267,FSE,2015,https://openalex.org/W2063535228,Optimizing energy consumption of GUIs in Android apps: a multi-objective approach,https://openalex.org/A5056526226,Gabriele Bavota,2,5,336,"[{""id"": ""https://openalex.org/I171543936"", ""name"": ""Free University of Bozen-Bolzano"", ""country"": ""IT""}]",False,SS→DOI→OA
267,FSE,2015,https://openalex.org/W2063535228,Optimizing energy consumption of GUIs in Android apps: a multi-objective approach,https://openalex.org/A5016486642,Carlos Eduardo Bernal Cárdenas,3,0,1,"[{""id"": ""https://openalex.org/I16285277"", ""name"": ""William & Mary"", ""country"": ""US""}]",False,SS→DOI→OA
269,FSE,2015,https://openalex.org/W2079877139,A user-guided approach to program analysis,https://openalex.org/A5002052018,Ravi Mangal,1,1,53,"[{""id"": ""https://openalex.org/I2800444561"", ""name"": ""Atlanta Technical College"", ""country"": ""US""}, {""id"": ""https://openalex.org/I130701444"", ""name"": ""Georgia Institute of Technology"", ""country"": ""US""}]",True,SS→DOI→OA
270,FSE,2015,https://openalex.org/W2027701108,Users beware: preference inconsistencies ahead,https://openalex.org/A5090520110,Farnaz Behrang,1,4,17,"[{""id"": ""https://openalex.org/I130701444"", ""name"": ""Georgia Institute of Technology"", ""country"": ""US""}, {""id"": ""https://openalex.org/I2800444561"", ""name"": ""Atlanta Technical College"", ""country"": ""US""}]",True,SS→DOI→OA
274,ICSE,2015,https://openalex.org/W4239863959,Views on Internal and External Validity in Empirical Software Engineering,https://openalex.org/A5016750744,Janet Siegmund,1,3,67,"[{""id"": ""https://openalex.org/I186354981"", ""name"": ""University of Passau"", ""country"": ""DE""}]",True,SS→title→OA
275,ICSE,2015,https://openalex.org/W4238398178,How Much Up-Front? A Grounded theory of Agile Architecture,https://openalex.org/A5021806319,Michael Waterman,1,3,10,[],True,SS→DOI→OA
280,IJCAI,2015,https://openalex.org/W2399956932,Recursive Decomposition for Nonconvex Optimization - IJCAI-15 Distinguished Paper.,https://openalex.org/A5077191191,Abram L. Friesen,1,5,23,"[{""id"": ""https://openalex.org/I58610484"", ""name"": ""Seattle University"", ""country"": ""US""}, {""id"": ""https://openalex.org/I201448701"", ""name"": ""University of Washington"", ""country"": ""US""}]",True,SS→title→OA
281,IJCAI,2015,https://openalex.org/W2497473102,Bayesian active learning for posterior estimation,https://openalex.org/A5050433159,Kirthevasan Kandasamy,1,3,78,"[{""id"": ""https://openalex.org/I74973139"", ""name"": ""Carnegie Mellon University"", ""country"": ""US""}]",True,SS→title→OA
282,INFOCOM,2015,https://openalex.org/W1591399774,The power of slightly more than one sample in randomized load balancing,https://openalex.org/A5045181694,Xiaohan Kang,3,5,29,"[{""id"": ""https://openalex.org/I55732556"", ""name"": ""Arizona State University"", ""country"": ""US""}]",False,SS→title→OA
284,MOBICOM,2015,https://openalex.org/W2538862502,CAreDroid,https://openalex.org/A5038820344,Salma Elmalaki,1,2,47,"[{""id"": ""https://openalex.org/I161318765"", ""name"": ""University of California, Los Angeles"", ""country"": ""US""}]",True,SS→DOI→OA
285,NeurIPS,2015,https://openalex.org/W2187207766,Competitive distribution estimation: why is Good-Turing good,https://openalex.org/A5103890688,Ananda Theertha Suresh,2,5,140,"[{""id"": ""https://openalex.org/I36258959"", ""name"": ""University of California, San Diego"", ""country"": ""US""}]",False,GS→title→OA
287,PLDI,2015,https://openalex.org/W2061091230,Automatically improving accuracy for floating point expressions,https://openalex.org/A5022031348,Pavel Panchekha,1,2,78,"[{""id"": ""https://openalex.org/I201448701"", ""name"": ""University of Washington"", ""country"": ""US""}]",True,SS→DOI→OA
287,PLDI,2015,https://openalex.org/W2061091230,Automatically improving accuracy for floating point expressions,https://openalex.org/A5088457102,Alex Sanchez-Stern,2,0,18,"[{""id"": ""https://openalex.org/I201448701"", ""name"": ""University of Washington"", ""country"": ""US""}]",False,SS→DOI→OA
290,PODS,2015,https://openalex.org/W2070021346,Parallel-Correctness and Transferability for Conjunctive Queries,https://openalex.org/A5008206932,Tom J. Ameloot,1,4,26,"[{""id"": ""https://openalex.org/I4210127597"", ""name"": ""Transnational University Limburg"", ""country"": ""BE""}, {""id"": ""https://openalex.org/I878454856"", ""name"": ""Hasselt University"", ""country"": ""BE""}]",True,SS→title→OA
290,PODS,2015,https://openalex.org/W2070021346,Parallel-Correctness and Transferability for Conjunctive Queries,https://openalex.org/A5061584053,Gaetano Geck,2,2,14,"[{""id"": ""https://openalex.org/I200332995"", ""name"": ""TU Dortmund University"", ""country"": ""DE""}]",False,SS→title→OA
290,PODS,2015,https://openalex.org/W2070021346,Parallel-Correctness and Transferability for Conjunctive Queries,https://openalex.org/A5028459977,Bas Ketsman,3,2,52,"[{""id"": ""https://openalex.org/I878454856"", ""name"": ""Hasselt University"", ""country"": ""BE""}, {""id"": ""https://openalex.org/I4210127597"", ""name"": ""Transnational University Limburg"", ""country"": ""BE""}]",False,SS→title→OA
291,S&P,2015,https://openalex.org/W2580339477,A messy state of the union,https://openalex.org/A5042649150,Benjamin Beurdouche,1,1,22,"[{""id"": ""https://openalex.org/I1326498283"", ""name"": ""Institut national de recherche en informatique et en automatique"", ""country"": ""FR""}, {""id"": ""https://openalex.org/I4210132990"", ""name"": ""State Key Laboratory of Cryptology"", ""country"": ""CN""}]",True,SS→DOI→OA
293,SIGCOMM,2015,https://openalex.org/W2094739364,Central Control Over Distributed Routing,https://openalex.org/A5065703902,Olivier Tilmans,2,1,13,"[{""id"": ""https://openalex.org/I95674353"", ""name"": ""UCLouvain"", ""country"": ""BE""}]",False,SS→DOI→OA
295,SIGMETRICS,2015,https://openalex.org/W3212975581,Spy vs. Spy,https://openalex.org/A5064699160,Peter Kairouz,2,3,147,"[{""id"": ""https://openalex.org/I157725225"", ""name"": ""University of Illinois Urbana-Champaign"", ""country"": ""US""}]",False,SS→DOI→OA
296,SIGMOD,2015,https://openalex.org/W2092799168,DBSCAN Revisited,https://openalex.org/A5068471095,Junhao Gan,1,3,42,"[{""id"": ""https://openalex.org/I177725633"", ""name"": ""Chinese University of Hong Kong"", ""country"": ""CN""}]",True,SS→DOI→OA
298,SOSP,2015,https://openalex.org/W2902547091,Pivot Tracing,https://openalex.org/A5011277895,Jonathan Mace,1,5,36,"[{""id"": ""https://openalex.org/I4210121786"", ""name"": ""Max Planck Institute for Software Systems"", ""country"": ""DE""}]",True,SS→DOI→OA
298,SOSP,2015,https://openalex.org/W2902547091,Pivot Tracing,https://openalex.org/A5003124561,Ryan Roelke,2,0,4,"[{""id"": ""https://openalex.org/I175594653"", ""name"": ""John Brown University"", ""country"": ""US""}]",False,SS→DOI→OA
299,SOSP,2015,https://openalex.org/W2073742357,Using Crash Hoare logic for certifying the FSCQ file system,https://openalex.org/A5010436566,Tej Chajed,3,2,25,[],False,SS→title→OA
301,STOC,2015,https://openalex.org/W2082224527,Exponential Separation of Information and Communication for Boolean Functions,https://openalex.org/A5021833322,Anat Ganor,1,5,17,"[{""id"": ""https://openalex.org/I53964585"", ""name"": ""Weizmann Institute of Science"", ""country"": ""IL""}]",True,SS→DOI→OA
303,STOC,2015,https://openalex.org/W2033498419,2-Server PIR with Sub-Polynomial Communication,https://openalex.org/A5038687630,Sivakanth Gopi,2,3,81,"[{""id"": ""https://openalex.org/I20089843"", ""name"": ""Princeton University"", ""country"": ""US""}]",False,SS→DOI→OA
304,UIST,2015,https://openalex.org/W2197150605,Foldio,https://openalex.org/A5058504215,Simon Olberding,1,5,25,"[{""id"": ""https://openalex.org/I4210109712"", ""name"": ""Max Planck Institute for Informatics"", ""country"": ""DE""}]",True,SS→DOI→OA
304,UIST,2015,https://openalex.org/W2197150605,Foldio,https://openalex.org/A5057575769,Sergio Soto Ortega,2,0,1,"[{""id"": ""https://openalex.org/I4210109712"", ""name"": ""Max Planck Institute for Informatics"", ""country"": ""DE""}]",False,SS→DOI→OA
305,UIST,2015,https://openalex.org/W2176017127,Orbits,https://openalex.org/A5015893090,Augusto Esteves,1,5,82,"[{""id"": ""https://openalex.org/I67415387"", ""name"": ""Lancaster University"", ""country"": ""GB""}]",True,SS→DOI→OA
305,UIST,2015,https://openalex.org/W2176017127,Orbits,https://openalex.org/A5087672786,Eduardo Velloso,2,5,186,"[{""id"": ""https://openalex.org/I67415387"", ""name"": ""Lancaster University"", ""country"": ""GB""}]",False,SS→DOI→OA
306,UIST,2015,https://openalex.org/W2271345687,<i>Webstrates</i>,https://openalex.org/A5089708930,Siemen Baader,3,0,3,"[{""id"": ""https://openalex.org/I204337017"", ""name"": ""Aarhus University"", ""country"": ""DK""}]",False,SS→DOI→OA
311,CHI,2014,https://openalex.org/W2137864660,Consumed endurance,https://openalex.org/A5077463393,Juan David Hincapié-Ramos,1,4,22,"[{""id"": ""https://openalex.org/I46247651"", ""name"": ""University of Manitoba"", ""country"": ""CA""}]",True,SS→DOI→OA
311,CHI,2014,https://openalex.org/W2137864660,Consumed endurance,https://openalex.org/A5075318331,Paymahn Moghadasian,3,2,3,"[{""id"": ""https://openalex.org/I46247651"", ""name"": ""University of Manitoba"", ""country"": ""CA""}]",False,SS→DOI→OA
312,CHI,2014,https://openalex.org/W2005511465,JuxtaPinch,https://openalex.org/A5109928774,Heidi Selmer Nielsen,1,0,2,"[{""id"": ""https://openalex.org/I891191580"", ""name"": ""Aalborg University"", ""country"": ""DK""}]",True,SS→title→OA
312,CHI,2014,https://openalex.org/W2005511465,JuxtaPinch,https://openalex.org/A5082667645,Marius Pallisgaard Olsen,2,0,5,"[{""id"": ""https://openalex.org/I891191580"", ""name"": ""Aalborg University"", ""country"": ""DK""}]",False,SS→title→OA
315,CHI,2014,https://openalex.org/W2094690640,MixFab,https://openalex.org/A5002616622,Christian Weichel,1,4,16,"[{""id"": ""https://openalex.org/I67415387"", ""name"": ""Lancaster University"", ""country"": ""GB""}]",True,SS→DOI→OA
316,CHI,2014,https://openalex.org/W2155058526,Cultural group selection plays an essential role in explaining human cooperation: A sketch of the evidence,https://openalex.org/A5051803370,Ryan Baldini,2,2,16,"[{""id"": ""https://openalex.org/I84218800"", ""name"": ""University of California, Davis"", ""country"": ""US""}]",False,GS→title→OA
317,CHI,2014,https://openalex.org/W2125898659,Emerging sites of HCI innovation,https://openalex.org/A5029485566,Garnet Hertz,2,5,20,"[{""id"": ""https://openalex.org/I204250578"", ""name"": ""University of California, Irvine"", ""country"": ""US""}]",False,SS→DOI→OA
319,CHI,2014,https://openalex.org/W2140006089,Estimating the social costs of friendsourcing,https://openalex.org/A5024501566,Jeffrey M. Rzeszotarski,1,4,44,"[{""id"": ""https://openalex.org/I1290206253"", ""name"": ""Microsoft (United States)"", ""country"": ""US""}, {""id"": ""https://openalex.org/I74973139"", ""name"": ""Carnegie Mellon University"", ""country"": ""US""}]",True,SS→DOI→OA
322,CHI,2014,https://openalex.org/W2047781873,Real-time feedback for improving medication taking,https://openalex.org/A5000246567,Matthew L. Lee,1,0,2,"[{""id"": ""https://openalex.org/I4210131230"", ""name"": ""Philips (United States)"", ""country"": ""US""}, {""id"": ""https://openalex.org/I1329325741"", ""name"": ""Philips (Finland)"", ""country"": ""FI""}]",True,SS→title→OA
327,CHI,2014,https://openalex.org/W2106612861,Making sustainability sustainable,https://openalex.org/A5036031138,Rayoung Yang,1,3,15,"[{""id"": ""https://openalex.org/I27837315"", ""name"": ""University of Michigan\u2013Ann Arbor"", ""country"": ""US""}]",True,SS→DOI→OA
328,CIKM,2014,https://openalex.org/W2061985103,Cross-Device Search,https://openalex.org/A5041066830,George D. Montañez,1,4,46,"[{""id"": ""https://openalex.org/I74973139"", ""name"": ""Carnegie Mellon University"", ""country"": ""US""}]",True,SS→title→OA
331,FSE,2014,https://openalex.org/W2158356994,Architecture challenges for internal software ecosystems: a large-scale industry case study,https://openalex.org/A5027563965,Klaus-Benedikt Schultis,1,1,7,"[{""id"": ""https://openalex.org/I1325886976"", ""name"": ""Siemens (Germany)"", ""country"": ""DE""}]",True,SS→DOI→OA
333,FSE,2014,https://openalex.org/W2140609933,Learning natural coding conventions,https://openalex.org/A5080221214,Miltiadis Allamanis,1,3,89,"[{""id"": ""https://openalex.org/I98677209"", ""name"": ""University of Edinburgh"", ""country"": ""GB""}]",True,SS→title→OA
334,FSE,2014,https://openalex.org/W2041235686,AI: a lightweight system for tolerating concurrency bugs,https://openalex.org/A5100621292,Mingxing Zhang,1,0,12,"[{""id"": ""https://openalex.org/I99065089"", ""name"": ""Tsinghua University"", ""country"": ""CN""}]",True,SS→DOI→OA
336,FSE,2014,https://openalex.org/W2135937266,Are mutants a valid substitute for real faults in software testing?,https://openalex.org/A5082120000,Darioush Jalali,2,1,5,"[{""id"": ""https://openalex.org/I201448701"", ""name"": ""University of Washington"", ""country"": ""US""}]",False,SS→DOI→OA
336,FSE,2014,https://openalex.org/W2135937266,Are mutants a valid substitute for real faults in software testing?,https://openalex.org/A5014292887,Laura Inozemtseva,3,2,11,"[{""id"": ""https://openalex.org/I151746483"", ""name"": ""University of Waterloo"", ""country"": ""CA""}]",False,SS→DOI→OA
338,ICSE,2014,https://openalex.org/W2056659466,A study and toolkit for asynchronous programming in c#,https://openalex.org/A5010881756,Semih Okur,1,3,12,"[{""id"": ""https://openalex.org/I157725225"", ""name"": ""University of Illinois Urbana-Champaign"", ""country"": ""US""}]",True,SS→DOI→OA
338,ICSE,2014,https://openalex.org/W2056659466,A study and toolkit for asynchronous programming in c#,https://openalex.org/A5055201741,David L. Hartveld,2,0,2,"[{""id"": ""https://openalex.org/I98358874"", ""name"": ""Delft University of Technology"", ""country"": ""NL""}]",False,SS→DOI→OA
339,ICSE,2014,https://openalex.org/W2095839586,Characterizing and detecting performance bugs for smartphone applications,https://openalex.org/A5084868951,Yepang Liu,1,2,177,"[{""id"": ""https://openalex.org/I200769079"", ""name"": ""Hong Kong University of Science and Technology"", ""country"": ""HK""}, {""id"": ""https://openalex.org/I889458895"", ""name"": ""University of Hong Kong"", ""country"": ""HK""}]",True,SS→DOI→OA
342,ICSE,2014,https://openalex.org/W1970005004,Enhancing symbolic execution with veritesting,https://openalex.org/A5049839987,Thanassis Avgerinos,1,5,16,"[{""id"": ""https://openalex.org/I74973139"", ""name"": ""Carnegie Mellon University"", ""country"": ""US""}]",True,SS→DOI→OA
342,ICSE,2014,https://openalex.org/W1970005004,Enhancing symbolic execution with veritesting,https://openalex.org/A5037888372,Alexandre Rebert,2,2,5,"[{""id"": ""https://openalex.org/I74973139"", ""name"": ""Carnegie Mellon University"", ""country"": ""US""}]",False,SS→DOI→OA
343,ICSE,2014,https://openalex.org/W2113610359,Improving automated source code summarization via an eye-tracking study of programmers,https://openalex.org/A5080198395,Paige Rodeghero,1,0,62,"[{""id"": ""https://openalex.org/I107639228"", ""name"": ""University of Notre Dame"", ""country"": ""US""}]",True,SS→DOI→OA
344,ICSE,2014,https://openalex.org/W2086186328,Trading robustness for maintainability: an empirical study of evolving c# programs,https://openalex.org/A5071479045,Thiago de Alcântara César,2,0,2,"[{""id"": ""https://openalex.org/I35046152"", ""name"": ""Universidade Federal do Rio Grande do Norte"", ""country"": ""BR""}]",False,SS→DOI→OA
344,ICSE,2014,https://openalex.org/W2086186328,Trading robustness for maintainability: an empirical study of evolving c# programs,https://openalex.org/A5047620436,Thomas Filipe,3,0,2,"[{""id"": ""https://openalex.org/I35046152"", ""name"": ""Universidade Federal do Rio Grande do Norte"", ""country"": ""BR""}]",False,SS→DOI→OA
345,ICSE,2014,https://openalex.org/W2090907135,Understanding JavaScript event-based interactions,https://openalex.org/A5033475627,Saba Alimadadi,1,4,19,"[{""id"": ""https://openalex.org/I141945490"", ""name"": ""University of British Columbia"", ""country"": ""CA""}]",True,SS→DOI→OA
345,ICSE,2014,https://openalex.org/W2090907135,Understanding JavaScript event-based interactions,https://openalex.org/A5081964141,Sheldon Sequeira,2,4,5,"[{""id"": ""https://openalex.org/I141945490"", ""name"": ""University of British Columbia"", ""country"": ""CA""}]",False,SS→DOI→OA
347,INFOCOM,2014,https://openalex.org/W2421692426,Joint Static and Dynamic Traffic Scheduling in Data Center Networks,https://openalex.org/A5087729117,Zizhong Cao,1,3,11,"[{""id"": ""https://openalex.org/I57206974"", ""name"": ""New York University"", ""country"": ""US""}]",True,SS→DOI→OA
349,KDD,2014,https://openalex.org/W2052261215,Reducing the sampling complexity of topic models,https://openalex.org/A5053182948,Aaron Q. Li,1,0,2,"[{""id"": ""https://openalex.org/I74973139"", ""name"": ""Carnegie Mellon University"", ""country"": ""US""}]",True,SS→DOI→OA
350,MOBICOM,2014,https://openalex.org/W2069973845,Tagoram,https://openalex.org/A5081652219,Yekui Chen,2,0,11,"[{""id"": ""https://openalex.org/I99065089"", ""name"": ""Tsinghua University"", ""country"": ""CN""}]",False,SS→DOI→OA
352,NeurIPS,2014,https://openalex.org/W2170892587,"Estimating the sample mean and standard deviation from the sample size, median, range and/or interquartile range",https://openalex.org/A5100631553,Wenqian Wang,2,4,62,"[{""id"": ""https://openalex.org/I111979921"", ""name"": ""Northwestern University"", ""country"": ""US""}]",False,GS→title→OA
355,OSDI,2014,https://openalex.org/W2169414316,IX: a protected dataplane operating system for high throughput and low latency,https://openalex.org/A5026744189,Adam Belay,1,5,38,"[{""id"": ""https://openalex.org/I97018004"", ""name"": ""Stanford University"", ""country"": ""US""}]",True,SS→title→OA
355,OSDI,2014,https://openalex.org/W2169414316,IX: a protected dataplane operating system for high throughput and low latency,https://openalex.org/A5000009841,Ana Klimovic,3,1,71,"[{""id"": ""https://openalex.org/I97018004"", ""name"": ""Stanford University"", ""country"": ""US""}]",False,SS→title→OA
356,PLDI,2014,https://openalex.org/W2170737051,Compiler validation via equivalence modulo inputs,https://openalex.org/A5037461995,Mehrdad Afshari,2,2,6,"[{""id"": ""https://openalex.org/I84218800"", ""name"": ""University of California, Davis"", ""country"": ""US""}]",False,SS→DOI→OA
357,PLDI,2014,https://openalex.org/W2057510141,Improving JavaScript performance by deconstructing the type system,https://openalex.org/A5090891852,Thomas Shull,3,0,18,"[{""id"": ""https://openalex.org/I157725225"", ""name"": ""University of Illinois Urbana-Champaign"", ""country"": ""US""}]",False,SS→DOI→OA
360,S&P,2014,https://openalex.org/W2302922559,Secure multiparty computations on Bitcoin,https://openalex.org/A5091819924,Marcin Andrychowicz,1,2,41,"[{""id"": ""https://openalex.org/I4654613"", ""name"": ""University of Warsaw"", ""country"": ""PL""}]",True,SS→DOI→OA
360,S&P,2014,https://openalex.org/W2302922559,Secure multiparty computations on Bitcoin,https://openalex.org/A5063317383,Daniel Malinowski,3,1,16,"[{""id"": ""https://openalex.org/I4654613"", ""name"": ""University of Warsaw"", ""country"": ""PL""}]",False,SS→DOI→OA
361,SIGCOMM,2014,https://openalex.org/W4240983449,Balancing accountability and privacy in the network,https://openalex.org/A5074751039,Matthew K. Mukerjee,2,4,20,"[{""id"": ""https://openalex.org/I74973139"", ""name"": ""Carnegie Mellon University"", ""country"": ""US""}]",False,SS→DOI→OA
362,SIGCOMM,2014,https://openalex.org/W4254522945,CONGA,https://openalex.org/A5036144178,Tom Edsall,2,2,13,"[{""id"": ""https://openalex.org/I135428043"", ""name"": ""Cisco Systems (United States)"", ""country"": ""US""}]",False,SS→DOI→OA
367,SODA,2014,https://openalex.org/W2278710066,"An Almost-Linear-Time Algorithm for Approximate Max Flow in Undirected Graphs, and its Multicommodity Generalizations",https://openalex.org/A5024980585,Yin Tat Lee,2,1,195,"[{""id"": ""https://openalex.org/I63966007"", ""name"": ""Massachusetts Institute of Technology"", ""country"": ""US""}]",False,SS→DOI→OA
370,UIST,2014,https://openalex.org/W2028953510,Expert crowdsourcing with flash teams,https://openalex.org/A5003378492,Sébastien Robaszkiewicz,2,3,7,"[{""id"": ""https://openalex.org/I97018004"", ""name"": ""Stanford University"", ""country"": ""US""}]",False,SS→DOI→OA
371,UIST,2014,https://openalex.org/W2144575742,PrintScreen,https://openalex.org/A5039222883,Michael Wessely,2,0,42,"[{""id"": ""https://openalex.org/I4210109712"", ""name"": ""Max Planck Institute for Informatics"", ""country"": ""DE""}]",False,SS→DOI→OA
372,VLDB,2014,https://openalex.org/W2243512312,The uncracked pieces in database cracking,https://openalex.org/A5005397258,Felix Schuhknecht,1,1,80,"[{""id"": ""https://openalex.org/I91712215"", ""name"": ""Saarland University"", ""country"": ""DE""}]",True,SS→DOI→OA
374,VLDB,2014,https://openalex.org/W2294510862,M4,https://openalex.org/A5063997221,Uwe Jugel,1,5,16,"[{""id"": ""https://openalex.org/I4210135152"", ""name"": ""Roland Ernst Stiftung"", ""country"": ""DE""}]",True,SS→title→OA
375,VLDB,2014,https://openalex.org/W2797202077,Building Efficient Query Engines in a High-Level Language,https://openalex.org/A5025737201,Amir Shaikhha,1,1,69,"[{""id"": ""https://openalex.org/I5124864"", ""name"": ""\u00c9cole Polytechnique F\u00e9d\u00e9rale de Lausanne"", ""country"": ""CH""}]",True,SS→DOI→OA
375,VLDB,2014,https://openalex.org/W2797202077,Building Efficient Query Engines in a High-Level Language,https://openalex.org/A5034816930,Yannis Klonatos,2,4,12,"[{""id"": ""https://openalex.org/I5124864"", ""name"": ""\u00c9cole Polytechnique F\u00e9d\u00e9rale de Lausanne"", ""country"": ""CH""}]",False,SS→DOI→OA
376,VLDB,2014,https://openalex.org/W3009330983,On k-Path Covers and their applications,https://openalex.org/A5050906094,André Nusser,2,1,53,"[{""id"": ""https://openalex.org/I100066346"", ""name"": ""University of Stuttgart"", ""country"": ""DE""}]",False,SS→DOI→OA
376,VLDB,2014,https://openalex.org/W3009330983,On k-Path Covers and their applications,https://openalex.org/A5027517542,Sabine Storandt,3,3,124,"[{""id"": ""https://openalex.org/I161046081"", ""name"": ""University of Freiburg"", ""country"": ""DE""}]",True,SS→DOI→OA
377,WWW,2014,https://openalex.org/W2060170830,Efficient estimation for high similarities using odd sketches,https://openalex.org/A5069747496,Ninh Pham,3,4,28,"[{""id"": ""https://openalex.org/I83467386"", ""name"": ""IT University of Copenhagen"", ""country"": ""DK""}]",False,SS→DOI→OA
378,AAAI,2013,https://openalex.org/W2186424956,SMILe: Shuffled Multiple-Instance Learning,https://openalex.org/A5035284993,Gary Doran,1,0,112,"[{""id"": ""https://openalex.org/I58956616"", ""name"": ""Case Western Reserve University"", ""country"": ""US""}]",True,GS→title→OA
379,AAAI,2013,https://openalex.org/W2215753997,HC-Search: Learning Heuristics and Cost Functions for Structured Prediction,https://openalex.org/A5055445718,Janardhan Rao Doppa,1,4,228,"[{""id"": ""https://openalex.org/I131249849"", ""name"": ""Oregon State University"", ""country"": ""US""}]",True,SS→DOI→OA
380,ACL,2013,https://openalex.org/W2136985729,Grounded Language Learning from Video Described with Sentences,https://openalex.org/A5009585935,Haonan Yu,1,3,65,"[{""id"": ""https://openalex.org/I219193219"", ""name"": ""Purdue University West Lafayette"", ""country"": ""US""}]",True,SS→title→OA
381,CHI,2013,https://openalex.org/W2052209137,Weighted graph comparison techniques for brain connectivity analysis,https://openalex.org/A5068799512,Nathalie Henry Riche,3,4,112,"[{""id"": ""https://openalex.org/I1290206253"", ""name"": ""Microsoft (United States)"", ""country"": ""US""}]",False,SS→title→OA
385,CHI,2013,https://openalex.org/W2128640376,Improving navigation-based file retrieval,https://openalex.org/A5012186497,Stephen Fitchett,1,4,11,"[{""id"": ""https://openalex.org/I185492890"", ""name"": ""University of Canterbury"", ""country"": ""NZ""}]",True,SS→DOI→OA
386,CHI,2013,https://openalex.org/W4241693488,SPRWeb,https://openalex.org/A5076413226,Katharina Reinecke,2,5,18,"[{""id"": ""https://openalex.org/I2801851002"", ""name"": ""Harvard University Press"", ""country"": ""US""}]",False,SS→DOI→OA
387,CHI,2013,https://openalex.org/W1986345088,The efficacy of human post-editing for language translation,https://openalex.org/A5004988074,Spence Green,1,4,30,"[{""id"": ""https://openalex.org/I1743320"", ""name"": ""Palo Alto University"", ""country"": ""US""}, {""id"": ""https://openalex.org/I97018004"", ""name"": ""Stanford University"", ""country"": ""US""}]",True,SS→DOI→OA
389,CHI,2013,https://openalex.org/W2147603330,Turkopticon,https://openalex.org/A5089242807,M. Six Silberman,2,3,54,"[{""id"": ""https://openalex.org/I1288783943"", ""name"": ""Bureau of Economic Analysis"", ""country"": ""US""}]",False,SS→DOI→OA
391,CHI,2013,https://openalex.org/W2007644286,Webzeitgeist,https://openalex.org/A5027407975,Ranjitha Kumar,1,4,50,"[{""id"": ""https://openalex.org/I97018004"", ""name"": ""Stanford University"", ""country"": ""US""}, {""id"": ""https://openalex.org/I1743320"", ""name"": ""Palo Alto University"", ""country"": ""US""}]",True,SS→DOI→OA
391,CHI,2013,https://openalex.org/W2007644286,Webzeitgeist,https://openalex.org/A5077783676,Arvind Satyanarayan,2,1,102,"[{""id"": ""https://openalex.org/I1743320"", ""name"": ""Palo Alto University"", ""country"": ""US""}, {""id"": ""https://openalex.org/I97018004"", ""name"": ""Stanford University"", ""country"": ""US""}]",False,SS→DOI→OA
392,CHI,2013,https://openalex.org/W4243991703,LaserOrigami,https://openalex.org/A5088912016,Bastian Kruck,2,0,12,"[{""id"": ""https://openalex.org/I143288331"", ""name"": ""Hasso Plattner Institute"", ""country"": ""DE""}]",False,SS→DOI→OA
393,CHI,2013,https://openalex.org/W2056225838,Labor dynamics in a mobile micro-task market,https://openalex.org/A5063521318,Mohamed Musthag,1,2,4,"[{""id"": ""https://openalex.org/I24603500"", ""name"": ""University of Massachusetts Amherst"", ""country"": ""US""}]",True,SS→DOI→OA
394,CHI,2013,https://openalex.org/W1997652918,A Review on the Use of Technology to Develop Literacy,https://openalex.org/A5088296218,Fransisca Endang Lestariningsih,3,0,20,[],False,SS→title→OA
398,CIKM,2013,https://openalex.org/W2003513631,"Penguins in sweaters, or serendipitous entity search on user-generated content",https://openalex.org/A5015875478,Ilaria Bordino,1,5,40,"[{""id"": ""https://openalex.org/I2800095910"", ""name"": ""Yahoo (Spain)"", ""country"": ""ES""}]",True,SS→DOI→OA
398,CIKM,2013,https://openalex.org/W2003513631,"Penguins in sweaters, or serendipitous entity search on user-generated content",https://openalex.org/A5041808447,Yelena Mejova,2,5,161,"[{""id"": ""https://openalex.org/I2800095910"", ""name"": ""Yahoo (Spain)"", ""country"": ""ES""}]",False,SS→DOI→OA
399,CVPR,2013,https://openalex.org/W2337673916,"Fast, Accurate Detection of 100,000 Object Classes on a Single Machine: Technical Supplement",https://openalex.org/A5091130856,Mark Segal,3,0,2,"[{""id"": ""https://openalex.org/I1291425158"", ""name"": ""Google (United States)"", ""country"": ""US""}]",False,SS→title→OA
