treated_id,control_id,conference,award_year,match_dist,lift_cit_treated,lift_works_treated,lift_cit_control,lift_works_control
https://openalex.org/A5014823249,https://openalex.org/A5010677076,AAAI,2018,1.0,2.416666666666667,2.1666666666666665,0.41587301587301584,0.5555555555555556
https://openalex.org/A5032195981,https://openalex.org/A5015615908,CHI,2018,0.0,0.6666666666666666,1.0,0.3946700507614213,0.7205882352941178
https://openalex.org/A5035195609,https://openalex.org/A5040685721,CHI,2018,0.0,7.2,1.0,0.6185567010309279,1.4285714285714286
https://openalex.org/A5011207998,https://openalex.org/A5013948143,FOCS,2018,1.0,6.5,1.5,4.466666666666667,9.0
https://openalex.org/A5063520549,https://openalex.org/A5007318528,FOCS,2018,1.0,1.6140350877192982,11.2,0.2074074074074074,1.1
https://openalex.org/A5091720485,https://openalex.org/A5029554720,ICML,2018,1.0,0.4796472184531886,0.6,2.5518518518518523,4.8
https://openalex.org/A5102012317,https://openalex.org/A5100352782,ICSE,2018,0.0,1.763768115942029,3.12,1.8593220338983052,2.226086956521739
https://openalex.org/A5030456881,https://openalex.org/A5100372201,IJCAI,2018,0.0,0.39999999999999997,2.1,1.3503137689184201,1.7341389728096677
https://openalex.org/A5064520344,https://openalex.org/A5060042752,IJCAI,2018,0.0,0.42915531335149865,0.3,1.4824935161170805,2.6666666666666665
https://openalex.org/A5100342798,https://openalex.org/A5085088065,INFOCOM,2018,0.0,1.152755905511811,2.066666666666667,0.13323353293413173,0.625
https://openalex.org/A5082318381,https://openalex.org/A5100443178,INFOCOM,2018,0.0,19.05,1.3,1.6301914048392923,2.925
https://openalex.org/A5036229988,https://openalex.org/A5057128963,INFOCOM,2018,0.0,3.983333333333333,2.4000000000000004,2.5385826771653544,1.5999999999999999
https://openalex.org/A5025058751,https://openalex.org/A5025028660,KDD,2018,1.0,19.523076923076925,6.2,5.393939393939394,3.0526315789473686
https://openalex.org/A5101558101,https://openalex.org/A5018752163,MOBICOM,2018,1.0,0.1553398058252427,0.4,0.10374261326329612,0.5714285714285714
https://openalex.org/A5056747950,https://openalex.org/A5051338636,NeurIPS,2018,0.0,0.9975308641975308,1.6,0.6521739130434783,1.425
https://openalex.org/A5039192820,https://openalex.org/A5112193907,NeurIPS,2018,0.0,62.820689655172416,13.0,0.02953061858874728,0.33582089552238803
https://openalex.org/A5085945429,https://openalex.org/A5077585432,OSDI,2018,0.0,0.1808353808353808,0.676923076923077,4.030075187969925,1.8571428571428574
https://openalex.org/A5060703788,https://openalex.org/A5048777417,OSDI,2018,0.0,0.4538461538461539,1.3,1.2685185185185186,1.3928571428571428
https://openalex.org/A5081476292,https://openalex.org/A5005275631,SIGIR,2018,1.0,2.557377049180328,2.0,0.24111228440689897,0.6770833333333333
https://openalex.org/A5015113627,https://openalex.org/A5034603892,SIGMOD,2018,1.0,0.24404761904761904,4.0,0.3330457290767903,0.95
https://openalex.org/A5090101869,https://openalex.org/A5025874799,SODA,2018,0.0,2.803125,1.7142857142857142,0.4298507462686567,0.8444444444444444
https://openalex.org/A5021735130,https://openalex.org/A5038972102,UIST,2018,1.0,2.424,1.8,0.9791225416036309,2.5142857142857147
https://openalex.org/A5073533400,https://openalex.org/A5060695800,UIST,2018,0.0,0.09212730318257957,0.4444444444444444,0.1806645131518228,0.8461538461538461
https://openalex.org/A5061951606,https://openalex.org/A5052467896,ACL,2017,1.0,2.841287458379578,8.304761904761905,0.8233979135618481,1.5
https://openalex.org/A5089731854,https://openalex.org/A5014222815,CHI,2017,0.0,0.9039274924471299,1.035294117647059,6.607843137254903,2.3
https://openalex.org/A5016617747,https://openalex.org/A5031323457,CHI,2017,0.0,1.3047619047619048,1.35,1.6222222222222222,0.8846153846153846
https://openalex.org/A5049567786,https://openalex.org/A5041837927,CHI,2017,0.0,1.296875,0.875,0.2767062314540059,0.896551724137931
https://openalex.org/A5076388753,https://openalex.org/A5079753562,FSE,2017,0.0,1.3181818181818181,2.0,0.4427672955974843,1.6888888888888889
https://openalex.org/A5014407395,https://openalex.org/A5100700361,ICCV,2017,1.0,2.9197205803331543,1.9692307692307693,0.14794982116012648,0.9464285714285715
https://openalex.org/A5085762342,https://openalex.org/A5054753279,ICSE,2017,0.0,1.6830985915492958,0.75,0.8159651669085632,1.6521739130434783
https://openalex.org/A5046120615,https://openalex.org/A5080366682,INFOCOM,2017,1.0,0.9273570324574961,1.56,0.5813760707377729,0.6712328767123288
https://openalex.org/A5008595840,https://openalex.org/A5072755496,NeurIPS,2017,0.0,1.9719101123595506,2.5,1.3513513513513513,1.2
https://openalex.org/A5008326572,https://openalex.org/A5102734862,PLDI,2017,0.0,0.07547169811320754,0.6666666666666666,0.6080476900149031,1.4444444444444444
https://openalex.org/A5070223708,https://openalex.org/A5023359178,PLDI,2017,0.0,0.779874213836478,1.3333333333333333,0.49236641221374045,0.9148936170212765
https://openalex.org/A5078763719,https://openalex.org/A5053098822,PLDI,2017,0.0,0.8642335766423358,1.2,0.12626262626262627,0.4513888888888889
https://openalex.org/A5018284688,https://openalex.org/A5004976322,S&P,2017,1.0,0.17984496124031008,3.3333333333333335,0.29681978798586567,0.40909090909090906
https://openalex.org/A5008674902,https://openalex.org/A5008493066,SIGCOMM,2017,0.0,0.16291877007801744,1.6477272727272725,1.080088170462895,0.793103448275862
https://openalex.org/A5086057750,https://openalex.org/A5014067492,SIGCOMM,2017,1.0,6.4,1.0,0.10988037217545416,0.8181818181818182
https://openalex.org/A5102759092,https://openalex.org/A5100957970,SOSP,2017,1.0,0.32786885245901637,1.25,43.333333333333336,0.6666666666666666
https://openalex.org/A5010359061,https://openalex.org/A5021195349,VLDB,2017,1.0,3.02,3.8,1.4390018484288354,1.5460526315789473
https://openalex.org/A5088017068,https://openalex.org/A5077149145,AAAI,2016,1.0,0.8089385474860336,2.7142857142857144,0.6217008797653959,1.0303030303030303
https://openalex.org/A5091346638,https://openalex.org/A5066273713,ACL,2016,1.0,1.7916666666666667,1.0,1.0569375345494747,1.16
https://openalex.org/A5062650159,https://openalex.org/A5035443322,CHI,2016,0.0,1.2517241379310344,0.7999999999999999,3.357142857142857,1.5714285714285716
https://openalex.org/A5038894198,https://openalex.org/A5100735881,CIKM,2016,1.0,1.7,1.8399999999999999,28.63448275862069,2.4
https://openalex.org/A5018416139,https://openalex.org/A5088438387,FSE,2016,0.0,0.0,0.29411764705882354,1.3649289099526065,1.3333333333333333
https://openalex.org/A5101822967,https://openalex.org/A5037117080,FSE,2016,0.0,1.9616858237547892,0.5333333333333333,1.209090909090909,1.8181818181818181
https://openalex.org/A5039776447,https://openalex.org/A5100420915,ICML,2016,0.0,7.8081360048573165,3.6363636363636362,1.2200109950522264,6.8
https://openalex.org/A5110418524,https://openalex.org/A5011377871,IJCAI,2016,1.0,0.7981330221703618,0.4444444444444444,0.09279173514909603,0.48000000000000004
https://openalex.org/A5065675832,https://openalex.org/A5100409661,KDD,2016,1.0,16.460869565217394,13.333333333333334,3.1098591549295778,3.5
https://openalex.org/A5030516279,https://openalex.org/A5026925980,NSDI,2016,1.0,0.4228395061728395,1.0,0.4356363636363636,1.309090909090909
https://openalex.org/A5045162159,https://openalex.org/A5036969978,OSDI,2016,1.0,33.666666666666664,1.3333333333333333,0.85,1.0
https://openalex.org/A5055964348,https://openalex.org/A5084821901,OSDI,2016,1.0,2.317948717948718,1.7,0.022703818369453045,0.6666666666666666
https://openalex.org/A5034738254,https://openalex.org/A5075133765,SIGCOMM,2016,0.0,0.5309462915601023,0.9777777777777779,2.6530612244897958,6.2
https://openalex.org/A5061114394,https://openalex.org/A5101788564,STOC,2016,1.0,1.3542857142857143,2.8125,2.564516129032258,0.5
https://openalex.org/A5045073799,https://openalex.org/A5014978503,STOC,2016,0.0,0.6127659574468085,2.8,0.17062766605728213,0.8333333333333333
https://openalex.org/A5101796605,https://openalex.org/A5020423438,UIST,2016,0.0,0.24874172185430465,0.6923076923076924,5.9,0.72
https://openalex.org/A5002723576,https://openalex.org/A5065221891,UIST,2016,0.0,1.4176136363636362,1.375,1.903061224489796,1.875
https://openalex.org/A5016501970,https://openalex.org/A5090215557,ACL,2015,1.0,3.0198863636363638,3.3333333333333335,0.18991980088495572,2.588235294117647
https://openalex.org/A5072922547,https://openalex.org/A5052549454,CHI,2015,0.0,2.13953488372093,1.1428571428571428,3.217993079584775,1.7619047619047619
https://openalex.org/A5019276791,https://openalex.org/A5089605137,CIKM,2015,1.0,0.965625,0.625,4.3426573426573425,2.7307692307692304
https://openalex.org/A5001563585,https://openalex.org/A5052633187,FSE,2015,0.0,1.7096114519427403,1.1111111111111112,0.13763440860215054,1.0
https://openalex.org/A5039301553,https://openalex.org/A5061605447,FSE,2015,0.0,0.3139896373056995,0.85,0.5335152652225823,0.6666666666666667
https://openalex.org/A5056526226,https://openalex.org/A5101595466,FSE,2015,0.0,1.135217391304348,1.5588235294117647,1.0023696682464456,1.05
https://openalex.org/A5077191191,https://openalex.org/A5055199976,IJCAI,2015,1.0,0.2895348837209302,1.08,2.1267682263329704,1.6964285714285716
https://openalex.org/A5045181694,https://openalex.org/A5013695358,INFOCOM,2015,1.0,3.235294117647059,1.9047619047619049,12.358126721763087,4.923076923076923
https://openalex.org/A5038820344,https://openalex.org/A5091197122,MOBICOM,2015,1.0,0.989247311827957,1.1111111111111112,0.45454545454545453,1.6153846153846154
https://openalex.org/A5103890688,https://openalex.org/A5036435487,NeurIPS,2015,0.0,15.789189189189191,2.682352941176471,0.8641451177151679,1.5217391304347827
https://openalex.org/A5022031348,https://openalex.org/A5100722775,PLDI,2015,0.0,1.1327731092436977,2.0,1.0579937304075235,3.0
https://openalex.org/A5028459977,https://openalex.org/A5101839396,PODS,2015,1.0,2.4266666666666667,1.5,0.6434108527131783,2.85
https://openalex.org/A5042649150,https://openalex.org/A5026297326,S&P,2015,1.0,3.7684210526315787,3.2,1.4925000000000002,1.6071428571428572
https://openalex.org/A5064699160,https://openalex.org/A5076026636,SIGMETRICS,2015,1.0,12.962544169611308,2.9454545454545458,5.345833333333334,2.6666666666666665
https://openalex.org/A5068471095,https://openalex.org/A5100383731,SIGMOD,2015,1.0,0.12869565217391304,2.6,6.55,3.85
https://openalex.org/A5011277895,https://openalex.org/A5054417711,SOSP,2015,0.0,76.65,2.1,0.3076923076923077,1.0
https://openalex.org/A5010436566,https://openalex.org/A5036529548,SOSP,2015,0.0,1.069767441860465,1.8333333333333333,0.6610495195861049,1.5999999999999999
https://openalex.org/A5021833322,https://openalex.org/A5013053155,STOC,2015,0.0,0.35555555555555557,0.8333333333333334,0.13611615245009073,0.5102040816326531
https://openalex.org/A5038687630,https://openalex.org/A5101701586,STOC,2015,0.0,4.375,4.0,0.2751798561151079,0.8918918918918918
https://openalex.org/A5077463393,https://openalex.org/A5104268832,CHI,2014,0.0,1.3363636363636364,1.0,0.05715592135345222,0.7407407407407407
https://openalex.org/A5041066830,https://openalex.org/A5076259865,CIKM,2014,1.0,1.9607843137254901,1.1428571428571428,0.31113838600797794,0.7450980392156863
https://openalex.org/A5027563965,https://openalex.org/A5009530531,FSE,2014,0.0,0.19444444444444445,1.6666666666666667,0.7818930041152263,2.4
https://openalex.org/A5014292887,https://openalex.org/A5014327382,FSE,2014,0.0,3.7777777777777777,1.3333333333333333,0.24445812807881775,0.8382352941176471
https://openalex.org/A5010881756,https://openalex.org/A5052426710,ICSE,2014,0.0,0.7010309278350515,0.6,0.7629857637552906,1.2
https://openalex.org/A5087729117,https://openalex.org/A5051842127,INFOCOM,2014,0.0,1.875,1.3333333333333333,0.5375494071146245,1.5714285714285716
https://openalex.org/A5100631553,https://openalex.org/A5100741315,NeurIPS,2014,0.0,37.266666666666666,3.4,1.4480457578646329,1.2982456140350878
https://openalex.org/A5026744189,https://openalex.org/A5102251003,OSDI,2014,0.0,0.9589905362776026,1.1428571428571428,1.393217231897342,1.4736842105263157
https://openalex.org/A5000009841,https://openalex.org/A5089845483,OSDI,2014,0.0,17.22222222222222,3.5,1.0346938775510204,1.6923076923076923
https://openalex.org/A5037461995,https://openalex.org/A5056589829,PLDI,2014,0.0,0.13636363636363635,1.5,13.490909090909092,2.2
https://openalex.org/A5091819924,https://openalex.org/A5048461894,S&P,2014,1.0,26.325,1.7600000000000002,0.2875801472334362,0.37254901960784315
https://openalex.org/A5063317383,https://openalex.org/A5044697595,S&P,2014,1.0,2.6117021276595747,0.75,0.05070310952663894,0.31343283582089554
https://openalex.org/A5074751039,https://openalex.org/A5044769831,SIGCOMM,2014,1.0,1.4841101694915253,1.875,0.13988372093023257,0.9375
https://openalex.org/A5024980585,https://openalex.org/A5008952420,SODA,2014,0.0,1.003921568627451,1.4000000000000001,0.24473493100944085,0.5416666666666667
https://openalex.org/A5003378492,https://openalex.org/A5019041283,UIST,2014,0.0,18.0,1.3333333333333333,0.6736263736263736,1.3333333333333333
https://openalex.org/A5005397258,https://openalex.org/A5077156448,VLDB,2014,0.0,1.082191780821918,2.8,0.04865556978233035,0.2631578947368421
https://openalex.org/A5034816930,https://openalex.org/A5079846990,VLDB,2014,0.0,1.71900826446281,1.3333333333333335,0.793859649122807,1.4705882352941178
https://openalex.org/A5027517542,https://openalex.org/A5091334588,VLDB,2014,0.0,0.3995454545454546,1.6125,0.2896253602305476,0.8571428571428571
https://openalex.org/A5009585935,https://openalex.org/A5045403710,ACL,2013,1.0,5.6786885245901635,4.2,1.5018807092960775,1.6190476190476188
https://openalex.org/A5068799512,https://openalex.org/A5031744461,CHI,2013,0.0,1.5192399049881236,1.3142857142857143,0.43821330184966545,1.5333333333333332
https://openalex.org/A5076413226,https://openalex.org/A5084751438,CHI,2013,0.0,0.7688172043010753,0.6666666666666666,1.2987101154107263,1.2297297297297296
https://openalex.org/A5015875478,https://openalex.org/A5068043486,CIKM,2013,1.0,0.062083049693669165,1.0666666666666667,1.5534985880138061,2.4814814814814814
https://openalex.org/A5027328044,https://openalex.org/A5101542158,ICCV,2013,1.0,2.625965665236051,4.8,0.8753745422261681,6.875
https://openalex.org/A5089862531,https://openalex.org/A5000529247,ICML,2013,0.0,11.415384615384616,4.0,2.7695652173913046,2.48
https://openalex.org/A5034150823,https://openalex.org/A5002599291,ICSE,2013,0.0,5.086705202312139,3.253333333333333,1.2364990689013036,0.42622950819672134
https://openalex.org/A5076258904,https://openalex.org/A5036744986,ICSE,2013,0.0,0.5497206703910615,1.6,0.927334083239595,1.040816326530612
https://openalex.org/A5064825146,https://openalex.org/A5102788874,INFOCOM,2013,1.0,0.11590909090909092,1.05,11.875,2.0
https://openalex.org/A5035348123,https://openalex.org/A5044160991,MOBICOM,2013,1.0,2.2808510638297874,0.8,4.503538175046555,2.0114285714285716
https://openalex.org/A5103356207,https://openalex.org/A5011077730,MOBICOM,2013,1.0,0.17318887451487708,0.6923076923076924,1.9350649350649352,3.3888888888888884
https://openalex.org/A5006723758,https://openalex.org/A5103106502,PLDI,2013,0.0,0.4006849315068493,1.55,1.0593487394957983,1.6595744680851063
https://openalex.org/A5085711958,https://openalex.org/A5022264843,PODS,2013,1.0,0.8467836257309942,2.5,0.3063063063063063,1.0285714285714287
https://openalex.org/A5103417248,https://openalex.org/A5109968020,SOSP,2013,0.0,0.6955703532136653,0.7638888888888888,0.36105577689243024,0.6756756756756757
https://openalex.org/A5056988727,https://openalex.org/A5017415826,UIST,2013,0.0,68.35,4.0,1.3187134502923976,1.4423076923076923
https://openalex.org/A5003218066,https://openalex.org/A5046815740,VLDB,2013,1.0,0.5125786163522013,0.4166666666666667,1.8923212709620476,3.5200000000000005
https://openalex.org/A5011012964,https://openalex.org/A5062318856,WWW,2013,1.0,1.0787950383933846,1.7142857142857142,0.26063938098147016,0.5728155339805825
https://openalex.org/A5074393622,https://openalex.org/A5031401811,AAAI,2012,1.0,1.4591836734693877,1.3888888888888888,1.709375,1.1379310344827587
https://openalex.org/A5067066896,https://openalex.org/A5085699861,ICML,2012,1.0,94.175,2.4,3.5251396648044695,2.666666666666667
https://openalex.org/A5088410123,https://openalex.org/A5069411288,ICSE,2012,0.0,1.3745098039215684,1.92,0.07755775577557755,0.5833333333333334
https://openalex.org/A5041608081,https://openalex.org/A5020844039,ICSE,2012,0.0,0.5588235294117647,1.5,0.10095011876484561,0.6944444444444444
https://openalex.org/A5085243096,https://openalex.org/A5044070973,INFOCOM,2012,1.0,3.2946236559139783,3.0,3.4817275747508307,3.125
https://openalex.org/A5080702284,https://openalex.org/A5034604991,INFOCOM,2012,1.0,2.7766497461928936,4.3,1.4592901878914406,2.833333333333333
https://openalex.org/A5041608911,https://openalex.org/A5060287971,SIGMETRICS,2012,1.0,12.1,1.8,6.409677419354838,2.142857142857143
https://openalex.org/A5013551063,https://openalex.org/A5001781037,STOC,2012,0.0,0.5802985074626866,1.9555555555555557,1.3289036544850499,1.1388888888888888
https://openalex.org/A5050138372,https://openalex.org/A5072006037,VLDB,2012,1.0,2.1989528795811517,0.8,0.79296875,1.0
https://openalex.org/A5091273829,https://openalex.org/A5065790866,CHI,2011,0.0,22.833333333333332,2.2666666666666666,0.37029501525940994,0.7999999999999999
https://openalex.org/A5022201710,https://openalex.org/A5039879761,CHI,2011,0.0,0.0725883476599809,0.5714285714285714,1.0058516196447231,1.4318181818181817
https://openalex.org/A5017101724,https://openalex.org/A5008689083,FOCS,2011,0.0,9.31358024691358,4.685714285714285,0.3117552334943639,1.05
https://openalex.org/A5049191217,https://openalex.org/A5102985059,FSE,2011,0.0,0.34991423670668953,0.5882352941176471,0.29674968341072183,0.3611111111111111
https://openalex.org/A5083739081,https://openalex.org/A5057689302,ICSE,2011,0.0,2.5297297297297296,2.6666666666666665,1.2464088397790054,2.2222222222222223
https://openalex.org/A5031168005,https://openalex.org/A5110505437,ICSE,2011,0.0,0.6581560283687943,1.4181818181818182,0.4499110847658566,1.3
https://openalex.org/A5062838041,https://openalex.org/A5100453049,ICSE,2011,0.0,0.18846153846153846,0.5,1.5085714285714285,3.2
https://openalex.org/A5082856719,https://openalex.org/A5050903632,IJCAI,2011,0.0,26.178571428571427,6.75,0.3727187646233037,0.7446808510638298
https://openalex.org/A5000893188,https://openalex.org/A5102861589,PODS,2011,1.0,3.040579710144928,2.1142857142857143,2.3417721518987342,3.071428571428571
https://openalex.org/A5068150550,https://openalex.org/A5079175103,SIGCOMM,2011,1.0,4.9944444444444445,3.4499999999999997,6.379928315412186,2.8484848484848486
https://openalex.org/A5108288895,https://openalex.org/A5005554337,SIGCOMM,2011,1.0,0.5744054360135901,1.3599999999999999,0.5853103387901603,2.8947368421052633
https://openalex.org/A5032253873,https://openalex.org/A5070565287,VLDB,2011,1.0,0.9457399103139014,0.9,0.6603683329347046,1.1964285714285716
https://openalex.org/A5055793906,https://openalex.org/A5000416532,VLDB,2011,1.0,0.47668393782383417,1.4,1.6951672862453533,1.1071428571428572
https://openalex.org/A5028755343,https://openalex.org/A5034370354,AAAI,2010,1.0,1.085294117647059,1.3125,130.4,1.4666666666666668
https://openalex.org/A5109353454,https://openalex.org/A5040959667,CHI,2010,0.0,5.6421052631578945,3.2,2.0463894967177243,1.4666666666666668
https://openalex.org/A5085818578,https://openalex.org/A5088135366,CIKM,2010,1.0,3.0087272727272727,3.0,0.4992184786384161,0.6
https://openalex.org/A5083631720,https://openalex.org/A5078587812,FSE,2010,0.0,1.459016393442623,1.0,0.6200980392156863,0.8666666666666667
https://openalex.org/A5030863830,https://openalex.org/A5005255629,ICML,2010,1.0,21.833333333333332,2.5,0.6989414694894147,1.4864864864864864
https://openalex.org/A5000582109,https://openalex.org/A5089828454,ICSE,2010,0.0,5.793939393939393,9.5,7.026315789473684,2.3846153846153846
https://openalex.org/A5025340145,https://openalex.org/A5084524791,ICSE,2010,0.0,0.7785714285714286,2.25,0.352112676056338,0.8771929824561403
https://openalex.org/A5071597932,https://openalex.org/A5019000951,INFOCOM,2010,1.0,1.7040000000000002,0.375,0.9232121922626026,1.6235294117647059
https://openalex.org/A5009660759,https://openalex.org/A5027819738,KDD,2010,0.0,0.9211267605633803,0.66,3.1833976833976836,1.015625
https://openalex.org/A5066531106,https://openalex.org/A5010031675,OSDI,2010,0.0,0.7236889692585895,0.8526315789473685,8.5,0.75
https://openalex.org/A5014539613,https://openalex.org/A5089439033,S&P,2010,1.0,0.47058823529411764,3.0,0.4960835509138381,1.1666666666666667
https://openalex.org/A5100687673,https://openalex.org/A5068276075,SIGCOMM,2010,1.0,1.8635658914728683,2.8444444444444446,0.41114982578397213,0.875
https://openalex.org/A5111985072,https://openalex.org/A5017359920,SIGMOD,2010,1.0,1.529525120440468,2.0307692307692307,0.3127147766323024,0.7586206896551725
https://openalex.org/A5081042997,https://openalex.org/A5101667271,SODA,2010,1.0,0.4894366197183099,0.6,0.4900161899622234,1.1666666666666667
https://openalex.org/A5023591555,https://openalex.org/A5051676245,STOC,2010,0.0,1.566579634464752,1.7361111111111112,1.228110599078341,1.0
https://openalex.org/A5084269195,https://openalex.org/A5034276567,UIST,2010,1.0,0.715203426124197,2.0,0.4426406926406926,0.8750000000000001
https://openalex.org/A5001722321,https://openalex.org/A5051693368,ACL,2009,0.0,3.5954198473282446,3.3333333333333335,2.3607843137254902,1.3636363636363635
https://openalex.org/A5053694765,https://openalex.org/A5004921249,ACL,2009,0.0,0.8509174311926605,2.5,0.7355714824594493,1.3333333333333335
https://openalex.org/A5072031454,https://openalex.org/A5101874838,FSE,2009,0.0,0.14742014742014742,4.5,0.362920892494929,1.1800000000000002
https://openalex.org/A5102141585,https://openalex.org/A5084611756,FSE,2009,0.0,13.90625,1.3333333333333333,0.7296528173022196,2.6153846153846154
https://openalex.org/A5054163834,https://openalex.org/A5068077704,ICML,2009,1.0,2.4444444444444446,1.0,0.4636401849516603,1.0
https://openalex.org/A5100735704,https://openalex.org/A5035314009,INFOCOM,2009,1.0,1.4578034682080925,1.2222222222222223,1.2341772151898733,1.7142857142857142
https://openalex.org/A5103031701,https://openalex.org/A5113974966,MOBICOM,2009,1.0,0.323439099283521,0.5333333333333333,0.6579187585577362,1.0526315789473684
https://openalex.org/A5112277360,https://openalex.org/A5023962451,MOBICOM,2009,1.0,1.8744588744588744,1.1818181818181819,0.8240850059031877,1.1538461538461537
https://openalex.org/A5001043287,https://openalex.org/A5089709469,PODS,2009,1.0,1.7142857142857142,1.0,0.5141884222474461,0.9565217391304349
https://openalex.org/A5041937385,https://openalex.org/A5112443217,SIGCOMM,2009,1.0,0.48980297269270645,1.0677966101694913,0.6856877323420074,0.8
https://openalex.org/A5001598240,https://openalex.org/A5086535374,SOSP,2009,1.0,5.975,2.3,7.131939437635185,3.25
https://openalex.org/A5011891560,https://openalex.org/A5086377685,CHI,2008,0.0,4.35,4.0,3.125317258883249,2.433333333333333
https://openalex.org/A5077783791,https://openalex.org/A5001534492,CVPR,2008,0.0,6.058666666666666,4.114285714285715,0.6921933085501859,0.6538461538461539
https://openalex.org/A5068587315,https://openalex.org/A5068085751,CVPR,2008,0.0,3.409090909090909,2.0,19.559556786703602,2.533333333333333
https://openalex.org/A5023279342,https://openalex.org/A5041545934,FOCS,2008,1.0,0.04986595174262735,0.85,0.5220458553791887,0.8478260869565218
https://openalex.org/A5113684638,https://openalex.org/A5009460574,FSE,2008,0.0,3.67,4.4,0.7551546391752578,0.7692307692307692
https://openalex.org/A5048641532,https://openalex.org/A5043357999,FSE,2008,0.0,2.899159663865546,2.0,0.24242424242424243,0.3125
https://openalex.org/A5069763558,https://openalex.org/A5109802122,FSE,2008,0.0,1.4714285714285713,1.28,0.16365280289330925,0.5762711864406779
https://openalex.org/A5101967307,https://openalex.org/A5078263052,ICSE,2008,1.0,6.053333333333333,3.4,1.890834191555098,2.6363636363636362
https://openalex.org/A5100368855,https://openalex.org/A5049420901,KDD,2008,1.0,1.3177570093457944,2.5,0.8186149584487534,2.3466666666666667
https://openalex.org/A5053355200,https://openalex.org/A5100444874,OSDI,2008,0.0,0.8341839762611275,1.4545454545454546,0.339119170984456,1.1428571428571428
https://openalex.org/A5060832606,https://openalex.org/A5111537551,OSDI,2008,0.0,0.06601153599658192,1.5,0.2766996000940955,0.40441176470588236
https://openalex.org/A5113577071,https://openalex.org/A5041825861,PODS,2008,1.0,28.71,10.2,0.3833231521075138,1.1162790697674418
https://openalex.org/A5050157577,https://openalex.org/A5110209646,SIGMOD,2008,0.0,3.4807197943444734,2.4444444444444446,2.375,0.9375
https://openalex.org/A5105307360,https://openalex.org/A5088276691,AAAI,2007,0.0,7.620408163265306,0.66,1.1053270865868472,0.8214285714285714
https://openalex.org/A5036074668,https://openalex.org/A5090002679,AAAI,2007,0.0,18.059006211180122,1.5,0.5074525745257453,0.7213114754098362
https://openalex.org/A5077791792,https://openalex.org/A5055522213,ACL,2007,1.0,0.07314524555903866,0.5714285714285714,0.9203688181056161,3.8
https://openalex.org/A5057210065,https://openalex.org/A5075246991,CVPR,2007,1.0,0.13214739517153748,0.8571428571428571,0.9141325445974673,0.7457627118644068
https://openalex.org/A5023658938,https://openalex.org/A5050855162,FSE,2007,0.0,1.520257234726688,1.8399999999999999,0.3991605456453305,1.4545454545454546
https://openalex.org/A5075701279,https://openalex.org/A5088826068,FSE,2007,0.0,0.94,2.769230769230769,0.38037307380373075,1.3658536585365855
https://openalex.org/A5022177364,https://openalex.org/A5108192370,FSE,2007,0.0,1.3879549773424937,1.8653846153846152,0.532156368221942,0.5535714285714286
https://openalex.org/A5088203996,https://openalex.org/A5053915453,ICML,2007,1.0,2.8210526315789473,0.8333333333333334,8.218086500655309,1.3714285714285714
https://openalex.org/A5049134079,https://openalex.org/A5010665785,ICML,2007,1.0,2.879779917469051,2.4,1.0568619067977767,1.8695652173913044
https://openalex.org/A5101633144,https://openalex.org/A5076635608,ICML,2007,1.0,148.54285714285714,6.8,1.0393473692884512,0.86
https://openalex.org/A5019848726,https://openalex.org/A5074393374,ICSE,2007,0.0,68.8,2.2,1.8254545454545457,1.5428571428571427
https://openalex.org/A5022905724,https://openalex.org/A5059244952,ICSE,2007,0.0,0.944387755102041,1.7333333333333334,2.3644716692189895,1.3666666666666665
https://openalex.org/A5102785744,https://openalex.org/A5033848427,IJCAI,2007,0.0,28.285714285714285,0.6666666666666666,0.8411214953271028,0.9454545454545454
https://openalex.org/A5018151279,https://openalex.org/A5103038181,PLDI,2007,0.0,0.8307692307692307,0.8666666666666667,0.47703906785469496,1.6785714285714288
https://openalex.org/A5103467344,https://openalex.org/A5060789723,SIGMOD,2007,0.0,1.0532212885154062,1.0,0.057672109233266496,0.2962962962962963
https://openalex.org/A5022320149,https://openalex.org/A5108676493,SIGMOD,2007,0.0,1.4907975460122698,0.6,0.7002923976608186,1.1951219512195124
https://openalex.org/A5066623526,https://openalex.org/A5019483717,SOSP,2007,0.0,1.5115384615384615,1.8,0.2848545636910732,1.4999999999999998
https://openalex.org/A5020572630,https://openalex.org/A5079770095,SOSP,2007,0.0,2.6705882352941175,0.75,0.7029388403494837,0.6896551724137931
https://openalex.org/A5046685409,https://openalex.org/A5052643589,STOC,2007,0.0,8.25,1.611111111111111,2.4615384615384617,1.44
https://openalex.org/A5076861145,https://openalex.org/A5076189854,UIST,2007,1.0,0.34901960784313724,3.0,5.313136729222521,7.6499999999999995
https://openalex.org/A5049333271,https://openalex.org/A5031564691,VLDB,2007,1.0,1.4218320287708908,2.5,9.556306306306308,1.625
https://openalex.org/A5067442653,https://openalex.org/A5005887313,CHI,2006,0.0,0.8504273504273504,1.3333333333333333,0.6386325820602027,0.9545454545454545
https://openalex.org/A5021697915,https://openalex.org/A5102113183,CIKM,2006,1.0,0.8103448275862069,1.0,0.32849999999999996,0.48
https://openalex.org/A5033307955,https://openalex.org/A5047852703,ICSE,2006,0.0,0.3951612903225806,1.0,1.1840101522842639,0.9402985074626865
https://openalex.org/A5031385754,https://openalex.org/A5005556081,OSDI,2006,0.0,1.7181380417335474,1.2750000000000001,37.69230769230769,0.4
https://openalex.org/A5053342250,https://openalex.org/A5037538509,SIGMETRICS,2006,1.0,2.7638141809290957,2.0307692307692307,0.7738095238095238,0.9090909090909091
https://openalex.org/A5110176750,https://openalex.org/A5111426489,VLDB,2006,1.0,12.111111111111112,2.1666666666666665,0.29,1.0714285714285714
https://openalex.org/A5037160778,https://openalex.org/A5045188560,CHI,2005,0.0,0.8293640054127199,1.8666666666666665,0.6837324525185797,0.5581395348837209
https://openalex.org/A5103008611,https://openalex.org/A5031957633,CHI,2005,0.0,1.2806201550387597,0.5,1.4389067524115755,1.4166666666666667
https://openalex.org/A5006066917,https://openalex.org/A5111618543,FOCS,2005,1.0,8.994285714285715,2.0,1.2573978393612024,1.5
https://openalex.org/A5016315666,https://openalex.org/A5034123811,ICSE,2005,0.0,0.7457212713936431,2.2,2.66046511627907,4.6
https://openalex.org/A5064241063,https://openalex.org/A5059017058,PLDI,2005,1.0,0.15515427769985976,0.375,0.69534355479841,0.9459459459459459
https://openalex.org/A5007519378,https://openalex.org/A5011691423,PODS,2005,0.0,3.6296296296296293,1.1111111111111112,1.5316666666666665,2.16
https://openalex.org/A5043552468,https://openalex.org/A5113637223,VLDB,2005,1.0,5.538461538461538,2.7,0.6413939877627028,2.0
https://openalex.org/A5088242464,https://openalex.org/A5074323303,WWW,2005,1.0,0.5039370078740157,0.75,1.1675257731958764,1.727272727272727
https://openalex.org/A5016270907,https://openalex.org/A5003705762,ACL,2004,1.0,1.22992700729927,2.0,0.823943661971831,0.6363636363636364
https://openalex.org/A5075130969,https://openalex.org/A5100836787,CIKM,2004,1.0,0.5346715328467153,2.75,0.19545823195458234,0.7999999999999999
https://openalex.org/A5024843495,https://openalex.org/A5061002947,CVPR,2004,1.0,3.5172413793103448,3.0,0.700888450148075,1.5319148936170213
https://openalex.org/A5067917669,https://openalex.org/A5081852077,FOCS,2004,1.0,1.7334939759036143,1.696,1.0917744691237492,1.5937499999999998
https://openalex.org/A5005318859,https://openalex.org/A5046441603,FSE,2004,0.0,0.6125954198473282,0.5,0.2918964076858814,0.5629629629629629
https://openalex.org/A5100388576,https://openalex.org/A5103963080,ICSE,2004,0.0,16.146153846153847,4.533333333333333,0.10761769378710592,0.9722222222222222
https://openalex.org/A5019272809,https://openalex.org/A5100712511,ICSE,2004,0.0,7.482758620689655,2.16,59.4,2.2
https://openalex.org/A5112572279,https://openalex.org/A5078716556,KDD,2004,1.0,1.6295744680851065,4.6,0.7978612415232134,1.0
https://openalex.org/A5101716412,https://openalex.org/A5007866098,SIGIR,2004,1.0,35.6,1.65,0.6373390557939913,1.175
https://openalex.org/A5020404511,https://openalex.org/A5007698196,SIGMETRICS,2004,1.0,0.36701178150660474,1.2413793103448276,1.370083432657926,2.15625
https://openalex.org/A5082188602,https://openalex.org/A5102744844,WWW,2004,1.0,0.8544117647058824,1.24,0.7454010301692421,1.0
https://openalex.org/A5110904945,https://openalex.org/A5055430403,WWW,2004,1.0,8.862341772151899,7.5,1.896838602329451,2.857142857142857
https://openalex.org/A5069830330,https://openalex.org/A5109964078,ACL,2003,1.0,0.9701492537313433,1.0,0.22530215449290592,0.5806451612903226
https://openalex.org/A5025420692,https://openalex.org/A5103266587,FOCS,2003,1.0,3.326923076923077,1.75,3.757575757575758,1.0
https://openalex.org/A5078041729,https://openalex.org/A5113533321,FSE,2003,0.0,176.5,1.6,2.4723756906077345,1.2666666666666666
https://openalex.org/A5003047938,https://openalex.org/A5086706224,ICCV,2003,0.0,72.73333333333333,1.0,0.7130988645804486,1.4310344827586208
https://openalex.org/A5026996875,https://openalex.org/A5110048758,ICSE,2003,1.0,0.6071964017991004,1.75,0.36910994764397903,0.5681818181818181
https://openalex.org/A5069421748,https://openalex.org/A5081289768,IJCAI,2003,0.0,0.6959564541213064,1.75,1.8104089219330854,0.9
https://openalex.org/A5064274071,https://openalex.org/A5055710645,KDD,2003,1.0,5.16989247311828,3.6,0.7601759327134534,1.1428571428571428
https://openalex.org/A5087418634,https://openalex.org/A5068028533,WWW,2003,1.0,0.012,0.5,0.9581920903954801,1.1454545454545455
https://openalex.org/A5046457818,https://openalex.org/A5038153180,ACL,2002,1.0,3.0722618105040906,1.0947368421052632,1.9633027522935778,4.333333333333333
https://openalex.org/A5014101817,https://openalex.org/A5012311701,KDD,2002,1.0,2.202380952380952,2.0,1.410037878787879,2.6428571428571432
https://openalex.org/A5027569258,https://openalex.org/A5005380528,ACL,2001,0.0,6.489130434782608,1.25,0.6790853031860227,0.8400000000000001
https://openalex.org/A5053233618,https://openalex.org/A5106821597,ACL,2001,1.0,1.625,1.0,1.6088753534914075,1.7755102040816324
https://openalex.org/A5012032862,https://openalex.org/A5064857767,KDD,2001,1.0,0.004168982768204558,0.45454545454545453,2.3168584969532837,1.641509433962264
https://openalex.org/A5015424594,https://openalex.org/A5101903922,PODS,2001,1.0,1.611764705882353,0.375,8.18625,3.6666666666666665
https://openalex.org/A5078245746,https://openalex.org/A5113509258,SIGMOD,2001,1.0,6.182214765100671,8.0,0.5785977859778598,0.7333333333333334
https://openalex.org/A5102195798,https://openalex.org/A5048612724,WWW,2001,1.0,0.8488023952095808,1.125,11.060661764705884,3.3846153846153846
https://openalex.org/A5047278339,https://openalex.org/A5005020376,AAAI,2000,0.0,4.051612903225807,2.6,6.850736278447122,2.857142857142857
https://openalex.org/A5015797494,https://openalex.org/A5109860022,INFOCOM,2000,1.0,46.73684210526316,1.5,1.396103896103896,1.9
https://openalex.org/A5108791099,https://openalex.org/A5070068025,OSDI,2000,1.0,44.5,6.0,3.754646840148699,3.333333333333333
https://openalex.org/A5057889288,https://openalex.org/A5048204602,SIGMOD,2000,1.0,0.5806451612903226,0.6666666666666666,0.9068208479973185,1.2295081967213115
