award_id,conference,year,award_title,best_score
1,CHI,2018,Pinpointing: Precise Head- and Eye-Based Target Selection for Augmented Reality,36
2,CHI,2018,Data Illustrator: Augmenting Vector Design Tools with Lazy Data Binding for Expressive Visualization Authoring,25
3,CHI,2018,"""A Stalker's Paradise"": How Intimate Partner Abusers Exploit Technology",19
4,CHI,2018,"Keeping a Low Profile? Technology, Risk and Privacy among Undocumented Immigrants",43
5,CHI,2018,Streets for People: Engaging Children in Placemaking Through a Socio-technical Process,35
7,CHI,2018,"From Her Story, to Our Story: Digital Storytelling as Public Engagement around Abortion Rights Advocacy in Ireland",39
8,CHI,2018,Gender Recognition or Gender Reductionism?: The Social Implications of Embedded Gender Recognition Systems,31
11,CHI,2018,Examining Wikipedia With a Broader Lens: Quantifying the Value of Wikipedia's Relationships with Other Large-Scale Online Communities,28
12,CHI,2018,"Let's Talk About Race: Identity, Chatbots, and AI",60
13,CHI,2018,Semi-Automated Coding for Qualitative Research: A User-Centered Inquiry and Initial Prototypes,30
14,CHI,2018,Wall++: Room-Scale Interactive and Context-Aware Sensing,32
15,CHI,2018,HARK No More: On the Preregistration of CHI Experiments,24
16,CHI,2018,Making as Expression: Informing Design with People with Complex Communication Needs through Art Therapy,38
18,CHI,2018,Project Zanzibar: A Portable and Flexible Tangible Interaction Platform,46
20,CHI,2018,Making Core Memory: Design Inquiry into Gendered Legacies of Engineering and Craftwork,27
21,CHI,2018,Design for Collaborative Survival: An Inquiry into Human-Fungi Relationships,37
22,CHI,2018,Design Within a Patriarchal Society: Opportunities and Challenges in Designing for Rural Women in Bangladesh,49
23,CHI,2018,Hoarding and Minimalism: Tendencies in Digital Data Preservation,0
26,ICML,2018,Delayed Impact of Fair Machine Learning,35
28,ICSE,2018,Spatio-Temporal Context Reduction: A Pointer-Analysis-Based Static Approach for Detecting Use-After-Free Vulnerabilities,25
29,ICSE,2018,Identifying Design Problems in the Source Code: A Grounded Theory,83
45,SIGMOD,2018,SuRF: Practical Range Query Filtering with Fast Succinct Tries,34
46,CHI,2017,Kinecting with Orangutans: Zoo Visitors' Empathetic Responses to Animals' Use of Interactive Technology,29
47,CHI,2017,"Organic Primitives: Synthesis and Design of pH-Reactive Materials using Molecular I/O for Sensing, Actuation, and Interaction",37
48,CHI,2017,Understanding Public Evaluation: Quantifying Experimenter Intervention,38
50,CHI,2017,Illumination Aesthetics: Light as a Creative Material within Computational Design,44
51,CHI,2017,Empowered participation: How Citizens Use Technology in Local Governance,41
52,CHI,2017,Stories from Survivors: Privacy & Security Practices when Coping with Intimate Partner Abuse,34
53,CHI,2017,ShareVR: Enabling Co-Located Experiences for Virtual Reality between HMD and Non-HMD Users,0
55,CHI,2017,Explaining the Gap: Visualizing One's Predictions Improves Recall and Comprehension of Data,36
56,CHI,2017,mHealth for Maternal Mental Health: Everyday Wisdom in Ethical Design,66
59,CHI,2017,BIGnav: Bayesian Information Gain for Guiding Multiscale Navigation,22
61,CHI,2017,Flash Organizations: Crowdsourcing Complex Work by Structuring Crowds As Organizations,36
62,CHI,2017,Reflective Practicum: A Framework of Sensitising Concepts to Design for Transformative Reflection,36
66,CHI,2017,You Want Me to Work with Who?: Stakeholder Perceptions of Automated Team Formation in Project-based Courses,30
67,CHI,2017,Organic Primitives: Synthesis and Design of pH-Reactive Materials using Molecular I/O for Sensing Actuation and Interaction,37
83,SOSP,2017,"The Efficient Server Audit Problem, Deduplicated Re-execution, and the Web",0
84,SOSP,2017,DeepXplore: Automated Whitebox Testing of Deep Learning Systems,32
90,CHI,2016,Project Jacquard: Interactive Digital Textiles at Scale,39
91,CHI,2016,"""I don't Want to Wear a Screen"": Probing Perceptions of and Possibilities for Dynamic Displays on Clothing",29
92,CHI,2016,Momentary Pleasure or Lasting Meaning?: Distinguishing Eudaimonic and Hedonic User Experiences,30
93,CHI,2016,RapID: A Framework for Fabricating Low-Latency Interactive Objects with RFID Tags,26
95,CHI,2016,Haptic Wave: A Cross-Modal Interface for Visually Impaired Audio Producers,0
96,CHI,2016,FlexCase: Enhancing Mobile Interaction with a Flexible Sensing and Display Cover,18
97,CHI,2016,Dear Diary: Teens Reflect on Their Weekly Online Risk Experiences,29
100,CHI,2016,Learn Piano with BACh: An Adaptive Learning Interface that Adjusts Task Difficulty Based on Brain State,35
101,CHI,2016,Smart Touch: Improving Touch Accuracy for People with Motor Impairments with Template Matching,31
103,CHI,2016,Developing and Validating the User Burden Scale: A Tool for Assessing User Burden in Computing Systems,37
106,CHI,2016,Empath: Understanding Topic Signals in Large-Scale Text,40
107,CHI,2016,Lock n' LoL: Group-based Limiting Assistance App to Mitigate Smartphone Distractions in Group Activities,0
108,ICML,2016,Dueling Network Architectures for Deep Reinforcement Learning,35
116,ICSE,2016,"On the Techniques We Create, the Tools We Build, and Their Misalignments: A Study of KLEE",41
118,ICSE,2016,VDTest: An Automated Framework to Support Testing for Virtual Devices,16
119,ICSE,2016,Work Practices and Challenges in Pull-Based Development: The Contributor's Perspective,35
120,NeurIPS,2016,Value Iteration Networks,29
122,OSDI,2016,Early Detection of Configuration Errors to Reduce Failure Damage,34
128,SIGMOD,2016,Wander Join: Online Aggregation via Random Walks,37
129,CHI,2015,Affordance++: Allowing Objects to Communicate Dynamic Use,36
130,CHI,2015,VelociTap: Investigating Fast Mobile Text Entry using Sentence-Based Decoding of Touchscreen Keyboard Input,0
131,CHI,2015,What Makes Interruptions Disruptive?: A Process-Model Account of the Effects of the Problem State Bottleneck on Task Interruption and Resumption,40
134,CHI,2015,Sangeet Swara: A Community-Moderated Voice Forum in Rural India,0
136,CHI,2015,Patina Engraver: Visualizing Activity Logs as Patina in Fashionable Trackers,0
137,CHI,2015,Fluid Grouping: Quantifying Group Engagement around Interactive Tabletop Exhibits in the Wild,0
139,CHI,2015,BaseLase: An Interactive Focus+Context Laser Floor,0
140,CHI,2015,Tiree Energy Pulse: Exploring Renewable Energy Forecasts on the Edge of the Grid,0
143,CHI,2015,From User-Centered to Adoption-Centered Design: A Case Study of an HCI Research Innovation Becoming a Product,38
144,CHI,2015,"Acoustruments: Passive, Acoustically-Driven, Interactive Controls for Handheld Devices",12
145,CHI,2015,"The Heart Work of Wikipedia: Gendered, Emotional Labor in the World's Largest Online Encyclopedia",28
147,CHI,2015,Sharing is Caring: Assistive Technology Designs on Thingiverse,39
148,CHI,2015,"""I always assumed that I wasn't really that close to [her]"": Reasoning about Invisible Algorithms in News Feeds",28
149,CHI,2015,ColourID: Improving Colour Identification for People with Impaired Colour Vision,0
163,SIGMOD,2015,"DBSCAN Revisited: Mis-Claim, Un-Fixability, and Approximation",0
164,SOSP,2015,Pivot Tracing: Dynamic Causal Monitoring for Distributed Systems,40
166,SOSP,2015,Coz: Finding Code that Counts with Causal Profiling,29
167,CHI,2014,Consumed Endurance: A Metric to Quantify Arm Fatigue of Mid-Air Interactions,28
168,CHI,2014,Duet: Exploring Joint Interactions on a Smart Phone and a Smart Watch,40
169,CHI,2014,Type-Hover-Swipe in 96 Bytes: A Motion Sensing Mechanical Keyboard,0
171,CHI,2014,MixFab: a Mixed-Reality Environment for Personal Fabrication,33
172,CHI,2014,Growing Closer on Meta: Changes in Tie Strength Through Social Network Site Use,40
173,CHI,2014,"Emerging Sites of HCI Innovation: Hackerspaces, Hardware Startups & Incubators",17
174,CHI,2014,"Designing for Slowness, Anticipation and Re-visitation: A Long Term Field Study of the Photobox",0
177,CHI,2014,"""Narco"" Emotions: Affect and Desensitization in Social Media during the Mexican Drug War",38
181,CHI,2014,RetroDepth: 3D Silhouette Sensing for High-Precision Input On and Above Physical Surfaces,20
183,CHI,2014,Making Sustainability Sustainable: Challenges in the Design of Eco-Interaction Technologies,41
195,NeurIPS,2014,A* Sampling,44
196,OSDI,2014,Arrakis: The Operating System is the Control Plane,40
205,CHI,2013,"What is ""Critical"" About Critical Design?",26
206,CHI,2013,The Dubuque Electricity Portal: Evaluation of a City-Scale Residential Electricity Consumption Feedback System,20
208,CHI,2013,SPRWeb: Preserving Subjective Responses to Website Colour Schemes through Automatic Recolouring,0
210,CHI,2013,"Mind the Theoretical Gap: Interpreting, Using, and Developing Behavioral Theory in HCI Research",35
211,CHI,2013,Turkopticon: Interrupting Worker Invisibility in Amazon Mechanical Turk,0
212,CHI,2013,IllumiRoom: Peripheral Projected Illusions for Interactive Experiences,31
213,CHI,2013,Webzeitgeist: Design Mining the Web,51
214,CHI,2013,LaserOrigami: Laser-Cutting 3D Objects,48
216,CHI,2013,Job Opportunities through Entertainment: Virally Spread Speech-Based Services for Low-Literate Users,36
218,CHI,2013,Screenfinity: Extending the Perception Area of Content on Very Large Public Displays,0
220,CHI,2013,"The Many Faces of Meta: Experiencing Social Media as Performance, Exhibition, and Personal Archive",39
234,PLDI,2013,Static Analysis for Probabilistic Programs: Inferring Whole Program Properties from Finitely Many Paths,37
237,SOSP,2013,The Scalable Commutativity Rule: Designing Scalable Software for Multicore Processors,53
238,SOSP,2013,Towards optimization-safe systems: analyzing the impact of undefined behavior,24
239,SOSP,2013,Naiad: A Timely Dataflow System,32
243,CHI,2012,Communitysourcing: Engaging Local Crowds to Perform Expert Work Via Physical Kiosks,0
244,CHI,2012,"Touché: Enhancing Touch Interaction on Humans, Screens, Liquids, and Everyday Objects",0
247,CHI,2012,Looking Glass: A Field Study on Noticing Interactivity of Shop Windows,32
248,CHI,2012,Affordances in HCI: Toward a Mediated Action Perspective,32
249,CHI,2012,Personas and Decision Making in the Design Process: An Ethnographic Case Study,78
251,CHI,2012,Revisiting the Jacquard Loom: Threads of History and Current Patterns in HCI,0
253,CHI,2012,ClayVision: The (Elastic) Image of the City,0
265,CHI,2011,Bricolage: Example-Based Retargeting for Web Design,0
266,CHI,2011,Teenagers and Their Virtual Possessions: Design Opportunities and Issues,70
268,CHI,2011,Why is My Internet Slow?: Making Network Speeds Visible,37
269,CHI,2011,Synchronous Interaction Among Hundreds: An Evaluation of a Conference in an Avatar-based Virtual Environment,43
270,CHI,2011,Your Noise is My Command: Sensing Gestures Using the Body as an Antenna,32
272,CHI,2011,Usable Gestures for Blind People: Understanding Preference and Performance,60
273,CHI,2011,Automics: souvenir generating photoware for theme parks,31
275,CHI,2011,Review Spotlight: A User Interface for Summarizing User-generated Reviews Using Adjective-Noun Word Pairs,25
276,CHI,2011,In the Shadow of Misperception: Assistive Technology Use and Social Interactions,24
277,CHI,2011,Ease of Juggling: Studying the Effects of Manual Multitasking,42
281,ICSE,2011,"Programs, tests, and oracles: the foundations of testing revisited",36
283,ICSE,2011,"Configuring Global Software Teams: A Multi-Company Analysis of Project Productivity, Quality, and Profits",33
285,SIGMOD,2011,Entangled Queries: Enabling Declarative Data-Driven Coordination,32
286,SOSP,2011,Cells: A Virtual Mobile Smartphone Architecture,34
287,SOSP,2011,A File is Not a File: Understanding the I/O Behavior of Apple Desktop Applications,34
289,CHI,2010,The Tower of Babel Meets Web 2.0: User-Generated Content and its Applications in a Multilingual Context,0
291,CHI,2010,Skinput: Appropriating the Body as an Input Surface,30
292,CHI,2010,Avaaj Otalo — A Field Study of an Interactive Voice Forum for Small Farmers in Rural India,37
293,CHI,2010,Lumino: Tangible Blocks for Tabletop Computers Based on Glass Fiber Bundles,0
294,CHI,2010,Feminist HCI: Taking Stock and Outlining an Agenda for Design,29
295,CHI,2010,Prefab: Implementing Advanced Behaviors Using Pixel-Based Reverse Engineering of Interface Structure,0
299,CHI,2010,Useful Junk? The Effects of Visual Embellishment on Comprehension and Memorability of Charts,30
300,ICML,2010,Hilbert Space Embeddings of Hidden Markov Models,42
308,PLDI,2010,Safe to the Last Instruction: Automated Verification of a Type-Safe Operating System,38
309,SIGMOD,2010,FAST: fast architecture sensitive tree search on modern CPUs and GPUs,27
312,CHI,2009,From Interaction to Trajectories: Designing Coherent Journeys Through User Experiences,54
313,CHI,2009,Musink: Composing Music through Augmented Drawing,0
314,CHI,2009,Sizing the Horizon: The Effects of Chart Size and Layering on the Graphical Perception of Time Series Visualizations,40
315,CHI,2009,Social Immersive Media: Pursuing Best Practices for Multi-user Interactive Camera/Projector Exhibits,38
316,CHI,2009,Ephemeral Adaptation: The Use of Gradual Onset to Improve Menu Selection Performance,36
325,SOSP,2009,FAWN: A Fast Array of Wimpy Nodes,28
326,SOSP,2009,RouteBricks: Exploiting Parallelism to Scale Software Routers,0
327,SOSP,2009,seL4: Formal Verification of an OS Kernel,37
329,CHI,2008,Designs on Dignity: Perceptions of Technology Among the Homeless,32
331,CHI,2008,In-Car GPS Navigation: Engagement with and Disengagement from the Environment,43
334,CHI,2008,The Network in the Garden: An Empirical Analysis of Social Media in Rural Life,43
335,ICML,2008,SVM Optimization: Inverse Dependence on Training Set Size,41
338,ICSE,2008,Debugging Reinvented: Asking and Answering Why and Why Not Questions about Program Behavior,28
340,ICSE,2008,Predicting Accurate and Actionable Static Analysis Warnings: An Experimental Approach,35
343,OSDI,2008,Difference Engine: Harnessing Memory Redundancy in Virtual Machines,32
348,CHI,2007,Multiview: improving trust in group video conferencing through spatial faithfulness,0
349,CHI,2007,Shift: a technique for operating pen-based interfaces using touch,40
350,CHI,2007,Software or wetware?: discovering when and why people use digital prosthetic memory,27
351,CHI,2007,"Sustainable interaction design: invention & disposal, renewal & reuse",36
358,PLDI,2007,The Ant and the Grasshopper: Fast and Accurate Pointer Analysis for Millions of Lines of Code,0
361,SOSP,2007,Sinfonia: a new paradigm for building scalable distributed systems,24
362,SOSP,2007,Zyzzyva: speculative byzantine fault tolerance,20
365,CHI,2006,Embedded phenomena: supporting science learning with classroom-sized distributed simulations,22
372,SIGMOD,2006,To search or to crawl?: towards a query optimizer for text-centric tasks,37
373,CHI,2005,The bubble cursor: enhancing target acquisition by dynamic resizing of the cursor's activation area,0
382,PLDI,2005,Automatic Pool Allocation: Improving Performance by Controlling Data Structure Layout in the Heap,41
384,SOSP,2005,Rx: treating bugs as allergies - a safe method to survive software failures,0
387,SOSP,2005,Vigilante: End-to-End Containment of Internet Worms,38
406,SOSP,2001,Untrusted hosts and confidentiality: secure program partitioning,71
407,SOSP,2001,BASE: using abstraction to improve fault tolerance,32
409,PLDI,2000,Dynamo: a transparent dynamic optimization system,33
410,SIGMOD,2000,XMill: an efficient compressor for XML data,75
