award_id,conference,award_year,work_id,award_title,author_id,author_name,author_position,career_age_at_award,total_pubs_at_award,institutions,is_corresponding
0,CHI,2018,https://openalex.org/W4255717503,Agile 3D Sketching with Air Scaffolding,https://openalex.org/A5032195981,Sang-Gyun An,2,1,8,"[{""id"": ""https://openalex.org/I157485424"", ""name"": ""Korea Advanced Institute of Science and Technology"", ""country"": ""KR""}]",False
17,CHI,2018,https://openalex.org/W2795442664,Expressive Time Series Querying with Hand-Drawn Scale-Free Sketches,https://openalex.org/A5075026385,Miro Mannino,1,0,13,[],True
19,CHI,2018,https://openalex.org/W2795552328,Experiencing the Body as Play,https://openalex.org/A5086240513,Josh Andrés,3,3,75,"[{""id"": ""https://openalex.org/I82951845"", ""name"": ""RMIT University"", ""country"": ""AU""}]",False
25,ICML,2018,https://openalex.org/W2787708942,Obfuscated Gradients Give a False Sense of Security: Circumventing Defenses to Adversarial Examples,https://openalex.org/A5091720485,Anish Athalye,1,5,18,"[{""id"": ""https://openalex.org/I63966007"", ""name"": ""Massachusetts Institute of Technology"", ""country"": ""US""}]",True
27,ICSE,2018,https://openalex.org/W2784669118,Large-Scale Analysis of Framework-Specific Exceptions in Android Apps,https://openalex.org/A5102012317,Lingling Fan,1,2,61,"[{""id"": ""https://openalex.org/I66867065"", ""name"": ""East China Normal University"", ""country"": ""CN""}]",True
30,ICSE,2018,https://openalex.org/W2795338679,Static Automated Program Repair for Heap Properties,https://openalex.org/A5056334354,Rijnard van Tonder,1,5,25,"[{""id"": ""https://openalex.org/I74973139"", ""name"": ""Carnegie Mellon University"", ""country"": ""US""}]",True
32,ICSE,2018,https://openalex.org/W2794901250,Generalized Data Structure Synthesis,https://openalex.org/A5009835433,Calvin Loncaric,1,3,11,"[{""id"": ""https://openalex.org/I201448701"", ""name"": ""University of Washington"", ""country"": ""US""}]",True
33,ICSE,2018,https://openalex.org/W2795266985,Traceability in the Wild: Automatically Augmenting Incomplete Trace links,https://openalex.org/A5082629071,Michael Rath,1,1,102,[],True
33,ICSE,2018,https://openalex.org/W2795266985,Traceability in the Wild: Automatically Augmenting Incomplete Trace links,https://openalex.org/A5032569584,Jacob Rendall,2,3,6,[],False
36,NeurIPS,2018,https://openalex.org/W2807548807,Optimal Algorithms for Non-Smooth Distributed Optimization in Networks,https://openalex.org/A5056747950,Kevin Scaman,1,4,46,"[{""id"": ""https://openalex.org/I2250955327"", ""name"": ""Huawei Technologies (China)"", ""country"": ""CN""}]",True
38,NeurIPS,2018,https://openalex.org/W2808746463,Neural Ordinary Differential Equations,https://openalex.org/A5029262768,Ricky T. Q. Chen,1,0,46,"[{""id"": ""https://openalex.org/I185261750"", ""name"": ""University of Toronto"", ""country"": ""CA""}, {""id"": ""https://openalex.org/I4210127509"", ""name"": ""Vector Institute"", ""country"": ""CA""}]",True
38,NeurIPS,2018,https://openalex.org/W2808746463,Neural Ordinary Differential Equations,https://openalex.org/A5039192820,Yulia Rubanova,2,1,37,"[{""id"": ""https://openalex.org/I185261750"", ""name"": ""University of Toronto"", ""country"": ""CA""}, {""id"": ""https://openalex.org/I4210127509"", ""name"": ""Vector Institute"", ""country"": ""CA""}]",False
38,NeurIPS,2018,https://openalex.org/W2808746463,Neural Ordinary Differential Equations,https://openalex.org/A5027925889,Jesse Bettencourt,3,4,11,"[{""id"": ""https://openalex.org/I185261750"", ""name"": ""University of Toronto"", ""country"": ""CA""}, {""id"": ""https://openalex.org/I4210127509"", ""name"": ""Vector Institute"", ""country"": ""CA""}]",False
39,OSDI,2018,https://openalex.org/W2897044322,REPT: Reverse Debugging of Failures in Deployed Software,https://openalex.org/A5085945429,Xinyang Ge,2,4,38,"[{""id"": ""https://openalex.org/I4210164937"", ""name"": ""Microsoft Research (United Kingdom)"", ""country"": ""GB""}]",False
40,OSDI,2018,https://openalex.org/W2899396876,"LegoOS: A Disseminated, Distributed OS for Hardware Resource Disaggregation",https://openalex.org/A5060703788,Yizhou Shan,1,1,23,"[{""id"": ""https://openalex.org/I219193219"", ""name"": ""Purdue University West Lafayette"", ""country"": ""US""}]",True
40,OSDI,2018,https://openalex.org/W2899396876,"LegoOS: A Disseminated, Distributed OS for Hardware Resource Disaggregation",https://openalex.org/A5071661999,Yutong Huang,2,1,9,"[{""id"": ""https://openalex.org/I219193219"", ""name"": ""Purdue University West Lafayette"", ""country"": ""US""}]",False
41,OSDI,2018,https://openalex.org/W2898817152,Orca: Differential Bug Localization in Large-Scale Services,https://openalex.org/A5110832647,Chandra Sekhar Maddila,3,0,3,"[{""id"": ""https://openalex.org/I4210124949"", ""name"": ""Microsoft Research (India)"", ""country"": ""IN""}]",False
57,CHI,2017,https://openalex.org/W2610215278,A Critical Lens on Dementia and Design in HCI,https://openalex.org/A5091847639,Caroline Edasis,2,1,5,"[{""id"": ""https://openalex.org/I4210149141"", ""name"": ""Mather LifeWays"", ""country"": ""US""}]",False
64,CHI,2017,https://openalex.org/W2558581619,What Can Be Predicted from Six Seconds of Driver Glances?,https://openalex.org/A5044904792,Heishiro Toyoda,2,2,24,[],False
65,CHI,2017,https://openalex.org/W2610414453,Design and Evaluation of a Data-Driven Password Meter,https://openalex.org/A5064927835,Felicia Alfieri,2,0,2,"[{""id"": ""https://openalex.org/I74973139"", ""name"": ""Carnegie Mellon University"", ""country"": ""US""}]",False
69,ICSE,2017,https://openalex.org/W2620436109,Clone Refactoring with Lambda Expressions,https://openalex.org/A5085762342,Davood Mazinanian,2,3,24,"[{""id"": ""https://openalex.org/I60158472"", ""name"": ""Concordia University"", ""country"": ""CA""}]",False
71,ICSE,2017,https://openalex.org/W2616911398,Code Defenders: Crowdsourcing Effective Tests and Subtle Mutants with a Mutation Testing Game,https://openalex.org/A5028238692,Benjamin Clegg,3,0,8,"[{""id"": ""https://openalex.org/I91136226"", ""name"": ""University of Sheffield"", ""country"": ""GB""}]",False
72,ICSE,2017,https://openalex.org/W2616911396,Decoding the representation of code in the brain: An fMRI study of code review and expertise,https://openalex.org/A5024997852,Benjamin Floyd,1,0,48,"[{""id"": ""https://openalex.org/I51556381"", ""name"": ""University of Virginia"", ""country"": ""US""}]",True
72,ICSE,2017,https://openalex.org/W2616911396,Decoding the representation of code in the brain: An fMRI study of code review and expertise,https://openalex.org/A5013623251,Tyler Santander,2,2,51,"[{""id"": ""https://openalex.org/I51556381"", ""name"": ""University of Virginia"", ""country"": ""US""}]",False
74,ICSE,2017,https://openalex.org/W2590575400,Optimizing Test Placement for Module-Level Regression Testing,https://openalex.org/A5081483504,August Shi,1,3,64,"[{""id"": ""https://openalex.org/I157725225"", ""name"": ""University of Illinois Urbana-Champaign"", ""country"": ""US""}]",True
76,NeurIPS,2017,https://openalex.org/W2944407464,Variance-based Regularization with Convex Objectives,https://openalex.org/A5008595840,Hongseok Namkoong,1,1,65,"[{""id"": ""https://openalex.org/I97018004"", ""name"": ""Stanford University"", ""country"": ""US""}]",True
78,PLDI,2017,https://openalex.org/W2731280337,Low Overhead Dynamic Binary Translation on ARM,https://openalex.org/A5008326572,Amanieu d'Antras,1,2,8,"[{""id"": ""https://openalex.org/I28407311"", ""name"": ""University of Manchester"", ""country"": ""GB""}]",True
78,PLDI,2017,https://openalex.org/W2731280337,Low Overhead Dynamic Binary Translation on ARM,https://openalex.org/A5070223708,Cosmin Gorgovan,2,2,15,"[{""id"": ""https://openalex.org/I28407311"", ""name"": ""University of Manchester"", ""country"": ""GB""}]",False
79,PLDI,2017,https://openalex.org/W2626631502,Repairing sequential consistency in C/C++11,https://openalex.org/A5078763719,Jeehoon Kang,3,5,52,"[{""id"": ""https://openalex.org/I139264467"", ""name"": ""Seoul National University"", ""country"": ""KR""}]",False
80,PLDI,2017,https://openalex.org/W2562114628,Compiling without continuations,https://openalex.org/A5019918530,Luke Maurer,1,5,10,"[{""id"": ""https://openalex.org/I181233156"", ""name"": ""University of Oregon"", ""country"": ""US""}]",True
80,PLDI,2017,https://openalex.org/W2562114628,Compiling without continuations,https://openalex.org/A5020454182,Paul Downen,2,5,41,"[{""id"": ""https://openalex.org/I181233156"", ""name"": ""University of Oregon"", ""country"": ""US""}]",False
81,PLDI,2017,https://openalex.org/W2625141509,Bringing the web up to speed with WebAssembly,https://openalex.org/A5010565905,Andreas Haas,1,0,3,[],True
86,CHI,2016,https://openalex.org/W2225313775,Designing Movement-based Play With Young People Using Powered Wheelchairs,https://openalex.org/A5062650159,Kieran Hicks,2,2,24,"[{""id"": ""https://openalex.org/I51532219"", ""name"": ""University of Lincoln"", ""country"": ""GB""}]",False
86,CHI,2016,https://openalex.org/W2225313775,Designing Movement-based Play With Young People Using Powered Wheelchairs,https://openalex.org/A5035414960,Michael R. Kalyn,3,5,11,"[{""id"": ""https://openalex.org/I51532219"", ""name"": ""University of Lincoln"", ""country"": ""GB""}]",False
89,CHI,2016,https://openalex.org/W2402642969,On Looking at the Vagina through Labella,https://openalex.org/A5055844978,Teresa Almeida,1,2,48,"[{""id"": ""https://openalex.org/I84884186"", ""name"": ""Newcastle University"", ""country"": ""GB""}]",True
98,CHI,2016,https://openalex.org/W2408438722,Understanding and Mitigating the Effects of Device and Cloud Service Design Decisions on the Environmental Footprint of Digital Infrastructure,https://openalex.org/A5034805006,Daniel Schien,2,5,55,"[{""id"": ""https://openalex.org/I36234482"", ""name"": ""University of Bristol"", ""country"": ""GB""}]",False
102,CHI,2016,https://openalex.org/W2396533648,"Building a Personalized, Auto-Calibrating Eye Tracker from User Interactions",https://openalex.org/A5059880425,Michael Xuelin Huang,1,4,43,"[{""id"": ""https://openalex.org/I14243506"", ""name"": ""Hong Kong Polytechnic University"", ""country"": ""HK""}]",True
102,CHI,2016,https://openalex.org/W2396533648,"Building a Personalized, Auto-Calibrating Eye Tracker from User Interactions",https://openalex.org/A5043922248,Tiffany C.K. Kwok,2,2,14,"[{""id"": ""https://openalex.org/I14243506"", ""name"": ""Hong Kong Polytechnic University"", ""country"": ""HK""}]",False
104,CHI,2016,https://openalex.org/W2400341429,Foraging Among an Overabundance of Similar Variants,https://openalex.org/A5014639509,Sruti Srinivasa Ragavan,1,3,27,"[{""id"": ""https://openalex.org/I131249849"", ""name"": ""Oregon State University"", ""country"": ""US""}]",True
104,CHI,2016,https://openalex.org/W2400341429,Foraging Among an Overabundance of Similar Variants,https://openalex.org/A5072109649,Sandeep Kaur Kuttal,2,5,51,"[{""id"": ""https://openalex.org/I87208437"", ""name"": ""University of Tulsa"", ""country"": ""US""}, {""id"": ""https://openalex.org/I131249849"", ""name"": ""Oregon State University"", ""country"": ""US""}]",False
105,CHI,2016,https://openalex.org/W2396662988,"Finding Email in a Multi-Account, Multi-Device World",https://openalex.org/A5015385005,Marta E. Cecchinato,1,4,51,"[{""id"": ""https://openalex.org/I45129253"", ""name"": ""University College London"", ""country"": ""GB""}]",True
109,ICML,2016,https://openalex.org/W2953318193,Pixel Recurrent Neural Networks,https://openalex.org/A5039776447,Aäron van den Oord,1,4,72,"[{""id"": ""https://openalex.org/I4210090411"", ""name"": ""DeepMind (United Kingdom)"", ""country"": ""GB""}, {""id"": ""https://openalex.org/I1291425158"", ""name"": ""Google (United States)"", ""country"": ""US""}]",True
110,ICML,2016,https://openalex.org/W2949816416,Ensuring Rapid Mixing and Low Bias for Asynchronous Gibbs Sampling,https://openalex.org/A5041869459,Christopher De,1,2,142,"[{""id"": ""https://openalex.org/I97018004"", ""name"": ""Stanford University"", ""country"": ""US""}]",True
112,ICSE,2016,https://openalex.org/W2344496621,Energy Profiles of Java Collections Classes,https://openalex.org/A5030073319,Samir Hasan,1,2,3,"[{""id"": ""https://openalex.org/I82497590"", ""name"": ""Auburn University"", ""country"": ""US""}]",True
112,ICSE,2016,https://openalex.org/W2344496621,Energy Profiles of Java Collections Classes,https://openalex.org/A5048404082,Zachary King,2,0,2,"[{""id"": ""https://openalex.org/I82497590"", ""name"": ""Auburn University"", ""country"": ""US""}]",False
113,ICSE,2016,https://openalex.org/W2393286498,Feedback-Directed Instrumentation for Deployed JavaScript Applications,https://openalex.org/A5034330109,Magnus Madsen,1,5,51,"[{""id"": ""https://openalex.org/I151746483"", ""name"": ""University of Waterloo"", ""country"": ""CA""}]",True
117,ICSE,2016,https://openalex.org/W2381207137,Termination-Checking for LLVM Peephole Optimizations,https://openalex.org/A5087342649,David Menendez,1,4,13,"[{""id"": ""https://openalex.org/I4210096112"", ""name"": ""Rutgers Sexual and Reproductive Health and Rights"", ""country"": ""NL""}]",True
121,OSDI,2016,https://openalex.org/W2575735093,Ryoan: A Distributed Sandbox for Untrusted Computation on Secret Data,https://openalex.org/A5047712844,Tyler Hunt,1,2,11,"[{""id"": ""https://openalex.org/I86519309"", ""name"": ""The University of Texas at Austin"", ""country"": ""US""}]",True
123,OSDI,2016,https://openalex.org/W2576393274,Push-Button Verification of File Systems via Crash Refinement,https://openalex.org/A5045162159,Helgi Sigurbjarnarson,1,2,7,"[{""id"": ""https://openalex.org/I201448701"", ""name"": ""University of Washington"", ""country"": ""US""}]",True
123,OSDI,2016,https://openalex.org/W2576393274,Push-Button Verification of File Systems via Crash Refinement,https://openalex.org/A5055964348,James Bornholt,2,4,44,"[{""id"": ""https://openalex.org/I201448701"", ""name"": ""University of Washington"", ""country"": ""US""}]",False
124,PLDI,2016,https://openalex.org/W2414762192,Into the Depths of C: Elaborating the De Facto Standards,https://openalex.org/A5013809751,Kayvan Memarian,1,4,23,"[{""id"": ""https://openalex.org/I241749"", ""name"": ""University of Cambridge"", ""country"": ""GB""}]",True
124,PLDI,2016,https://openalex.org/W2414762192,Into the Depths of C: Elaborating the De Facto Standards,https://openalex.org/A5051217958,Justus Matthiesen,2,1,4,"[{""id"": ""https://openalex.org/I241749"", ""name"": ""University of Cambridge"", ""country"": ""GB""}]",False
124,PLDI,2016,https://openalex.org/W2414762192,Into the Depths of C: Elaborating the De Facto Standards,https://openalex.org/A5081440491,James Lingard,3,0,3,"[{""id"": ""https://openalex.org/I241749"", ""name"": ""University of Cambridge"", ""country"": ""GB""}]",False
125,PLDI,2016,https://openalex.org/W2413028252,Transactional Data Structure Libraries,https://openalex.org/A5021229048,Alexander Spiegelman,1,1,85,"[{""id"": ""https://openalex.org/I174306211"", ""name"": ""Technion \u2013 Israel Institute of Technology"", ""country"": ""IL""}]",True
125,PLDI,2016,https://openalex.org/W2413028252,Transactional Data Structure Libraries,https://openalex.org/A5054069870,Guy Golan-Gueta,2,5,28,[],False
126,PLDI,2016,https://openalex.org/W2386500332,Types from data: Making structured data first-class citizens in F#,https://openalex.org/A5014050315,Gustavo Guerra,2,0,4,"[{""id"": ""https://openalex.org/I4210108625"", ""name"": ""Microsoft (United Kingdom)"", ""country"": ""GB""}]",False
127,PLDI,2016,https://openalex.org/W2408975894,Assessing the limits of program-specific garbage collection performance,https://openalex.org/A5013744700,Nicholas Jacek,1,3,7,"[{""id"": ""https://openalex.org/I24603500"", ""name"": ""University of Massachusetts Amherst"", ""country"": ""US""}]",True
133,CHI,2015,https://openalex.org/W2169549255,The Social Impact of a Robot Co-Worker in Industrial Settings,https://openalex.org/A5073533400,Allison Sauppé,1,1,18,"[{""id"": ""https://openalex.org/I135310074"", ""name"": ""University of Wisconsin\u2013Madison"", ""country"": ""US""}]",True
135,CHI,2015,https://openalex.org/W2171206549,Understanding and Supporting Fathers and Fatherhood on Social Media Sites,https://openalex.org/A5064547400,Tawfiq Ammari,1,2,50,"[{""id"": ""https://openalex.org/I27837315"", ""name"": ""University of Michigan\u2013Ann Arbor"", ""country"": ""US""}]",True
135,CHI,2015,https://openalex.org/W2171206549,Understanding and Supporting Fathers and Fatherhood on Social Media Sites,https://openalex.org/A5021777354,Sarita Schoenebeck,2,2,82,"[{""id"": ""https://openalex.org/I27837315"", ""name"": ""University of Michigan\u2013Ann Arbor"", ""country"": ""US""}]",False
138,CHI,2015,https://openalex.org/W1972988737,Resilience Mitigates the Negative Effects of Adolescent Internet Addiction and Online Risk Exposure,https://openalex.org/A5032530421,Pamela Wiśniewski,1,4,305,"[{""id"": ""https://openalex.org/I130769515"", ""name"": ""Pennsylvania State University"", ""country"": ""US""}]",True
142,CHI,2015,https://openalex.org/W2040372247,Designing Political Deliberation Environments to Support Interactions in the Public Sphere,https://openalex.org/A5087981305,Heather Faucett,2,1,9,"[{""id"": ""https://openalex.org/I204250578"", ""name"": ""University of California, Irvine"", ""country"": ""US""}]",False
152,ICSE,2015,https://openalex.org/W4239863959,Views on Internal and External Validity in Empirical Software Engineering,https://openalex.org/A5016750744,Janet Siegmund,1,3,68,"[{""id"": ""https://openalex.org/I186354981"", ""name"": ""University of Passau"", ""country"": ""DE""}]",True
153,ICSE,2015,https://openalex.org/W4238398178,How Much Up-Front? A Grounded theory of Agile Architecture,https://openalex.org/A5021806319,Michael Waterman,1,3,9,[],True
154,ICSE,2015,https://openalex.org/W4241437391,When and Why Your Code Starts to Smell Bad,https://openalex.org/A5056526226,Gabriele Bavota,3,5,337,"[{""id"": ""https://openalex.org/I171543936"", ""name"": ""Free University of Bozen-Bolzano"", ""country"": ""IT""}]",False
158,NeurIPS,2015,https://openalex.org/W2187207766,Competitive Distribution Estimation: Why is Good-Turing Good,https://openalex.org/A5103890688,Ananda Theertha Suresh,2,5,135,"[{""id"": ""https://openalex.org/I36258959"", ""name"": ""University of California, San Diego"", ""country"": ""US""}]",False
160,PLDI,2015,https://openalex.org/W2061091230,Automatically Improving Accuracy for Floating Point Expressions,https://openalex.org/A5022031348,Pavel Panchekha,1,2,76,"[{""id"": ""https://openalex.org/I201448701"", ""name"": ""University of Washington"", ""country"": ""US""}]",True
160,PLDI,2015,https://openalex.org/W2061091230,Automatically Improving Accuracy for Floating Point Expressions,https://openalex.org/A5088457102,Alex Sanchez-Stern,2,0,18,"[{""id"": ""https://openalex.org/I201448701"", ""name"": ""University of Washington"", ""country"": ""US""}]",False
165,SOSP,2015,https://openalex.org/W2073742357,Using Crash Hoare Logic for Certifying the FSCQ File System,https://openalex.org/A5010436566,Tej Chajed,3,2,25,[],False
175,CHI,2014,https://openalex.org/W2140006089,Estimating the Social Costs of Friendsourcing,https://openalex.org/A5024501566,Jeffrey M. Rzeszotarski,1,4,37,"[{""id"": ""https://openalex.org/I1290206253"", ""name"": ""Microsoft (United States)"", ""country"": ""US""}, {""id"": ""https://openalex.org/I74973139"", ""name"": ""Carnegie Mellon University"", ""country"": ""US""}]",True
178,CHI,2014,https://openalex.org/W2047781873,Real-time Feedback for Improving Medication Taking,https://openalex.org/A5000246567,Matthew L. Lee,1,0,2,"[{""id"": ""https://openalex.org/I4210131230"", ""name"": ""Philips (United States)"", ""country"": ""US""}, {""id"": ""https://openalex.org/I1329325741"", ""name"": ""Philips (Finland)"", ""country"": ""FI""}]",True
185,ICSE,2014,https://openalex.org/W2056659466,A Study and Toolkit for Asynchronous Programming in C#,https://openalex.org/A5010881756,Semih Okur,1,3,12,"[{""id"": ""https://openalex.org/I157725225"", ""name"": ""University of Illinois Urbana-Champaign"", ""country"": ""US""}]",True
185,ICSE,2014,https://openalex.org/W2056659466,A Study and Toolkit for Asynchronous Programming in C#,https://openalex.org/A5055201741,David L. Hartveld,2,0,2,"[{""id"": ""https://openalex.org/I98358874"", ""name"": ""Delft University of Technology"", ""country"": ""NL""}]",False
186,ICSE,2014,https://openalex.org/W2095839586,Characterizing and Detecting Performance Bugs for Smartphone Applications,https://openalex.org/A5084868951,Yepang Liu,1,2,170,"[{""id"": ""https://openalex.org/I200769079"", ""name"": ""Hong Kong University of Science and Technology"", ""country"": ""HK""}, {""id"": ""https://openalex.org/I889458895"", ""name"": ""University of Hong Kong"", ""country"": ""HK""}]",True
187,ICSE,2014,https://openalex.org/W2106072155,Coverage Is Not Strongly Correlated with Test Suite Effectiveness,https://openalex.org/A5014292887,Laura Inozemtseva,1,2,11,"[{""id"": ""https://openalex.org/I151746483"", ""name"": ""University of Waterloo"", ""country"": ""CA""}]",True
189,ICSE,2014,https://openalex.org/W1970005004,Enhancing Symbolic Execution with Veritesting,https://openalex.org/A5049839987,Thanassis Avgerinos,1,5,16,"[{""id"": ""https://openalex.org/I74973139"", ""name"": ""Carnegie Mellon University"", ""country"": ""US""}]",True
189,ICSE,2014,https://openalex.org/W1970005004,Enhancing Symbolic Execution with Veritesting,https://openalex.org/A5037888372,Alexandre Rebert,2,2,5,"[{""id"": ""https://openalex.org/I74973139"", ""name"": ""Carnegie Mellon University"", ""country"": ""US""}]",False
190,ICSE,2014,https://openalex.org/W2113610359,Improving Automated Source Code Summarization via an Eye-Tracking Study of Programmers,https://openalex.org/A5080198395,Paige Rodeghero,1,0,62,"[{""id"": ""https://openalex.org/I107639228"", ""name"": ""University of Notre Dame"", ""country"": ""US""}]",True
191,ICSE,2014,https://openalex.org/W2086186328,Trading Robustness for Maintainability: An Empirical Study of Evolving C# Programs,https://openalex.org/A5071479045,Thiago de Alcântara César,2,0,2,"[{""id"": ""https://openalex.org/I35046152"", ""name"": ""Universidade Federal do Rio Grande do Norte"", ""country"": ""BR""}]",False
191,ICSE,2014,https://openalex.org/W2086186328,Trading Robustness for Maintainability: An Empirical Study of Evolving C# Programs,https://openalex.org/A5047620436,Thomas Filipe,3,0,2,"[{""id"": ""https://openalex.org/I35046152"", ""name"": ""Universidade Federal do Rio Grande do Norte"", ""country"": ""BR""}]",False
192,ICSE,2014,https://openalex.org/W2090907135,Understanding JavaScript Event-Based Interactions,https://openalex.org/A5033475627,Saba Alimadadi,1,4,19,"[{""id"": ""https://openalex.org/I141945490"", ""name"": ""University of British Columbia"", ""country"": ""CA""}]",True
192,ICSE,2014,https://openalex.org/W2090907135,Understanding JavaScript Event-Based Interactions,https://openalex.org/A5081964141,Sheldon Sequeira,2,4,5,"[{""id"": ""https://openalex.org/I141945490"", ""name"": ""University of British Columbia"", ""country"": ""CA""}]",False
198,OSDI,2014,https://openalex.org/W2169414316,IX: A Protected Dataplane Operating System for High Throughput and Low Latency,https://openalex.org/A5026744189,Adam Belay,1,5,36,"[{""id"": ""https://openalex.org/I97018004"", ""name"": ""Stanford University"", ""country"": ""US""}]",True
198,OSDI,2014,https://openalex.org/W2169414316,IX: A Protected Dataplane Operating System for High Throughput and Low Latency,https://openalex.org/A5000009841,Ana Klimovic,3,1,70,"[{""id"": ""https://openalex.org/I97018004"", ""name"": ""Stanford University"", ""country"": ""US""}]",False
199,PLDI,2014,https://openalex.org/W2170737051,Compiler validation via equivalence modulo inputs,https://openalex.org/A5037461995,Mehrdad Afshari,2,2,6,"[{""id"": ""https://openalex.org/I84218800"", ""name"": ""University of California, Davis"", ""country"": ""US""}]",False
200,PLDI,2014,https://openalex.org/W2057510141,Improving JavaScript Performance by Deconstructing the Type System,https://openalex.org/A5090891852,Thomas Shull,3,0,18,"[{""id"": ""https://openalex.org/I157725225"", ""name"": ""University of Illinois Urbana-Champaign"", ""country"": ""US""}]",False
201,PLDI,2014,https://openalex.org/W2050680750,On Abstraction Refinement for Program Analyses in Datalog,https://openalex.org/A5002052018,Ravi Mangal,2,0,48,"[{""id"": ""https://openalex.org/I130701444"", ""name"": ""Georgia Institute of Technology"", ""country"": ""US""}]",False
203,CHI,2013,https://openalex.org/W2052209137,Weighted Graph Comparison Techniques for Brain Connectivity Analysis,https://openalex.org/A5068799512,Nathalie Henry Riche,3,4,108,"[{""id"": ""https://openalex.org/I1290206253"", ""name"": ""Microsoft (United States)"", ""country"": ""US""}]",False
207,CHI,2013,https://openalex.org/W2128640376,Improving Navigation-Based File Retrieval,https://openalex.org/A5012186497,Stephen Fitchett,1,4,11,"[{""id"": ""https://openalex.org/I185492890"", ""name"": ""University of Canterbury"", ""country"": ""NZ""}]",True
209,CHI,2013,https://openalex.org/W1986345088,The Efficacy of Human Post-Editing for Language Translation,https://openalex.org/A5004988074,Spence Green,1,4,28,"[{""id"": ""https://openalex.org/I1743320"", ""name"": ""Palo Alto University"", ""country"": ""US""}, {""id"": ""https://openalex.org/I97018004"", ""name"": ""Stanford University"", ""country"": ""US""}]",True
215,CHI,2013,https://openalex.org/W2056225838,Labor Dynamics in a Mobile Micro-Task Market,https://openalex.org/A5063521318,Mohamed Musthag,1,2,4,"[{""id"": ""https://openalex.org/I24603500"", ""name"": ""University of Massachusetts Amherst"", ""country"": ""US""}]",True
217,CHI,2013,https://openalex.org/W1481041031,At Home with Agents: Exploring Attitudes Towards Future Smart Energy Infrastructures,https://openalex.org/A5015003640,Nadia Pantidi,3,5,66,"[{""id"": ""https://openalex.org/I142263535"", ""name"": ""University of Nottingham"", ""country"": ""GB""}]",False
222,ICML,2013,https://openalex.org/W108223363,Vanishing Component Analysis,https://openalex.org/A5089862531,Roi Livni,1,4,69,"[{""id"": ""https://openalex.org/I197251160"", ""name"": ""Hebrew University of Jerusalem"", ""country"": ""IL""}]",True
223,ICSE,2013,https://openalex.org/W2129386590,Data Clone Detection and Visualization in Spreadsheets,https://openalex.org/A5034150823,Felienne Hermans,1,4,137,"[{""id"": ""https://openalex.org/I98358874"", ""name"": ""Delft University of Technology"", ""country"": ""NL""}]",True
223,ICSE,2013,https://openalex.org/W2129386590,Data Clone Detection and Visualization in Spreadsheets,https://openalex.org/A5022511801,B.M.W. Sedee,2,4,4,"[{""id"": ""https://openalex.org/I98358874"", ""name"": ""Delft University of Technology"", ""country"": ""NL""}]",False
224,ICSE,2013,https://openalex.org/W4239177305,Interaction-Based Test-Suite Minimization,https://openalex.org/A5072756568,Dale Blue,1,4,7,"[{""id"": ""https://openalex.org/I4210091433"", ""name"": ""Poughkeepsie Public Library District"", ""country"": ""US""}]",True
224,ICSE,2013,https://openalex.org/W4239177305,Interaction-Based Test-Suite Minimization,https://openalex.org/A5076258904,Rachel Tzoref-Brill,3,4,38,"[{""id"": ""https://openalex.org/I4210167297"", ""name"": ""IBM Research - Haifa"", ""country"": ""IL""}]",False
225,ICSE,2013,https://openalex.org/W4237335675,Assisting Developers of Big Data Analytics Applications When Deploying on Hadoop Clouds,https://openalex.org/A5056378414,Weiyi Shang,1,4,156,"[{""id"": ""https://openalex.org/I204722609"", ""name"": ""Queen's University"", ""country"": ""CA""}]",True
227,ICSE,2013,https://openalex.org/W4246552097,Dual Ecological Measures of Focus in Software Development,https://openalex.org/A5029665272,Daryl Posnett,1,3,23,"[{""id"": ""https://openalex.org/I84218800"", ""name"": ""University of California, Davis"", ""country"": ""US""}]",True
228,ICSE,2013,https://openalex.org/W4255632703,Automatic patch generation learned from human-written patches,https://openalex.org/A5000308912,Jaechang Nam,2,4,31,"[{""id"": ""https://openalex.org/I200769079"", ""name"": ""Hong Kong University of Science and Technology"", ""country"": ""HK""}, {""id"": ""https://openalex.org/I889458895"", ""name"": ""University of Hong Kong"", ""country"": ""HK""}]",False
232,PLDI,2013,https://openalex.org/W2157216158,A General Constraint-centric Scheduling Framework for Spatial Architectures,https://openalex.org/A5006723758,Tony Nowatzki,1,1,75,"[{""id"": ""https://openalex.org/I135310074"", ""name"": ""University of Wisconsin\u2013Madison"", ""country"": ""US""}]",True
232,PLDI,2013,https://openalex.org/W2157216158,A General Constraint-centric Scheduling Framework for Spatial Architectures,https://openalex.org/A5002290345,Michael Sartin-Tarm,2,0,4,"[{""id"": ""https://openalex.org/I135310074"", ""name"": ""University of Wisconsin\u2013Madison"", ""country"": ""US""}]",False
235,PLDI,2013,https://openalex.org/W2063553958,Reconciling Exhaustive Pattern Matching with Objects,https://openalex.org/A5020274673,Chinawat Isradisaikul,1,4,8,"[{""id"": ""https://openalex.org/I205783295"", ""name"": ""Cornell University"", ""country"": ""US""}]",True
240,CHI,2012,https://openalex.org/W2136345490,Observational and Experimental Investigation of Typing Behaviour using Virtual Keyboards for Mobile Devices,https://openalex.org/A5040024687,Niels Henze,1,5,259,"[{""id"": ""https://openalex.org/I129877168"", ""name"": ""Carl von Ossietzky Universit\u00e4t Oldenburg"", ""country"": ""DE""}]",True
245,CHI,2012,https://openalex.org/W2166132393,Detecting Error-Related Negativity for Interaction Design,https://openalex.org/A5060738906,Chi Thanh,1,0,45,"[{""id"": ""https://openalex.org/I36234482"", ""name"": ""University of Bristol"", ""country"": ""GB""}]",True
250,CHI,2012,https://openalex.org/W1974923332,Using Rhythmic Patterns as an Input Method,https://openalex.org/A5083692181,Emilien Ghomi,1,2,7,"[{""id"": ""https://openalex.org/I4210144804"", ""name"": ""Laboratoire de Recherche en Informatique"", ""country"": ""FR""}, {""id"": ""https://openalex.org/I102197404"", ""name"": ""Universit\u00e9 Paris-Sud"", ""country"": ""FR""}, {""id"": ""https://openalex.org/I1294671590"", ""name"": ""Centre National de la Recherche Scientifique"", ""country"": ""FR""}]",True
250,CHI,2012,https://openalex.org/W1974923332,Using Rhythmic Patterns as an Input Method,https://openalex.org/A5091725659,Guillaume Faure,2,3,7,"[{""id"": ""https://openalex.org/I4210144804"", ""name"": ""Laboratoire de Recherche en Informatique"", ""country"": ""FR""}, {""id"": ""https://openalex.org/I1294671590"", ""name"": ""Centre National de la Recherche Scientifique"", ""country"": ""FR""}, {""id"": ""https://openalex.org/I102197404"", ""name"": ""Universit\u00e9 Paris-Sud"", ""country"": ""FR""}]",False
254,ICML,2012,https://openalex.org/W2161340280,Bayesian Posterior Sampling via Stochastic Gradient Fisher Scoring,https://openalex.org/A5067066896,Anoop Korattikara,2,1,19,"[{""id"": ""https://openalex.org/I204250578"", ""name"": ""University of California, Irvine"", ""country"": ""US""}, {""id"": ""https://openalex.org/I4210137750"", ""name"": ""UC Irvine Health"", ""country"": ""US""}]",False
256,ICSE,2012,https://openalex.org/W3146113246,A Tactic-Centric Approach for Automating Traceability of Quality Concerns,https://openalex.org/A5088410123,Mehdi Mirakhorli,1,5,126,"[{""id"": ""https://openalex.org/I118353179"", ""name"": ""DePaul University"", ""country"": ""US""}]",True
258,ICSE,2012,https://openalex.org/W2131008594,Automated Detection of Client-State Manipulation Vulnerabilities,https://openalex.org/A5041608081,Mathias Schwarz,2,3,10,"[{""id"": ""https://openalex.org/I204337017"", ""name"": ""Aarhus University"", ""country"": ""DK""}]",False
259,ICSE,2012,https://openalex.org/W3142903977,Understanding Integer Overflow in C/C++,https://openalex.org/A5088473222,Will Dietz,1,0,9,"[{""id"": ""https://openalex.org/I157725225"", ""name"": ""University of Illinois Urbana-Champaign"", ""country"": ""US""}]",True
259,ICSE,2012,https://openalex.org/W3142903977,Understanding Integer Overflow in C/C++,https://openalex.org/A5100432792,Peng Li,2,0,41,"[{""id"": ""https://openalex.org/I223532165"", ""name"": ""University of Utah"", ""country"": ""US""}]",False
260,ICSE,2012,https://openalex.org/W2401870263,How Do Professional Developers Comprehend Software?,https://openalex.org/A5063441997,Tobias Roehm,1,1,22,"[{""id"": ""https://openalex.org/I62916508"", ""name"": ""Technical University of Munich"", ""country"": ""DE""}]",True
260,ICSE,2012,https://openalex.org/W2401870263,How Do Professional Developers Comprehend Software?,https://openalex.org/A5012643471,Rebecca Tiarks,2,3,11,"[{""id"": ""https://openalex.org/I180437899"", ""name"": ""University of Bremen"", ""country"": ""DE""}, {""id"": ""https://openalex.org/I62916508"", ""name"": ""Technical University of Munich"", ""country"": ""DE""}]",False
261,ICSE,2012,https://openalex.org/W2121061989,Partial Models: Towards Modeling and Reasoning with Uncertainty,https://openalex.org/A5075353682,Michalis Famelis,1,2,68,"[{""id"": ""https://openalex.org/I185261750"", ""name"": ""University of Toronto"", ""country"": ""CA""}]",True
261,ICSE,2012,https://openalex.org/W2121061989,Partial Models: Towards Modeling and Reasoning with Uncertainty,https://openalex.org/A5084776885,Rick Salay,2,5,105,"[{""id"": ""https://openalex.org/I185261750"", ""name"": ""University of Toronto"", ""country"": ""CA""}]",False
267,CHI,2011,https://openalex.org/W2022815033,Mid-air Pan-and-Zoom on Wall-sized Displays,https://openalex.org/A5091273829,Mathieu Nancel,1,3,40,"[{""id"": ""https://openalex.org/I1326498283"", ""name"": ""Institut national de recherche en informatique et en automatique"", ""country"": ""FR""}, {""id"": ""https://openalex.org/I1294671590"", ""name"": ""Centre National de la Recherche Scientifique"", ""country"": ""FR""}, {""id"": ""https://openalex.org/I102197404"", ""name"": ""Universit\u00e9 Paris-Sud"", ""country"": ""FR""}]",True
271,CHI,2011,https://openalex.org/W2081964782,Enhancing Physicality in Touch Interaction with Programmable Friction,https://openalex.org/A5041613932,Louise Oram,2,0,12,"[{""id"": ""https://openalex.org/I1287378978"", ""name"": ""University of British Columbia Hospital"", ""country"": ""CA""}]",False
274,CHI,2011,https://openalex.org/W2097331574,Effects of Community Size and Contact Rate in Synchronous Social Q&A,https://openalex.org/A5022201710,Yandong Liu,3,4,51,"[{""id"": ""https://openalex.org/I74973139"", ""name"": ""Carnegie Mellon University"", ""country"": ""US""}]",False
279,ICSE,2011,https://openalex.org/W2111765806,Run-Time Efficient Probabilistic Model Checking,https://openalex.org/A5083739081,Antonio Filieri,1,1,86,"[{""id"": ""https://openalex.org/I93860229"", ""name"": ""Politecnico di Milano"", ""country"": ""IT""}]",True
279,ICSE,2011,https://openalex.org/W2111765806,Run-Time Efficient Probabilistic Model Checking,https://openalex.org/A5031168005,Giordano Tamburrelli,3,3,46,"[{""id"": ""https://openalex.org/I93860229"", ""name"": ""Politecnico di Milano"", ""country"": ""IT""}]",False
282,ICSE,2011,https://openalex.org/W2116907335,On-demand Feature Recommendations Derived from Mining Public Product Descriptions,https://openalex.org/A5004005620,Horatiu Dumitru,1,2,3,"[{""id"": ""https://openalex.org/I118353179"", ""name"": ""DePaul University"", ""country"": ""US""}]",True
282,ICSE,2011,https://openalex.org/W2116907335,On-demand Feature Recommendations Derived from Mining Public Product Descriptions,https://openalex.org/A5062838041,Marek Gibiec,2,1,5,"[{""id"": ""https://openalex.org/I118353179"", ""name"": ""DePaul University"", ""country"": ""US""}]",False
282,ICSE,2011,https://openalex.org/W2116907335,On-demand Feature Recommendations Derived from Mining Public Product Descriptions,https://openalex.org/A5082514679,Negar Hariri,3,2,24,"[{""id"": ""https://openalex.org/I118353179"", ""name"": ""DePaul University"", ""country"": ""US""}]",False
288,CHI,2010,https://openalex.org/W2124318441,How does search behavior change as search becomes more difficult?,https://openalex.org/A5031215802,Rehan Khan,2,0,7,"[{""id"": ""https://openalex.org/I1291425158"", ""name"": ""Google (United States)"", ""country"": ""US""}]",False
296,CHI,2010,https://openalex.org/W2119698661,Mobile-izing Health Workers in Rural India,https://openalex.org/A5018395131,Prabhu Dutta Das,3,0,1,"[{""id"": ""https://openalex.org/I98389781"", ""name"": ""Dhirubhai Ambani Institute of Information and Communication Technology"", ""country"": ""IN""}]",False
297,CHI,2010,https://openalex.org/W2104113460,Mapping the Landscape of Sustainable HCI,https://openalex.org/A5067384837,Hrönn Brynjarsdóttir,3,4,8,"[{""id"": ""https://openalex.org/I87424562"", ""name"": ""Ithaca College"", ""country"": ""US""}]",False
301,ICSE,2010,https://openalex.org/W2169970157,Collaborative Reliability Prediction of Service-Oriented Systems,https://openalex.org/A5000582109,Zibin Zheng,1,4,675,"[{""id"": ""https://openalex.org/I177725633"", ""name"": ""Chinese University of Hong Kong"", ""country"": ""CN""}]",True
302,ICSE,2010,https://openalex.org/W2127190390,A Degree-of-Knowledge Model to Capture Source Code Familiarity,https://openalex.org/A5023884479,Jingwen Ou,2,1,4,"[{""id"": ""https://openalex.org/I141945490"", ""name"": ""University of British Columbia"", ""country"": ""CA""}]",False
303,ICSE,2010,https://openalex.org/W2122987719,A Machine Learning Approach for Tracing Regulatory Codes to Product Specific Requirements,https://openalex.org/A5051133116,Adam Czauderna,2,0,13,"[{""id"": ""https://openalex.org/I118353179"", ""name"": ""DePaul University"", ""country"": ""US""}]",False
304,ICSE,2010,https://openalex.org/W2109039735,A Cut-off Approach for Bounded Verification of Parameterized Systems,https://openalex.org/A5011785079,Qiusong Yang,1,5,43,"[{""id"": ""https://openalex.org/I4210128818"", ""name"": ""Institute of Software"", ""country"": ""CN""}]",True
305,ICSE,2010,https://openalex.org/W2118155805,Test Generation through Programming in UDITA,https://openalex.org/A5051155440,Tihomir Gvero,2,2,19,"[{""id"": ""https://openalex.org/I5124864"", ""name"": ""\u00c9cole Polytechnique F\u00e9d\u00e9rale de Lausanne"", ""country"": ""CH""}]",False
305,ICSE,2010,https://openalex.org/W2118155805,Test Generation through Programming in UDITA,https://openalex.org/A5025340145,Vilas Jagannath,3,1,16,"[{""id"": ""https://openalex.org/I157725225"", ""name"": ""University of Illinois Urbana-Champaign"", ""country"": ""US""}, {""id"": ""https://openalex.org/I2801919071"", ""name"": ""University of Illinois System"", ""country"": ""US""}]",False
306,OSDI,2010,https://openalex.org/W2145467766,Efficient System-Enforced Deterministic Parallelism,https://openalex.org/A5058555162,Shu-Chun Weng,2,3,18,"[{""id"": ""https://openalex.org/I32971472"", ""name"": ""Yale University"", ""country"": ""US""}]",False
307,OSDI,2010,https://openalex.org/W1893312510,The Turtles Project: Design and Implementation of Nested Virtualization,https://openalex.org/A5066531106,Muli Ben-Yehuda,1,4,57,"[{""id"": ""https://openalex.org/I1341412227"", ""name"": ""IBM (United States)"", ""country"": ""US""}]",True
317,ICML,2009,https://openalex.org/W2084809122,Structure preserving embedding,https://openalex.org/A5054163834,Blake Shaw,1,5,34,"[{""id"": ""https://openalex.org/I78577930"", ""name"": ""Columbia University"", ""country"": ""US""}]",True
320,ICSE,2009,https://openalex.org/W2098664130,"How We Refactor, and How We Know It",https://openalex.org/A5024034818,Chris Parnin,2,3,135,"[{""id"": ""https://openalex.org/I130701444"", ""name"": ""Georgia Institute of Technology"", ""country"": ""US""}]",False
324,SIGMOD,2009,https://openalex.org/W2126354234,Generating example data for dataflow programs,https://openalex.org/A5069246862,Shubham Chopra,2,0,2,[],False
336,ICSE,2008,https://openalex.org/W2103188316,Recommending adaptive changes for framework evolution,https://openalex.org/A5083631720,Barthélémy Dagenais,1,2,23,"[{""id"": ""https://openalex.org/I5023651"", ""name"": ""McGill University"", ""country"": ""CA""}]",True
337,ICSE,2008,https://openalex.org/W2154843497,Precise memory leak detection for java software using container profiling,https://openalex.org/A5101967307,Guoqing Xu,1,4,135,"[{""id"": ""https://openalex.org/I52357470"", ""name"": ""The Ohio State University"", ""country"": ""US""}]",True
339,ICSE,2008,https://openalex.org/W2136043644,The Effect of Program and Model Structure on MC/DC Test Adequacy Coverage,https://openalex.org/A5079075574,Ajitha Rajan,1,2,205,"[{""id"": ""https://openalex.org/I130238516"", ""name"": ""University of Minnesota"", ""country"": ""US""}]",True
341,OSDI,2008,https://openalex.org/W1710734607,KLEE: Unassisted and Automatic Generation of High-Coverage Tests for Complex Systems Programs,https://openalex.org/A5053355200,Cristian Cadar,1,5,108,"[{""id"": ""https://openalex.org/I97018004"", ""name"": ""Stanford University"", ""country"": ""US""}]",True
341,OSDI,2008,https://openalex.org/W1710734607,KLEE: Unassisted and Automatic Generation of High-Coverage Tests for Complex Systems Programs,https://openalex.org/A5072236833,Dakarai Dunbar,2,1,6,"[{""id"": ""https://openalex.org/I97018004"", ""name"": ""Stanford University"", ""country"": ""US""}]",False
342,OSDI,2008,https://openalex.org/W1493893823,DryadLINQ: A System for General-Purpose Distributed Data-Parallel Computing Using a High-Level Language,https://openalex.org/A5060832606,Dennis Fetterly,3,5,32,"[{""id"": ""https://openalex.org/I4210124949"", ""name"": ""Microsoft Research (India)"", ""country"": ""IN""}]",False
345,SIGMOD,2008,https://openalex.org/W2171901130,Scalable Network Distance Browsing in Spatial Databases,https://openalex.org/A5050157577,Jagan Sankaranarayanan,2,5,60,"[{""id"": ""https://openalex.org/I66946132"", ""name"": ""University of Maryland, College Park"", ""country"": ""US""}]",False
346,CHI,2007,https://openalex.org/W2117601224,Authoring sensor-based interactions by demonstration with direct manipulation and pattern recognition,https://openalex.org/A5028059312,Manas Mittal,3,0,5,[],False
347,CHI,2007,https://openalex.org/W2006550435,Consuming video on Mobile devices,https://openalex.org/A5104070883,April Slayden Mitchell,2,0,7,"[{""id"": ""https://openalex.org/I1324840837"", ""name"": ""Hewlett-Packard (United States)"", ""country"": ""US""}]",False
347,CHI,2007,https://openalex.org/W2006550435,Consuming video on Mobile devices,https://openalex.org/A5069459444,Alex Vorbau,3,3,7,"[{""id"": ""https://openalex.org/I1324840837"", ""name"": ""Hewlett-Packard (United States)"", ""country"": ""US""}]",False
352,ICML,2007,https://openalex.org/W2169495281,Information-theoretic metric learning,https://openalex.org/A5088203996,Jason V. Davis,1,3,15,"[{""id"": ""https://openalex.org/I86519309"", ""name"": ""The University of Texas at Austin"", ""country"": ""US""}]",True
352,ICML,2007,https://openalex.org/W2169495281,Information-theoretic metric learning,https://openalex.org/A5049134079,Brian Kulis,2,4,99,"[{""id"": ""https://openalex.org/I86519309"", ""name"": ""The University of Texas at Austin"", ""country"": ""US""}]",False
352,ICML,2007,https://openalex.org/W2169495281,Information-theoretic metric learning,https://openalex.org/A5101633144,Prateek Jain,3,4,194,"[{""id"": ""https://openalex.org/I86519309"", ""name"": ""The University of Texas at Austin"", ""country"": ""US""}]",False
353,ICSE,2007,https://openalex.org/W2145544369,Tracking Code Clones in Evolving Software,https://openalex.org/A5019848726,Ekwa Duala-Ekoko,1,1,12,"[{""id"": ""https://openalex.org/I5023651"", ""name"": ""McGill University"", ""country"": ""CA""}]",True
354,ICSE,2007,https://openalex.org/W2151553346,Predicting Faults from Cached History,https://openalex.org/A5100695695,Sunghun Kim,1,4,55,"[{""id"": ""https://openalex.org/I63966007"", ""name"": ""Massachusetts Institute of Technology"", ""country"": ""US""}]",True
355,ICSE,2007,https://openalex.org/W2152846401,Matching and Merging of Statecharts Specifications,https://openalex.org/A5074393374,Shiva Nejati,1,4,158,"[{""id"": ""https://openalex.org/I185261750"", ""name"": ""University of Toronto"", ""country"": ""CA""}]",True
355,ICSE,2007,https://openalex.org/W2152846401,Matching and Merging of Statecharts Specifications,https://openalex.org/A5022905724,Mehrdad Sabetzadeh,2,3,163,"[{""id"": ""https://openalex.org/I185261750"", ""name"": ""University of Toronto"", ""country"": ""CA""}]",False
356,ICSE,2007,https://openalex.org/W2115694885,Refactoring for Parameterizing Java Classes,https://openalex.org/A5019170764,Adam Kieżun,1,4,87,"[{""id"": ""https://openalex.org/I63966007"", ""name"": ""Massachusetts Institute of Technology"", ""country"": ""US""}]",True
357,PLDI,2007,https://openalex.org/W2071286129,Fault-tolerant Typed Assembly Language,https://openalex.org/A5031711886,Frances Perry,1,1,11,"[{""id"": ""https://openalex.org/I20089843"", ""name"": ""Princeton University"", ""country"": ""US""}]",True
357,PLDI,2007,https://openalex.org/W2071286129,Fault-tolerant Typed Assembly Language,https://openalex.org/A5018151279,Lester Mackey,2,1,413,"[{""id"": ""https://openalex.org/I20089843"", ""name"": ""Princeton University"", ""country"": ""US""}]",False
360,SIGMOD,2007,https://openalex.org/W2035801804,Scalable Approximate Query Processing with the DBO Engine,https://openalex.org/A5103467344,Subramanian Arumugam,2,5,32,"[{""id"": ""https://openalex.org/I33213144"", ""name"": ""University of Florida"", ""country"": ""US""}]",False
360,SIGMOD,2007,https://openalex.org/W2035801804,Scalable Approximate Query Processing with the DBO Engine,https://openalex.org/A5022320149,Abhijit Pol,3,3,10,"[{""id"": ""https://openalex.org/I33213144"", ""name"": ""University of Florida"", ""country"": ""US""}]",False
363,SOSP,2007,https://openalex.org/W2166510103,Secure Web Applications via Automatic Partitioning,https://openalex.org/A5046383149,Stephen Chong,1,4,121,"[{""id"": ""https://openalex.org/I205783295"", ""name"": ""Cornell University"", ""country"": ""US""}]",True
363,SOSP,2007,https://openalex.org/W2166510103,Secure Web Applications via Automatic Partitioning,https://openalex.org/A5020572630,Jed Liu,2,5,26,"[{""id"": ""https://openalex.org/I205783295"", ""name"": ""Cornell University"", ""country"": ""US""}]",False
367,ICML,2006,https://openalex.org/W2162152253,Trading convexity for scalability,https://openalex.org/A5036361185,Fabian H. Sinz,2,2,108,"[{""id"": ""https://openalex.org/I4210112925"", ""name"": ""Max Planck Institute for Biological Cybernetics"", ""country"": ""DE""}]",False
368,ICSE,2006,https://openalex.org/W2071616717,Model-Based Development of Dynamically Adaptive Software,https://openalex.org/A5101744869,Zhang Ji,1,4,44,"[{""id"": ""https://openalex.org/I87216513"", ""name"": ""Michigan State University"", ""country"": ""US""}]",True
369,ICSE,2006,https://openalex.org/W2079317829,Who Should Fix This Bug?,https://openalex.org/A5038565477,John Anvik,1,5,48,"[{""id"": ""https://openalex.org/I141945490"", ""name"": ""University of British Columbia"", ""country"": ""CA""}]",True
369,ICSE,2006,https://openalex.org/W2079317829,Who Should Fix This Bug?,https://openalex.org/A5033307955,Lyndon Hiew,2,1,3,"[{""id"": ""https://openalex.org/I141945490"", ""name"": ""University of British Columbia"", ""country"": ""CA""}]",False
370,OSDI,2006,https://openalex.org/W2620706897,Rethink the Sync,https://openalex.org/A5031385754,Edmund B. Nightingale,1,3,33,"[{""id"": ""https://openalex.org/I27837315"", ""name"": ""University of Michigan\u2013Ann Arbor"", ""country"": ""US""}]",True
370,OSDI,2006,https://openalex.org/W2620706897,Rethink the Sync,https://openalex.org/A5020883423,Kaushik Veeraraghavan,2,0,32,"[{""id"": ""https://openalex.org/I27837315"", ""name"": ""University of Michigan\u2013Ann Arbor"", ""country"": ""US""}]",False
375,CHI,2005,https://openalex.org/W2153282521,Examining Task Engagement in Sensor-Based Statistical Models of Human Interruptibility,https://openalex.org/A5037160778,Amy J. Ko,2,4,192,"[{""id"": ""https://openalex.org/I74973139"", ""name"": ""Carnegie Mellon University"", ""country"": ""US""}]",False
375,CHI,2005,https://openalex.org/W2153282521,Examining Task Engagement in Sensor-Based Statistical Models of Human Interruptibility,https://openalex.org/A5103008611,Htet Htet Aung,3,2,38,"[{""id"": ""https://openalex.org/I74973139"", ""name"": ""Carnegie Mellon University"", ""country"": ""US""}]",False
378,ICSE,2005,https://openalex.org/W2170239024,Data Structure Repair Using Goal-Directed Reasoning,https://openalex.org/A5016315666,Brian Demsky,1,4,94,"[{""id"": ""https://openalex.org/I63966007"", ""name"": ""Massachusetts Institute of Technology"", ""country"": ""US""}]",True
380,ICSE,2005,https://openalex.org/W2013711971,Is Mutation an Appropriate Tool for Testing Experiments?,https://openalex.org/A5007057846,Yvan Labiche,3,5,170,"[{""id"": ""https://openalex.org/I67031392"", ""name"": ""Carleton University"", ""country"": ""CA""}]",False
381,ICSE,2005,https://openalex.org/W4239049496,Eliciting Design Requirements for Maintenance-Oriented IDEs: A Detailed Study of Corrective and Perfective Maintenance Tasks,https://openalex.org/A5103412814,Andrew J. Ko,1,5,45,"[{""id"": ""https://openalex.org/I74973139"", ""name"": ""Carnegie Mellon University"", ""country"": ""US""}]",True
383,PLDI,2005,https://openalex.org/W1997199152,Programming by Sketching for Bit-Streaming Programs,https://openalex.org/A5010786661,Armando Solar-Lezama,1,0,227,"[{""id"": ""https://openalex.org/I95457486"", ""name"": ""University of California, Berkeley"", ""country"": ""US""}]",True
383,PLDI,2005,https://openalex.org/W1997199152,Programming by Sketching for Bit-Streaming Programs,https://openalex.org/A5001159571,Rodric Rabbah,2,4,76,"[{""id"": ""https://openalex.org/I63966007"", ""name"": ""Massachusetts Institute of Technology"", ""country"": ""US""}]",False
