conference,family,n_pairs,metric,med_junior,med_senior,diff,ci_j_lo,ci_j_hi,ci_s_lo,ci_s_hi,p_value,sig
AAAI,AI/ML,8,citations,1.6560379746835443,5.393038902211564,-3.73700092752802,1.125,7.960975609756097,1.3604651162790695,10.957864575478812,0.3125,False
AAAI,AI/ML,8,works,1.612019230769231,1.9020408163265308,-0.29002158555729984,1.3125,3.533333333333333,1.3468599763199651,3.949292586304471,0.3828125,False
ACL,SE,12,citations,2.793325348432056,2.2099144996126867,0.5834108488193692,0.9093612227324914,3.552269291389237,1.0319608823231474,9.852265621072739,0.5185546875,False
ACL,SE,12,works,1.75,1.941614906832298,-0.1916149068322981,1.075,3.333333333333333,1.4130263984915148,2.646153846153846,0.6220703125,False
CHI,HCI,78,citations,1.2035653825036603,1.5411625994854241,-0.3375972169817638,0.586530264279625,1.3924050632911391,1.187740498211031,1.8407396472102353,0.04552488242451933,True
CHI,HCI,78,works,1.1833333333333333,1.7154431216931216,-0.5321097883597883,1.0,1.3333333333333333,1.5535714285714286,1.9936974789915969,3.232389707428888e-05,True
CIKM,DB/IR,10,citations,1.3097035040431266,1.3604651162790695,-0.05076161223594289,0.43348900105350874,2.8389830508474576,0.7274052846950625,6.159164845878941,0.845703125,False
CIKM,DB/IR,10,works,1.1047619047619048,1.5281850353892819,-0.423423130627377,0.6875,2.2542499999999963,1.0571705426356588,3.35,0.4921875,False
CVPR,AI/ML,5,citations,3.4015151515151514,0.771067415730337,2.6304477357848146,0.1237113402061855,6.054849498327759,0.7588571428571429,4.456470588235295,0.625,False
CVPR,AI/ML,5,works,2.571428571428572,1.172043010752688,1.399385560675884,0.8571428571428571,4.114285714285715,0.8571428571428571,3.434146341463415,0.3125,False
FOCS,Theory,6,citations,4.664058679706601,0.8726026733824099,3.791456006324191,0.7968620738838966,9.117792302106029,0.4056015742572621,1.8205837297777718,0.15625,False
FOCS,Theory,6,works,1.864,1.2487958924027627,0.6152041075972374,1.15,7.942857142857142,0.6452380952380952,2.479010738691832,0.4375,False
FSE,SE,24,citations,1.3047619047619048,1.4635922330097086,-0.15883032824780385,0.3488773747841105,1.6999040476731562,1.1138843735295376,2.4381244687680916,0.09509599208831787,False
FSE,SE,24,works,1.3333333333333333,2.093296452977546,-0.7599631196442129,0.8888888888888888,1.75,1.447674418604651,3.949292586304471,0.05642664432525635,False
ICCV,AI/ML,3,citations,2.8600431965442765,0.9530699871189352,1.9069732094253413,2.581808396124865,14.416666666666666,0.6585482812578871,1.6046025104602513,0.25,False
ICCV,AI/ML,3,works,1.9692307692307691,1.5909090909090908,0.3783216783216783,1.5,4.8,0.9440203562340967,2.6875,0.75,False
ICML,AI/ML,11,citations,2.851063829787234,1.255154639175258,1.595909190611976,1.501930501930502,21.75,0.7669459253617669,2.708003518029903,0.0048828125,True
ICML,AI/ML,11,works,2.5,1.5535714285714286,0.9464285714285714,0.8333333333333334,3.563636363636364,1.176,3.3076923076923075,0.51953125,False
ICSE,SE,48,citations,1.01156015037594,1.6582037996545769,-0.6466436492786369,0.6387984127790151,2.1293756268395483,1.187740498211031,2.661689464341652,0.3055989410548037,False
ICSE,SE,48,works,1.6,1.6345072751322751,-0.03450727513227503,1.375,1.8975,1.447674418604651,2.052083333333333,0.7976301642140945,False
IJCAI,AI/ML,5,citations,0.7333333333333333,1.6582037996545769,-0.9248704663212436,0.2912280701754386,25.714285714285715,0.5475751995089012,4.053175858951175,0.625,False
IJCAI,AI/ML,5,works,2.533333333333333,1.7154431216931216,0.8178902116402116,0.3,6.75,0.8793103448275862,2.6875,0.4375,False
INFOCOM,Systems,12,citations,1.7895,1.545913763563678,0.24358623643632216,1.2791762553844337,3.532051282051282,1.1892975233069099,4.053175858951175,0.791015625,False
INFOCOM,Systems,12,works,1.53,1.7253686196700904,-0.19536861967009034,1.261111111111111,2.3333333333333335,1.5136278195488722,3.14375,0.5693359375,False
KDD,DB/IR,5,citations,1.2566666666666668,1.0598870056497176,0.19677966101694921,0.0041817674937273,19.015384615384612,0.6585482812578871,2.661689464341652,0.3125,False
KDD,DB/IR,5,works,0.6666666666666666,1.4683544303797469,-0.8016877637130803,0.4545454545454545,13.066666666666668,0.9440203562340967,2.2437357630979498,0.8125,False
MOBICOM,Systems,6,citations,0.6566749379652606,1.3695985773744965,-0.712923639409236,0.16219759020903823,1.8744588744588744,0.5458640023800956,29.77438683319395,0.21875,False
MOBICOM,Systems,6,works,0.7461538461538462,1.5,-0.7538461538461538,0.4666666666666667,1.1464646464646466,1.0220101781170485,3.3183962931522357,0.15625,False
NSDI,Systems,5,citations,1.10989010989011,0.9530699871189352,0.15682012277117474,0.4142080745341615,519.25,0.4009648887697668,6.087037037037037,0.8125,False
NSDI,Systems,5,works,2.4,1.5483870967741935,0.8516129032258064,1.0,5.25,0.9471917654956368,2.6875,0.125,False
NeurIPS,AI/ML,3,citations,1.9382022471910112,1.187740498211031,0.7504617489799803,0.95,54.39655172413793,0.9530699871189352,2.661689464341652,0.5,False
NeurIPS,AI/ML,3,works,2.5,2.2437357630979498,0.25626423690205025,1.4666666666666668,13.4,1.5535714285714286,2.6875,1.0,False
OSDI,Systems,13,citations,0.939873417721519,2.414285714285714,-1.474412296564195,0.5094130675526024,24.707692307692305,1.1630615640599002,4.053175858951175,1.0,False
OSDI,Systems,13,works,1.3,1.5483870967741935,-0.24838709677419346,1.0,1.3818181818181818,1.447674418604651,1.826086956521739,0.21630859375,False
PLDI,SE,16,citations,0.5896367521367522,2.661689464341652,-2.0720527122049,0.2222222222222222,1.8671887274155532,1.187740498211031,3.0478260869565217,0.116668701171875,False
PLDI,SE,16,works,1.2666666666666666,2.4295601892412826,-1.162893522574616,0.8533333333333334,1.625125,1.5535714285714286,3.9038461538461537,0.00042724609375,True
PODS,DB/IR,10,citations,2.9893446964225525,3.115829419060981,-0.1264847226384287,1.6285714285714286,10.484782608695653,0.4818565400843882,10.957864575478812,0.76953125,False
PODS,DB/IR,10,works,1.7785714285714287,1.5937663698271347,0.18480505874429398,1.1097222222222223,2.5,1.0997916666666667,3.949292586304471,0.625,False
S&P,Systems,5,citations,2.547872340425532,0.7894736842105263,1.7583986562150058,0.1814345991561181,26.2,0.3277610818933133,1.0548728208059448,0.3125,False
S&P,Systems,5,works,3.0,1.6666666666666667,1.3333333333333333,0.75,3.111111111111111,0.9440203562340967,2.6875,0.625,False
SIGCOMM,Systems,10,citations,0.6711939582833852,1.013450668685935,-0.3422567104025498,0.4901722038615412,2.861084584089277,0.5471297341465243,2.3777777777777778,0.76953125,False
SIGCOMM,Systems,10,works,1.2355555555555555,1.1234866828087167,0.11206887274683885,1.0,2.2460858585858587,0.9456060608648668,1.7399999999999998,0.6953125,False
SIGIR,DB/IR,3,citations,2.5245901639344264,1.187740498211031,1.3368496657233955,0.7068965517241379,16.190322580645162,1.0598870056497176,6.551111111111111,0.5,False
SIGIR,DB/IR,3,works,2.0,1.5535714285714286,0.4464285714285714,1.8333333333333333,3.0,1.12,4.44,1.0,False
SIGMETRICS,DB/IR,5,citations,2.762745098039216,1.3604651162790695,1.4022799817601466,0.0,11.95,0.8206824512534819,5.955223880597014,0.625,False
SIGMETRICS,DB/IR,5,works,1.604651162790698,1.4736842105263157,0.13096695226438237,0.0,2.0307692307692307,0.6444444444444444,2.2777777777777777,0.625,False
SIGMOD,DB/IR,5,citations,1.0621468926553672,2.661689464341652,-1.599542571686285,0.1291479820627802,3.480620155038759,1.4635922330097086,6.087037037037037,0.0625,False
SIGMOD,DB/IR,5,works,2.4444444444444446,2.2437357630979498,0.2007086813464949,1.0,4.0,1.3388535031847133,4.5,0.8125,False
SODA,Theory,3,citations,0.9855555555555556,2.018382352941176,-1.0328267973856207,0.4945054945054945,2.5619047619047617,1.3604651162790695,4.053175858951175,0.25,False
SODA,Theory,3,works,1.4,1.447674418604651,-0.04767441860465116,0.6,1.7142857142857142,0.875,1.7154431216931216,0.75,False
SOSP,Systems,10,citations,2.478011996572408,1.2044708676800258,1.2735411288923824,1.0823529411764703,4.806405693950177,0.4331797235023041,2.5440184049079755,0.556640625,False
SOSP,Systems,10,works,1.9666666666666668,1.3424242424242425,0.6242424242424243,1.0,2.3,0.9130434782608696,2.28,0.845703125,False
STOC,Theory,10,citations,1.460055986218777,1.6110463442717329,-0.1509903580529559,0.6685761047463175,5.653988244955729,1.3588033013380316,3.6440156874457905,0.845703125,False
STOC,Theory,10,works,1.6736111111111112,1.447674418604651,0.2259366925064601,1.2380952380952381,2.75,0.9,4.682575757575758,0.845703125,False
UIST,HCI,16,citations,1.3003799292545526,1.6481203047352637,-0.34774037548071113,0.3517904509283819,2.6324786324786325,0.9530699871189352,4.053175858951175,0.860260009765625,False
UIST,HCI,16,works,1.5875,1.9795894423955356,-0.39208944239553567,1.0,2.2222222222222223,1.3388535031847133,2.6875,0.4637451171875,False
VLDB,DB/IR,14,citations,1.245138944993522,1.5552325581395348,-0.3100936131460128,0.5154965211891208,3.1333333333333333,0.8206824512534819,2.8737864077669903,0.71484375,False
VLDB,DB/IR,14,works,1.8895833333333334,1.2,0.6895833333333334,0.9,2.6,0.8823529411764707,1.6666666666666667,0.42626953125,False
WWW,DB/IR,7,citations,1.0665074626865672,2.018382352941176,-0.951874890254609,0.5039525691699605,8.833860759493671,1.6582037996545769,4.456470588235295,0.8125,False
WWW,DB/IR,7,works,1.7142857142857142,1.3388535031847133,0.3754322111010009,1.125,3.75,1.0,3.434146341463415,1.0,False
