conference,year,title,authors,pages,dblp_row_id,match_score,title_score,year_score,author_overlap,match_status,candidate_rank,openalex_id,openalex_doi,openalex_title,openalex_publication_date,openalex_publication_year,openalex_cited_by_count,openalex_primary_source,openalex_type,openalex_authorships,error
AAAI,2000,Modeling Classification and Inference Learning.,Bradley C. Love; Arthur B. Markman; Takashi Yamauchi,136-141,DBLP_0000021,0.4437,0.5347,0.0,0.3333,unmatched,1.0,https://openalex.org/W2092873805,https://doi.org/10.3758/bf03196342,Comparing supervised and unsupervised category learning,2002-12-01,2002.0,241.0,Psychonomic Bulletin & Review,article,"[{""author_position"": ""first"", ""author"": {""id"": ""https://openalex.org/A5069362336"", ""display_name"": ""Bradley C. Love"", ""orcid"": ""https://orcid.org/0000-0002-7883-7076""}, ""institutions"": [{""id"": ""https://openalex.org/I86519309"", ""display_name"": ""The University of Texas at Austin"", ""ror"": ""https://ror.org/00hj54h04"", ""country_code"": ""US"", ""type"": ""education"", ""lineage"": [""https://openalex.org/I86519309""]}], ""countries"": [""US""], ""is_corresponding"": true, ""raw_author_name"": ""Bradley C. Love"", ""raw_affiliation_strings"": [""Department of Psychology, University of Texas, Austin, Texas 78712, USA. love@psy.utexas.edu"", ""Department of Psychology, University of Texas, Austin""], ""raw_orcid"": null, ""affiliations"": [{""raw_affiliation_string"": ""Department of Psychology, University of Texas, Austin, Texas 78712, USA. love@psy.utexas.edu"", ""institution_ids"": [""https://openalex.org/I86519309""]}, {""raw_affiliation_string"": ""Department of Psychology, University of Texas, Austin"", ""institution_ids"": [""https://openalex.org/I86519309""]}]}]",
AAAI,2000,Total Knowledge.,Ian Pratt-Hartmann,423-428,DBLP_0000065,0.3069,0.3934,0.0,0.0,unmatched,1.0,https://openalex.org/W2161484642,https://doi.org/10.1145/182.358434,Maintaining knowledge about temporal intervals,1983-11-01,1983.0,7554.0,Communications of the ACM,article,"[{""author_position"": ""first"", ""author"": {""id"": ""https://openalex.org/A5090002679"", ""display_name"": ""James F. Allen"", ""orcid"": ""https://orcid.org/0000-0003-4543-5457""}, ""institutions"": [{""id"": ""https://openalex.org/I5388228"", ""display_name"": ""University of Rochester"", ""ror"": ""https://ror.org/022kthw22"", ""country_code"": ""US"", ""type"": ""education"", ""lineage"": [""https://openalex.org/I5388228""]}], ""countries"": [""US""], ""is_corresponding"": true, ""raw_author_name"": ""James F. Allen"", ""raw_affiliation_strings"": [""Univ. of Rochester, Rochester, NY""], ""raw_orcid"": null, ""affiliations"": [{""raw_affiliation_string"": ""Univ. of Rochester, Rochester, NY"", ""institution_ids"": [""https://openalex.org/I5388228""]}]}]",
AAAI,2000,Localizing A*.,Stefan Edelkamp; Stefan Schrödl,885-890,DBLP_0000136,0.3651,0.4681,0.0,0.0,unmatched,1.0,https://openalex.org/W1971472669,https://doi.org/10.1103/physrev.124.41,Localized Magnetic States in Metals,1961-10-01,1961.0,5601.0,Physical Review,article,"[{""author_position"": ""first"", ""author"": {""id"": ""https://openalex.org/A5075284674"", ""display_name"": ""Philip W. Anderson"", ""orcid"": null}, ""institutions"": [], ""countries"": [], ""is_corresponding"": true, ""raw_author_name"": ""P. W. Anderson"", ""raw_affiliation_strings"": [""Bell Telephone Laboratories, Murray Hill, New Jersey"", ""Bell Telephone Laboratories, Murray Hill, New-Jersey""], ""raw_orcid"": null, ""affiliations"": [{""raw_affiliation_string"": ""Bell Telephone Laboratories, Murray Hill, New Jersey"", ""institution_ids"": []}, {""raw_affiliation_string"": ""Bell Telephone Laboratories, Murray Hill, New-Jersey"", ""institution_ids"": []}]}]",
AAAI,2000,Change Detection in Heuristic Search.,Eyke Hüllermeier,898-903,DBLP_0000138,0.3756,0.4815,0.0,0.0,unmatched,1.0,https://openalex.org/W2003750906,https://doi.org/10.1145/359997.360004,An application of heuristic search methods to edge and contour detection,1976-02-01,1976.0,257.0,Communications of the ACM,article,"[{""author_position"": ""first"", ""author"": {""id"": ""https://openalex.org/A5109191630"", ""display_name"": ""Alberto Martelli"", ""orcid"": null}, ""institutions"": [{""id"": ""https://openalex.org/I122991210"", ""display_name"": ""Istituto di Scienza e Tecnologie dell'Informazione \""Alessandro Faedo\"""", ""ror"": ""https://ror.org/05kacka20"", ""country_code"": ""IT"", ""type"": ""facility"", ""lineage"": [""https://openalex.org/I122991210"", ""https://openalex.org/I4210155236""]}], ""countries"": [""IT""], ""is_corresponding"": true, ""raw_author_name"": ""Alberto Martelli"", ""raw_affiliation_strings"": [""Istituto di Elaborazione della Informazione del Consiglio Nazionale delle Ricerche""], ""raw_orcid"": null, ""affiliations"": [{""raw_affiliation_string"": ""Istituto di Elaborazione della Informazione del Consiglio Nazionale delle Ricerche"", ""institution_ids"": [""https://openalex.org/I122991210""]}]}]",
AAAI,2000,Automated Learning of Pricing and Bundling Strategies in Information Economies.,Christopher H. Brooks; Edmund H. Durfee,1066,DBLP_0000167,0.5044,0.6466,0.0,0.0,unmatched,1.0,https://openalex.org/W1519492478,https://doi.org/10.1007/978-3-540-25947-3_1,Automated Negotiation and Bundling of Information Goods,2004-01-01,2004.0,33.0,Lecture notes in computer science,book-chapter,"[{""author_position"": ""first"", ""author"": {""id"": ""https://openalex.org/A5071216312"", ""display_name"": ""D.J.A. Somefun"", ""orcid"": null}, ""institutions"": [{""id"": ""https://openalex.org/I1341640284"", ""display_name"": ""Centrum Wiskunde & Informatica"", ""ror"": ""https://ror.org/00x7ekv49"", ""country_code"": ""NL"", ""type"": ""facility"", ""lineage"": [""https://openalex.org/I1341640284"", ""https://openalex.org/I2800991832"", ""https://openalex.org/I4405262988""]}], ""countries"": [""NL""], ""is_corresponding"": false, ""raw_author_name"": ""D. J. A. Somefun"", ""raw_affiliation_strings"": [""Center for Mathematics and Computer Science (CWI), P.O. Box 94079, 1090 GB, Amsterdam, The Netherlands"", ""Center for Mathematics and Computer Science CWI#TAB#""], ""raw_orcid"": null, ""affiliations"": [{""raw_affiliation_string"": ""Center for Mathematics and Computer Science (CWI), P.O. Box 94079, 1090 GB, Amsterdam, The Netherlands"", ""institution_ids"": [""https://openalex.org/I1341640284""]}, {""raw_affiliation_string"": ""Center for Mathematics and Computer Science CWI#TAB#"", ""institution_ids"": [""https://openalex.org/I1341640284""]}]}, {""author_position"": ""middle"", ""author"": {""id"": ""https://openalex.org/A5040869025"", ""display_name"": ""Enrico Gerding"", ""orcid"": ""https://orcid.org/0000-0001-7200-552X""}, ""institutions"": [{""id"": ""https://openalex.org/I1341640284"", ""display_name"": ""Centrum Wiskunde & Informatica"", ""ror"": ""https://ror.org/00x7ekv49"", ""country_code"": ""NL"", ""type"": ""facility"", ""lineage"": [""https://openalex.org/I1341640284"", ""https://openalex.org/I2800991832"", ""https://openalex.org/I4405262988""]}], ""countries"": [""NL""], ""is_corresponding"": false, ""raw_author_name"": ""E. H. Gerding"", ""raw_affiliation_strings"": [""Center for Mathematics and Computer Science (CWI), P.O. Box 94079, 1090 GB, Amsterdam, The Netherlands"", ""Center for Mathematics and Computer Science CWI#TAB#""], ""raw_orcid"": null, ""affiliations"": [{""raw_affiliation_string"": ""Center for Mathematics and Computer Science (CWI), P.O. Box 94079, 1090 GB, Amsterdam, The Netherlands"", ""institution_ids"": [""https://openalex.org/I1341640284""]}, {""raw_affiliation_string"": ""Center for Mathematics and Computer Science CWI#TAB#"", ""institution_ids"": [""https://openalex.org/I1341640284""]}]}, {""author_position"": ""middle"", ""author"": {""id"": ""https://openalex.org/A5005914878"", ""display_name"": ""Sander M. Bohté"", ""orcid"": ""https://orcid.org/0000-0002-7866-278X""}, ""institutions"": [{""id"": ""https://openalex.org/I1341640284"", ""display_name"": ""Centrum Wiskunde & Informatica"", ""ror"": ""https://ror.org/00x7ekv49"", ""country_code"": ""NL"", ""type"": ""facility"", ""lineage"": [""https://openalex.org/I1341640284"", ""https://openalex.org/I2800991832"", ""https://openalex.org/I4405262988""]}], ""countries"": [""NL""], ""is_corresponding"": false, ""raw_author_name"": ""S. Bohte"", ""raw_affiliation_strings"": [""Center for Mathematics and Computer Science (CWI), P.O. Box 94079, 1090 GB, Amsterdam, The Netherlands"", ""Center for Mathematics and Computer Science CWI#TAB#""], ""raw_orcid"": null, ""affiliations"": [{""raw_affiliation_string"": ""Center for Mathematics and Computer Science (CWI), P.O. Box 94079, 1090 GB, Amsterdam, The Netherlands"", ""institution_ids"": [""https://openalex.org/I1341640284""]}, {""raw_affiliation_string"": ""Center for Mathematics and Computer Science CWI#TAB#"", ""institution_ids"": [""https://openalex.org/I1341640284""]}]}, {""author_position"": ""last"", ""author"": {""id"": ""https://openalex.org/A5109856466"", ""display_name"": ""J. A. La Poutré"", ""orcid"": null}, ""institutions"": [{""id"": ""https://openalex.org/I1341640284"", ""display_name"": ""Centrum Wiskunde & Informatica"", ""ror"": ""https://ror.org/00x7ekv49"", ""country_code"": ""NL"", ""type"": ""facility"", ""lineage"": [""https://openalex.org/I1341640284"", ""https://openalex.org/I2800991832"", ""https://openalex.org/I4405262988""]}, {""id"": ""https://openalex.org/I83019370"", ""display_name"": ""Eindhoven University of Technology"", ""ror"": ""https://ror.org/02c2kyt77"", ""country_code"": ""NL"", ""type"": ""education"", ""lineage"": [""https://openalex.org/I83019370""]}], ""countries"": [""NL""], ""is_corresponding"": false, ""raw_author_name"": ""J. A. La Poutré"", ""raw_affiliation_strings"": [""Center for Mathematics and Computer Science (CWI), P.O. Box 94079, 1090 GB, Amsterdam, The Netherlands"", ""School of Technology Management, Eindhoven University of Technology, P.O. Box 513, 5600 MB, Eindhoven, The Netherlands"", ""Eindhoven University of Technology"", ""Center for Mathematics and Computer Science (CWI)""], ""raw_orcid"": null, ""affiliations"": [{""raw_affiliation_string"": ""Center for Mathematics and Computer Science (CWI), P.O. Box 94079, 1090 GB, Amsterdam, The Netherlands"", ""institution_ids"": [""https://openalex.org/I1341640284""]}, {""raw_affiliation_string"": ""School of Technology Management, Eindhoven University of Technology, P.O. Box 513, 5600 MB, Eindhoven, The Netherlands"", ""institution_ids"": [""https://openalex.org/I83019370""]}, {""raw_affiliation_string"": ""Eindhoven University of Technology"", ""institution_ids"": [""https://openalex.org/I83019370""]}, {""raw_affiliation_string"": ""Center for Mathematics and Computer Science (CWI)"", ""institution_ids"": []}]}]",
AAAI,2000,Incremental and Distributed Learning with Support Vector Machines.,Doina Caragea; Adrian Silvescu; Vasant G. Honavar,1067,DBLP_0000168,0.4309,0.5524,0.0,0.0,unmatched,1.0,https://openalex.org/W221982929,https://doi.org/10.12794/metadc149595,Incremental Learning with Large Datasets,2012-05-01,2012.0,0.0,,dissertation,"[{""author_position"": ""first"", ""author"": {""id"": ""https://openalex.org/A5022907996"", ""display_name"": ""Balathasan Giritharan"", ""orcid"": null}, ""institutions"": [{""id"": ""https://openalex.org/I123534392"", ""display_name"": ""University of North Texas"", ""ror"": ""https://ror.org/00v97ad02"", ""country_code"": ""US"", ""type"": ""education"", ""lineage"": [""https://openalex.org/I123534392""]}, {""id"": ""https://openalex.org/I4210092408"", ""display_name"": ""Toulouse School of Economics"", ""ror"": ""https://ror.org/00ff5f522"", ""country_code"": ""FR"", ""type"": ""education"", ""lineage"": [""https://openalex.org/I4210092408""]}], ""countries"": [""FR"", ""US""], ""is_corresponding"": true, ""raw_author_name"": ""Giritharan, Balathasan"", ""raw_affiliation_strings"": [""Department of Computer Science and Engineering Costas Tsatsoulis , Dean of the College of Engineering Toulouse Graduate School"", ""Univ of North texas""], ""raw_orcid"": null, ""affiliations"": [{""raw_affiliation_string"": ""Department of Computer Science and Engineering Costas Tsatsoulis , Dean of the College of Engineering Toulouse Graduate School"", ""institution_ids"": [""https://openalex.org/I4210092408""]}, {""raw_affiliation_string"": ""Univ of North texas"", ""institution_ids"": [""https://openalex.org/I123534392""]}]}]",
AAAI,2000,System that Identifies Writers.,Sung-Hyuk Cha; Sargur N. Srihari,1068,DBLP_0000169,0.518,0.382,1.0,1.0,unmatched,1.0,https://openalex.org/W1546044829,https://doi.org/10.1007/3-540-44522-6_13,Writer Identification: Statistical Analysis and Dichotomizer,2000-01-01,2000.0,68.0,Lecture notes in computer science,book-chapter,"[{""author_position"": ""first"", ""author"": {""id"": ""https://openalex.org/A5108635803"", ""display_name"": ""Sung-Hyuk Cha"", ""orcid"": ""https://orcid.org/0009-0007-8116-681X""}, ""institutions"": [{""id"": ""https://openalex.org/I63190737"", ""display_name"": ""University at Buffalo, State University of New York"", ""ror"": ""https://ror.org/01y64my43"", ""country_code"": ""US"", ""type"": ""education"", ""lineage"": [""https://openalex.org/I63190737""]}], ""countries"": [""US""], ""is_corresponding"": false, ""raw_author_name"": ""Sung-Hyuk Cha"", ""raw_affiliation_strings"": [""Center of Excellence for Document Analysis and Recognition, State University of New York at Buffalo, NY, 14260""], ""raw_orcid"": null, ""affiliations"": [{""raw_affiliation_string"": ""Center of Excellence for Document Analysis and Recognition, State University of New York at Buffalo, NY, 14260"", ""institution_ids"": [""https://openalex.org/I63190737""]}]}, {""author_position"": ""last"", ""author"": {""id"": ""https://openalex.org/A5102711181"", ""display_name"": ""Sargur N. Srihari"", ""orcid"": null}, ""institutions"": [{""id"": ""https://openalex.org/I63190737"", ""display_name"": ""University at Buffalo, State University of New York"", ""ror"": ""https://ror.org/01y64my43"", ""country_code"": ""US"", ""type"": ""education"", ""lineage"": [""https://openalex.org/I63190737""]}], ""countries"": [""US""], ""is_corresponding"": false, ""raw_author_name"": ""Sargur N. Srihari"", ""raw_affiliation_strings"": [""Center of Excellence for Document Analysis and Recognition, State University of New York at Buffalo, NY, 14260""], ""raw_orcid"": null, ""affiliations"": [{""raw_affiliation_string"": ""Center of Excellence for Document Analysis and Recognition, State University of New York at Buffalo, NY, 14260"", ""institution_ids"": [""https://openalex.org/I63190737""]}]}]",
AAAI,2000,Ontology Integration in XML.,Euna Jeong; Chun-Nan Hsu,1077,DBLP_0000178,0.527,0.6757,0.0,0.0,unmatched,1.0,https://openalex.org/W1591086693,https://doi.org/10.1007/3-540-48005-6_11,Ontology-Based Integration of XML Web Resources,2002-01-01,2002.0,131.0,Lecture notes in computer science,book-chapter,"[{""author_position"": ""first"", ""author"": {""id"": ""https://openalex.org/A5066111003"", ""display_name"": ""Bernd Amann"", ""orcid"": ""https://orcid.org/0000-0002-6822-4049""}, ""institutions"": [{""id"": ""https://openalex.org/I124158823"", ""display_name"": ""Conservatoire National des Arts et Métiers"", ""ror"": ""https://ror.org/0175hh227"", ""country_code"": ""FR"", ""type"": ""education"", ""lineage"": [""https://openalex.org/I124158823"", ""https://openalex.org/I4210134562""]}, {""id"": ""https://openalex.org/I1326498283"", ""display_name"": ""Institut national de recherche en sciences et technologies du numérique"", ""ror"": ""https://ror.org/02kvxyf05"", ""country_code"": ""FR"", ""type"": ""government"", ""lineage"": [""https://openalex.org/I1326498283""]}, {""id"": ""https://openalex.org/I4210145724"", ""display_name"": ""Centre d'Etudes et De Recherche en Informatique et Communications"", ""ror"": ""https://ror.org/044j5mm75"", ""country_code"": ""FR"", ""type"": ""facility"", ""lineage"": [""https://openalex.org/I4210145724""]}], ""countries"": [""FR""], ""is_corresponding"": false, ""raw_author_name"": ""Bernd Amann"", ""raw_affiliation_strings"": [""Cedric-CNAM and INRIA-Rocquencourt, France""], ""raw_orcid"": null, ""affiliations"": [{""raw_affiliation_string"": ""Cedric-CNAM and INRIA-Rocquencourt, France"", ""institution_ids"": [""https://openalex.org/I4210145724"", ""https://openalex.org/I1326498283"", ""https://openalex.org/I124158823""]}]}, {""author_position"": ""middle"", ""author"": {""id"": ""https://openalex.org/A5003271781"", ""display_name"": ""Catriel Beeri"", ""orcid"": null}, ""institutions"": [{""id"": ""https://openalex.org/I197251160"", ""display_name"": ""Hebrew University of Jerusalem"", ""ror"": ""https://ror.org/03qxff017"", ""country_code"": ""IL"", ""type"": ""education"", ""lineage"": [""https://openalex.org/I197251160""]}], ""countries"": [""IL""], ""is_corresponding"": false, ""raw_author_name"": ""Catriel Beeri"", ""raw_affiliation_strings"": [""The Hebrew University, Israel""], ""raw_orcid"": null, ""affiliations"": [{""raw_affiliation_string"": ""The Hebrew University, Israel"", ""institution_ids"": [""https://openalex.org/I197251160""]}]}, {""author_position"": ""middle"", ""author"": {""id"": ""https://openalex.org/A5032918788"", ""display_name"": ""Irini Fundulaki"", ""orcid"": ""https://orcid.org/0000-0002-4812-9896""}, ""institutions"": [{""id"": ""https://openalex.org/I124158823"", ""display_name"": ""Conservatoire National des Arts et Métiers"", ""ror"": ""https://ror.org/0175hh227"", ""country_code"": ""FR"", ""type"": ""education"", ""lineage"": [""https://openalex.org/I124158823"", ""https://openalex.org/I4210134562""]}, {""id"": ""https://openalex.org/I1326498283"", ""display_name"": ""Institut national de recherche en sciences et technologies du numérique"", ""ror"": ""https://ror.org/02kvxyf05"", ""country_code"": ""FR"", ""type"": ""government"", ""lineage"": [""https://openalex.org/I1326498283""]}, {""id"": ""https://openalex.org/I4210145724"", ""display_name"": ""Centre d'Etudes et De Recherche en Informatique et Communications"", ""ror"": ""https://ror.org/044j5mm75"", ""country_code"": ""FR"", ""type"": ""facility"", ""lineage"": [""https://openalex.org/I4210145724""]}], ""countries"": [""FR""], ""is_corresponding"": false, ""raw_author_name"": ""Irini Fundulaki"", ""raw_affiliation_strings"": [""Cedric-CNAM and INRIA-Rocquencourt, France""], ""raw_orcid"": null, ""affiliations"": [{""raw_affiliation_string"": ""Cedric-CNAM and INRIA-Rocquencourt, France"", ""institution_ids"": [""https://openalex.org/I4210145724"", ""https://openalex.org/I1326498283"", ""https://openalex.org/I124158823""]}]}, {""author_position"": ""last"", ""author"": {""id"": ""https://openalex.org/A5113500838"", ""display_name"": ""Micheł Scholl"", ""orcid"": null}, ""institutions"": [{""id"": ""https://openalex.org/I124158823"", ""display_name"": ""Conservatoire National des Arts et Métiers"", ""ror"": ""https://ror.org/0175hh227"", ""country_code"": ""FR"", ""type"": ""education"", ""lineage"": [""https://openalex.org/I124158823"", ""https://openalex.org/I4210134562""]}, {""id"": ""https://openalex.org/I1326498283"", ""display_name"": ""Institut national de recherche en sciences et technologies du numérique"", ""ror"": ""https://ror.org/02kvxyf05"", ""country_code"": ""FR"", ""type"": ""government"", ""lineage"": [""https://openalex.org/I1326498283""]}, {""id"": ""https://openalex.org/I4210145724"", ""display_name"": ""Centre d'Etudes et De Recherche en Informatique et Communications"", ""ror"": ""https://ror.org/044j5mm75"", ""country_code"": ""FR"", ""type"": ""facility"", ""lineage"": [""https://openalex.org/I4210145724""]}], ""countries"": [""FR""], ""is_corresponding"": false, ""raw_author_name"": ""Michel Scholl"", ""raw_affiliation_strings"": [""Cedric-CNAM and INRIA-Rocquencourt, France""], ""raw_orcid"": null, ""affiliations"": [{""raw_affiliation_string"": ""Cedric-CNAM and INRIA-Rocquencourt, France"", ""institution_ids"": [""https://openalex.org/I4210145724"", ""https://openalex.org/I1326498283"", ""https://openalex.org/I124158823""]}]}]",
AAAI,2000,Situation Awareness with the Limited Visual Attention.,Youngjun Kim; Randall W. Hill Jr.; Jonathan Gratch,1079,DBLP_0000180,0.4898,0.6279,0.0,0.0,unmatched,1.0,https://openalex.org/W2104573287,https://doi.org/10.1097/aln.0b013e318280a40f,Situation Awareness in Anesthesia,2013-01-04,2013.0,259.0,Anesthesiology,review,"[{""author_position"": ""first"", ""author"": {""id"": ""https://openalex.org/A5101948096"", ""display_name"": ""Christian Schulz"", ""orcid"": ""https://orcid.org/0000-0002-5615-2113""}, ""institutions"": [{""id"": ""https://openalex.org/I53276908"", ""display_name"": ""Marymount University"", ""ror"": ""https://ror.org/0008kv292"", ""country_code"": ""US"", ""type"": ""education"", ""lineage"": [""https://openalex.org/I53276908""]}], ""countries"": [""US""], ""is_corresponding"": false, ""raw_author_name"": ""Christian M. Schulz"", ""raw_affiliation_strings"": [""Assistant Professor""], ""raw_orcid"": null, ""affiliations"": [{""raw_affiliation_string"": ""Assistant Professor"", ""institution_ids"": [""https://openalex.org/I53276908""]}]}, {""author_position"": ""middle"", ""author"": {""id"": ""https://openalex.org/A5068382657"", ""display_name"": ""Mica R. Endsley"", ""orcid"": ""https://orcid.org/0000-0002-2359-947X""}, ""institutions"": [{""id"": ""https://openalex.org/I4210142445"", ""display_name"": ""SA Technologies (United States)"", ""ror"": ""https://ror.org/046qmva50"", ""country_code"": ""US"", ""type"": ""company"", ""lineage"": [""https://openalex.org/I4210142445""]}], ""countries"": [""US""], ""is_corresponding"": false, ""raw_author_name"": ""Mica R. Endsley"", ""raw_affiliation_strings"": [""President, SA Technologies Inc., Marietta, Georgia""], ""raw_orcid"": null, ""affiliations"": [{""raw_affiliation_string"": ""President, SA Technologies Inc., Marietta, Georgia"", ""institution_ids"": [""https://openalex.org/I4210142445""]}]}, {""author_position"": ""middle"", ""author"": {""id"": ""https://openalex.org/A5109268062"", ""display_name"": ""E. Kochs"", ""orcid"": null}, ""institutions"": [{""id"": ""https://openalex.org/I180670191"", ""display_name"": ""University of California, San Francisco"", ""ror"": ""https://ror.org/043mz5j54"", ""country_code"": ""US"", ""type"": ""education"", ""lineage"": [""https://openalex.org/I180670191""]}], ""countries"": [""US""], ""is_corresponding"": false, ""raw_author_name"": ""Eberhard F. Kochs"", ""raw_affiliation_strings"": [""Associate Professor, Department of Anesthesia and Perioperative Care, University of California, San Francisco, San Francisco, California""], ""raw_orcid"": null, ""affiliations"": [{""raw_affiliation_string"": ""Associate Professor, Department of Anesthesia and Perioperative Care, University of California, San Francisco, San Francisco, California"", ""institution_ids"": [""https://openalex.org/I180670191""]}]}, {""author_position"": ""middle"", ""author"": {""id"": ""https://openalex.org/A5040357508"", ""display_name"": ""Adrian W. Gelb"", ""orcid"": ""https://orcid.org/0000-0001-7004-4410""}, ""institutions"": [{""id"": ""https://openalex.org/I53276908"", ""display_name"": ""Marymount University"", ""ror"": ""https://ror.org/0008kv292"", ""country_code"": ""US"", ""type"": ""education"", ""lineage"": [""https://openalex.org/I53276908""]}], ""countries"": [""US""], ""is_corresponding"": false, ""raw_author_name"": ""Adrian W. Gelb"", ""raw_affiliation_strings"": [""Professor and Chairman""], ""raw_orcid"": null, ""affiliations"": [{""raw_affiliation_string"": ""Professor and Chairman"", ""institution_ids"": [""https://openalex.org/I53276908""]}]}, {""author_position"": ""last"", ""author"": {""id"": ""https://openalex.org/A5112641016"", ""display_name"": ""Klaus J. Wagner"", ""orcid"": null}, ""institutions"": [{""id"": ""https://openalex.org/I2802619606"", ""display_name"": ""TUM Klinikum"", ""ror"": ""https://ror.org/04jc43x05"", ""country_code"": ""DE"", ""type"": ""healthcare"", ""lineage"": [""https://openalex.org/I2802619606"", ""https://openalex.org/I62916508""]}], ""countries"": [""DE""], ""is_corresponding"": false, ""raw_author_name"": ""Klaus J. Wagner"", ""raw_affiliation_strings"": [""Associate Professor, Klinik für Anaesthesiologie, Technische Universität München, Klinikum rechts der Isar, München, Germany""], ""raw_orcid"": null, ""affiliations"": [{""raw_affiliation_string"": ""Associate Professor, Klinik für Anaesthesiologie, Technische Universität München, Klinikum rechts der Isar, München, Germany"", ""institution_ids"": [""https://openalex.org/I2802619606""]}]}]",
AAAI,2000,Language Learning in Large Parameter Spaces.,Karen T. Kohl,1080,DBLP_0000181,0.4149,0.5319,0.0,0.0,unmatched,1.0,https://openalex.org/W2592929672,https://doi.org/10.1016/j.media.2017.07.005,A survey on deep learning in medical image analysis,2017-07-26,2017.0,14460.0,Medical Image Analysis,review,"[{""author_position"": ""first"", ""author"": {""id"": ""https://openalex.org/A5055697525"", ""display_name"": ""Geert Litjens"", ""orcid"": ""https://orcid.org/0000-0003-1554-1291""}, ""institutions"": [{""id"": ""https://openalex.org/I145872427"", ""display_name"": ""Radboud University Nijmegen"", ""ror"": ""https://ror.org/016xsfp80"", ""country_code"": ""NL"", ""type"": ""education"", ""lineage"": [""https://openalex.org/I145872427""]}, {""id"": ""https://openalex.org/I2802934949"", ""display_name"": ""Radboud University Medical Center"", ""ror"": ""https://ror.org/05wg1m734"", ""country_code"": ""NL"", ""type"": ""funder"", ""lineage"": [""https://openalex.org/I2802934949""]}], ""countries"": [""NL""], ""is_corresponding"": true, ""raw_author_name"": ""Geert Litjens"", ""raw_affiliation_strings"": [""Diagnostic Image Analysis Group, Radboud University Medical Center, Nijmegen, The Netherlands. Electronic address: geert.litjens@radboudumc.nl"", ""Diagnostic Image Analysis Group, Radboud University Medical Center, Nijmegen, The Netherlands""], ""raw_orcid"": null, ""affiliations"": [{""raw_affiliation_string"": ""Diagnostic Image Analysis Group, Radboud University Medical Center, Nijmegen, The Netherlands. Electronic address: geert.litjens@radboudumc.nl"", ""institution_ids"": []}, {""raw_affiliation_string"": ""Diagnostic Image Analysis Group, Radboud University Medical Center, Nijmegen, The Netherlands"", ""institution_ids"": [""https://openalex.org/I145872427"", ""https://openalex.org/I2802934949""]}]}, {""author_position"": ""middle"", ""author"": {""id"": ""https://openalex.org/A5057937692"", ""display_name"": ""Thijs Kooi"", ""orcid"": ""https://orcid.org/0000-0001-5565-5029""}, ""institutions"": [{""id"": ""https://openalex.org/I145872427"", ""display_name"": ""Radboud University Nijmegen"", ""ror"": ""https://ror.org/016xsfp80"", ""country_code"": ""NL"", ""type"": ""education"", ""lineage"": [""https://openalex.org/I145872427""]}, {""id"": ""https://openalex.org/I2802934949"", ""display_name"": ""Radboud University Medical Center"", ""ror"": ""https://ror.org/05wg1m734"", ""country_code"": ""NL"", ""type"": ""funder"", ""lineage"": [""https://openalex.org/I2802934949""]}], ""countries"": [""NL""], ""is_corresponding"": false, ""raw_author_name"": ""Thijs Kooi"", ""raw_affiliation_strings"": [""Diagnostic Image Analysis Group, Radboud University Medical Center, Nijmegen, The Netherlands""], ""raw_orcid"": null, ""affiliations"": [{""raw_affiliation_string"": ""Diagnostic Image Analysis Group, Radboud University Medical Center, Nijmegen, The Netherlands"", ""institution_ids"": [""https://openalex.org/I145872427"", ""https://openalex.org/I2802934949""]}]}, {""author_position"": ""middle"", ""author"": {""id"": ""https://openalex.org/A5055531734"", ""display_name"": ""Babak Ehteshami Bejnordi"", ""orcid"": ""https://orcid.org/0000-0002-6258-5687""}, ""institutions"": [{""id"": ""https://openalex.org/I2802934949"", ""display_name"": ""Radboud University Medical Center"", ""ror"": ""https://ror.org/05wg1m734"", ""country_code"": ""NL"", ""type"": ""funder"", ""lineage"": [""https://openalex.org/I2802934949""]}, {""id"": ""https://openalex.org/I145872427"", ""display_name"": ""Radboud University Nijmegen"", ""ror"": ""https://ror.org/016xsfp80"", ""country_code"": ""NL"", ""type"": ""education"", ""lineage"": [""https://openalex.org/I145872427""]}], ""countries"": [""NL""], ""is_corresponding"": false, ""raw_author_name"": ""Babak Ehteshami Bejnordi"", ""raw_affiliation_strings"": [""Diagnostic Image Analysis Group, Radboud University Medical Center, Nijmegen, The Netherlands""], ""raw_orcid"": null, ""affiliations"": [{""raw_affiliation_string"": ""Diagnostic Image Analysis Group, Radboud University Medical Center, Nijmegen, The Netherlands"", ""institution_ids"": [""https://openalex.org/I145872427"", ""https://openalex.org/I2802934949""]}]}, {""author_position"": ""middle"", ""author"": {""id"": ""https://openalex.org/A5083631804"", ""display_name"": ""Arnaud A. A. Setio"", ""orcid"": ""https://orcid.org/0000-0002-5447-4434""}, ""institutions"": [{""id"": ""https://openalex.org/I2802934949"", ""display_name"": ""Radboud University Medical Center"", ""ror"": ""https://ror.org/05wg1m734"", ""country_code"": ""NL"", ""type"": ""funder"", ""lineage"": [""https://openalex.org/I2802934949""]}, {""id"": ""https://openalex.org/I145872427"", ""display_name"": ""Radboud University Nijmegen"", ""ror"": ""https://ror.org/016xsfp80"", ""country_code"": ""NL"", ""type"": ""education"", ""lineage"": [""https://openalex.org/I145872427""]}], ""countries"": [""NL""], ""is_corresponding"": false, ""raw_author_name"": ""Arnaud Arindra Adiyoso Setio"", ""raw_affiliation_strings"": [""Diagnostic Image Analysis Group, Radboud University Medical Center, Nijmegen, The Netherlands""], ""raw_orcid"": null, ""affiliations"": [{""raw_affiliation_string"": ""Diagnostic Image Analysis Group, Radboud University Medical Center, Nijmegen, The Netherlands"", ""institution_ids"": [""https://openalex.org/I145872427"", ""https://openalex.org/I2802934949""]}]}, {""author_position"": ""middle"", ""author"": {""id"": ""https://openalex.org/A5002905948"", ""display_name"": ""Francesco Ciompi"", ""orcid"": ""https://orcid.org/0000-0001-8327-9606""}, ""institutions"": [{""id"": ""https://openalex.org/I145872427"", ""display_name"": ""Radboud University Nijmegen"", ""ror"": ""https://ror.org/016xsfp80"", ""country_code"": ""NL"", ""type"": ""education"", ""lineage"": [""https://openalex.org/I145872427""]}, {""id"": ""https://openalex.org/I2802934949"", ""display_name"": ""Radboud University Medical Center"", ""ror"": ""https://ror.org/05wg1m734"", ""country_code"": ""NL"", ""type"": ""funder"", ""lineage"": [""https://openalex.org/I2802934949""]}], ""countries"": [""NL""], ""is_corresponding"": false, ""raw_author_name"": ""Francesco Ciompi"", ""raw_affiliation_strings"": [""Diagnostic Image Analysis Group, Radboud University Medical Center, Nijmegen, The Netherlands""], ""raw_orcid"": null, ""affiliations"": [{""raw_affiliation_string"": ""Diagnostic Image Analysis Group, Radboud University Medical Center, Nijmegen, The Netherlands"", ""institution_ids"": [""https://openalex.org/I145872427"", ""https://openalex.org/I2802934949""]}]}, {""author_position"": ""middle"", ""author"": {""id"": ""https://openalex.org/A5083441393"", ""display_name"": ""Mohsen Ghafoorian"", ""orcid"": null}, ""institutions"": [{""id"": ""https://openalex.org/I145872427"", ""display_name"": ""Radboud University Nijmegen"", ""ror"": ""https://ror.org/016xsfp80"", ""country_code"": ""NL"", ""type"": ""education"", ""lineage"": [""https://openalex.org/I145872427""]}, {""id"": ""https://openalex.org/I2802934949"", ""display_name"": ""Radboud University Medical Center"", ""ror"": ""https://ror.org/05wg1m734"", ""country_code"": ""NL"", ""type"": ""funder"", ""lineage"": [""https://openalex.org/I2802934949""]}], ""countries"": [""NL""], ""is_corresponding"": false, ""raw_author_name"": ""Mohsen Ghafoorian"", ""raw_affiliation_strings"": [""Diagnostic Image Analysis Group, Radboud University Medical Center, Nijmegen, The Netherlands""], ""raw_orcid"": null, ""affiliations"": [{""raw_affiliation_string"": ""Diagnostic Image Analysis Group, Radboud University Medical Center, Nijmegen, The Netherlands"", ""institution_ids"": [""https://openalex.org/I145872427"", ""https://openalex.org/I2802934949""]}]}, {""author_position"": ""middle"", ""author"": {""id"": ""https://openalex.org/A5081003438"", ""display_name"": ""Jeroen van der Laak"", ""orcid"": ""https://orcid.org/0000-0001-7982-0754""}, ""institutions"": [{""id"": ""https://openalex.org/I145872427"", ""display_name"": ""Radboud University Nijmegen"", ""ror"": ""https://ror.org/016xsfp80"", ""country_code"": ""NL"", ""type"": ""education"", ""lineage"": [""https://openalex.org/I145872427""]}, {""id"": ""https://openalex.org/I2802934949"", ""display_name"": ""Radboud University Medical Center"", ""ror"": ""https://ror.org/05wg1m734"", ""country_code"": ""NL"", ""type"": ""funder"", ""lineage"": [""https://openalex.org/I2802934949""]}], ""countries"": [""NL""], ""is_corresponding"": false, ""raw_author_name"": ""Jeroen A.W.M. van der Laak"", ""raw_affiliation_strings"": [""Diagnostic Image Analysis Group, Radboud University Medical Center, Nijmegen, The Netherlands""], ""raw_orcid"": null, ""affiliations"": [{""raw_affiliation_string"": ""Diagnostic Image Analysis Group, Radboud University Medical Center, Nijmegen, The Netherlands"", ""institution_ids"": [""https://openalex.org/I145872427"", ""https://openalex.org/I2802934949""]}]}, {""author_position"": ""middle"", ""author"": {""id"": ""https://openalex.org/A5042982766"", ""display_name"": ""Bram van Ginneken"", ""orcid"": ""https://orcid.org/0000-0003-2028-8972""}, ""institutions"": [{""id"": ""https://openalex.org/I2802934949"", ""display_name"": ""Radboud University Medical Center"", ""ror"": ""https://ror.org/05wg1m734"", ""country_code"": ""NL"", ""type"": ""funder"", ""lineage"": [""https://openalex.org/I2802934949""]}, {""id"": ""https://openalex.org/I145872427"", ""display_name"": ""Radboud University Nijmegen"", ""ror"": ""https://ror.org/016xsfp80"", ""country_code"": ""NL"", ""type"": ""education"", ""lineage"": [""https://openalex.org/I145872427""]}], ""countries"": [""NL""], ""is_corresponding"": false, ""raw_author_name"": ""Bram van Ginneken"", ""raw_affiliation_strings"": [""Diagnostic Image Analysis Group, Radboud University Medical Center, Nijmegen, The Netherlands""], ""raw_orcid"": null, ""affiliations"": [{""raw_affiliation_string"": ""Diagnostic Image Analysis Group, Radboud University Medical Center, Nijmegen, The Netherlands"", ""institution_ids"": [""https://openalex.org/I145872427"", ""https://openalex.org/I2802934949""]}]}, {""author_position"": ""last"", ""author"": {""id"": ""https://openalex.org/A5081715147"", ""display_name"": ""Clara I. Sá‎nchez"", ""orcid"": ""https://orcid.org/0000-0001-9787-8319""}, ""institutions"": [{""id"": ""https://openalex.org/I2802934949"", ""display_name"": ""Radboud University Medical Center"", ""ror"": ""https://ror.org/05wg1m734"", ""country_code"": ""NL"", ""type"": ""funder"", ""lineage"": [""https://openalex.org/I2802934949""]}, {""id"": ""https://openalex.org/I145872427"", ""display_name"": ""Radboud University Nijmegen"", ""ror"": ""https://ror.org/016xsfp80"", ""country_code"": ""NL"", ""type"": ""education"", ""lineage"": [""https://openalex.org/I145872427""]}], ""countries"": [""NL""], ""is_corresponding"": false, ""raw_author_name"": ""Clara I. Sánchez"", ""raw_affiliation_strings"": [""Diagnostic Image Analysis Group, Radboud University Medical Center, Nijmegen, The Netherlands""], ""raw_orcid"": null, ""affiliations"": [{""raw_affiliation_string"": ""Diagnostic Image Analysis Group, Radboud University Medical Center, Nijmegen, The Netherlands"", ""institution_ids"": [""https://openalex.org/I145872427"", ""https://openalex.org/I2802934949""]}]}]",
AAAI,2000,Reinforcement Learning for Algorithm Selection.,Michail G. Lagoudakis; Michael L. Littman,1081,DBLP_0000182,0.587,0.7013,0.0,0.5,unmatched,1.0,https://openalex.org/W2107726111,https://doi.org/10.1613/jair.301,Reinforcement Learning: A Survey,1996-05-01,1996.0,8855.0,Journal of Artificial Intelligence Research,article,"[{""author_position"": ""first"", ""author"": {""id"": ""https://openalex.org/A5012862284"", ""display_name"": ""Leslie Pack Kaelbling"", ""orcid"": null}, ""institutions"": [{""id"": ""https://openalex.org/I27804330"", ""display_name"": ""Brown University"", ""ror"": ""https://ror.org/05gq02987"", ""country_code"": ""US"", ""type"": ""education"", ""lineage"": [""https://openalex.org/I27804330""]}], ""countries"": [""US""], ""is_corresponding"": false, ""raw_author_name"": ""L. P. Kaelbling"", ""raw_affiliation_strings"": [""Comput. Sci. Dept., Brown Univ., Providence, RI""], ""raw_orcid"": null, ""affiliations"": [{""raw_affiliation_string"": ""Comput. Sci. Dept., Brown Univ., Providence, RI"", ""institution_ids"": [""https://openalex.org/I27804330""]}]}, {""author_position"": ""middle"", ""author"": {""id"": ""https://openalex.org/A5009722403"", ""display_name"": ""Michael L. Littman"", ""orcid"": ""https://orcid.org/0000-0002-5596-1840""}, ""institutions"": [{""id"": ""https://openalex.org/I27804330"", ""display_name"": ""Brown University"", ""ror"": ""https://ror.org/05gq02987"", ""country_code"": ""US"", ""type"": ""education"", ""lineage"": [""https://openalex.org/I27804330""]}], ""countries"": [""US""], ""is_corresponding"": false, ""raw_author_name"": ""M. L. Littman"", ""raw_affiliation_strings"": [""Comput. Sci. Dept., Brown Univ., Providence, RI""], ""raw_orcid"": null, ""affiliations"": [{""raw_affiliation_string"": ""Comput. Sci. Dept., Brown Univ., Providence, RI"", ""institution_ids"": [""https://openalex.org/I27804330""]}]}, {""author_position"": ""last"", ""author"": {""id"": ""https://openalex.org/A5101927521"", ""display_name"": ""Andrew Moore"", ""orcid"": ""https://orcid.org/0000-0002-3395-0841""}, ""institutions"": [{""id"": ""https://openalex.org/I74973139"", ""display_name"": ""Carnegie Mellon University"", ""ror"": ""https://ror.org/05x2bcf33"", ""country_code"": ""US"", ""type"": ""education"", ""lineage"": [""https://openalex.org/I74973139""]}], ""countries"": [""US""], ""is_corresponding"": false, ""raw_author_name"": ""A. W. Moore"", ""raw_affiliation_strings"": [""Carnegie-Mellon University, Pittsburgh, PA""], ""raw_orcid"": null, ""affiliations"": [{""raw_affiliation_string"": ""Carnegie-Mellon University, Pittsburgh, PA"", ""institution_ids"": [""https://openalex.org/I74973139""]}]}]",
AAAI,2000,Tracing Dependencies of Strategy Selections in Agent Design.,Dung N. Lam; K. Suzanne Barber,1082,DBLP_0000183,0.3934,0.5043,0.0,0.0,unmatched,1.0,https://openalex.org/W2144108520,https://doi.org/10.1002/job.1950,Heuristics as adaptive decision strategies in management,2014-09-22,2014.0,252.0,Journal of Organizational Behavior,article,"[{""author_position"": ""first"", ""author"": {""id"": ""https://openalex.org/A5049815007"", ""display_name"": ""Florian Artinger"", ""orcid"": ""https://orcid.org/0000-0001-9572-2329""}, ""institutions"": [{""id"": ""https://openalex.org/I4210120221"", ""display_name"": ""Max Planck Institute for Human Development"", ""ror"": ""https://ror.org/02pp7px91"", ""country_code"": ""DE"", ""type"": ""facility"", ""lineage"": [""https://openalex.org/I149899117"", ""https://openalex.org/I4210120221""]}], ""countries"": [""DE""], ""is_corresponding"": false, ""raw_author_name"": ""Florian Artinger"", ""raw_affiliation_strings"": [""Max Planck Institute for Human Development; Center for Adaptive Behavior and Cognition; Berlin Germany"", ""Warwick Business School, Behavioural Science Group; The University of Warwick; Coventry U.K"", ""Warwick Business School, Behavioural Science Group, The University of Warwick, Coventry, U.K"", ""Max Planck Institute for Human Development, Center for Adaptive Behavior and Cognition, Berlin, Germany""], ""raw_orcid"": null, ""affiliations"": [{""raw_affiliation_string"": ""Max Planck Institute for Human Development; Center for Adaptive Behavior and Cognition; Berlin Germany"", ""institution_ids"": [""https://openalex.org/I4210120221""]}, {""raw_affiliation_string"": ""Warwick Business School, Behavioural Science Group; The University of Warwick; Coventry U.K"", ""institution_ids"": []}, {""raw_affiliation_string"": ""Warwick Business School, Behavioural Science Group, The University of Warwick, Coventry, U.K"", ""institution_ids"": []}, {""raw_affiliation_string"": ""Max Planck Institute for Human Development, Center for Adaptive Behavior and Cognition, Berlin, Germany"", ""institution_ids"": [""https://openalex.org/I4210120221""]}]}, {""author_position"": ""middle"", ""author"": {""id"": ""https://openalex.org/A5033294192"", ""display_name"": ""Malte Petersen"", ""orcid"": null}, ""institutions"": [{""id"": ""https://openalex.org/I4210120221"", ""display_name"": ""Max Planck Institute for Human Development"", ""ror"": ""https://ror.org/02pp7px91"", ""country_code"": ""DE"", ""type"": ""facility"", ""lineage"": [""https://openalex.org/I149899117"", ""https://openalex.org/I4210120221""]}, {""id"": ""https://openalex.org/I120691247"", ""display_name"": ""University of Hagen"", ""ror"": ""https://ror.org/04tkkr536"", ""country_code"": ""DE"", ""type"": ""education"", ""lineage"": [""https://openalex.org/I120691247""]}], ""countries"": [""DE""], ""is_corresponding"": true, ""raw_author_name"": ""Malte Petersen"", ""raw_affiliation_strings"": [""Department of Business Administration, Human Resource Management and Organisation; Fernuniversität in Hagen; Hagen Germany"", ""Max Planck Institute for Human Development; Center for Adaptive Behavior and Cognition; Berlin Germany"", ""Max Planck Institute for Human Development, Center for Adaptive Behavior and Cognition, Berlin, Germany""], ""raw_orcid"": null, ""affiliations"": [{""raw_affiliation_string"": ""Department of Business Administration, Human Resource Management and Organisation; Fernuniversität in Hagen; Hagen Germany"", ""institution_ids"": [""https://openalex.org/I120691247""]}, {""raw_affiliation_string"": ""Max Planck Institute for Human Development; Center for Adaptive Behavior and Cognition; Berlin Germany"", ""institution_ids"": [""https://openalex.org/I4210120221""]}, {""raw_affiliation_string"": ""Max Planck Institute for Human Development, Center for Adaptive Behavior and Cognition, Berlin, Germany"", ""institution_ids"": [""https://openalex.org/I4210120221""]}]}, {""author_position"": ""middle"", ""author"": {""id"": ""https://openalex.org/A5002330321"", ""display_name"": ""Gerd Gigerenzer"", ""orcid"": ""https://orcid.org/0000-0002-6163-5419""}, ""institutions"": [{""id"": ""https://openalex.org/I4210120221"", ""display_name"": ""Max Planck Institute for Human Development"", ""ror"": ""https://ror.org/02pp7px91"", ""country_code"": ""DE"", ""type"": ""facility"", ""lineage"": [""https://openalex.org/I149899117"", ""https://openalex.org/I4210120221""]}], ""countries"": [""DE""], ""is_corresponding"": false, ""raw_author_name"": ""Gerd Gigerenzer"", ""raw_affiliation_strings"": [""Max Planck Institute for Human Development; Center for Adaptive Behavior and Cognition; Berlin Germany"", ""Max Planck Institute for Human Development, Center for Adaptive Behavior and Cognition, Berlin, Germany""], ""raw_orcid"": null, ""affiliations"": [{""raw_affiliation_string"": ""Max Planck Institute for Human Development; Center for Adaptive Behavior and Cognition; Berlin Germany"", ""institution_ids"": [""https://openalex.org/I4210120221""]}, {""raw_affiliation_string"": ""Max Planck Institute for Human Development, Center for Adaptive Behavior and Cognition, Berlin, Germany"", ""institution_ids"": [""https://openalex.org/I4210120221""]}]}, {""author_position"": ""last"", ""author"": {""id"": ""https://openalex.org/A5031596894"", ""display_name"": ""Jürgen Weibler"", ""orcid"": null}, ""institutions"": [{""id"": ""https://openalex.org/I120691247"", ""display_name"": ""University of Hagen"", ""ror"": ""https://ror.org/04tkkr536"", ""country_code"": ""DE"", ""type"": ""education"", ""lineage"": [""https://openalex.org/I120691247""]}], ""countries"": [""DE""], ""is_corresponding"": false, ""raw_author_name"": ""Jürgen Weibler"", ""raw_affiliation_strings"": [""Department of Business Administration, Human Resource Management and Organisation; Fernuniversität in Hagen; Hagen Germany""], ""raw_orcid"": null, ""affiliations"": [{""raw_affiliation_string"": ""Department of Business Administration, Human Resource Management and Organisation; Fernuniversität in Hagen; Hagen Germany"", ""institution_ids"": [""https://openalex.org/I120691247""]}]}]",
AAAI,2000,Programming Robot Behavior Primitives through Human Demonstration.,Amy C. Larson; Richard M. Voyles,1083,DBLP_0000184,0.4267,0.547,0.0,0.0,unmatched,1.0,https://openalex.org/W2994446013,https://doi.org/10.1146/annurev-control-100819-063206,Recent Advances in Robot Learning from Demonstration,2019-12-06,2019.0,721.0,Annual Review of Control Robotics and Autonomous Systems,article,"[{""author_position"": ""first"", ""author"": {""id"": ""https://openalex.org/A5087370510"", ""display_name"": ""Harish Ravichandar"", ""orcid"": ""https://orcid.org/0000-0002-6635-2637""}, ""institutions"": [{""id"": ""https://openalex.org/I130701444"", ""display_name"": ""Georgia Institute of Technology"", ""ror"": ""https://ror.org/01zkghx44"", ""country_code"": ""US"", ""type"": ""education"", ""lineage"": [""https://openalex.org/I130701444""]}], ""countries"": [""US""], ""is_corresponding"": false, ""raw_author_name"": ""Harish Ravichandar"", ""raw_affiliation_strings"": [""Institute for Robotics and Intelligent Machines, Georgia Institute of Technology, Atlanta, Georgia 30332, USA;,""], ""raw_orcid"": null, ""affiliations"": [{""raw_affiliation_string"": ""Institute for Robotics and Intelligent Machines, Georgia Institute of Technology, Atlanta, Georgia 30332, USA;,"", ""institution_ids"": [""https://openalex.org/I130701444""]}]}, {""author_position"": ""middle"", ""author"": {""id"": ""https://openalex.org/A5035674889"", ""display_name"": ""Athanasios Polydoros"", ""orcid"": ""https://orcid.org/0000-0002-4597-0567""}, ""institutions"": [{""id"": ""https://openalex.org/I5124864"", ""display_name"": ""École Polytechnique Fédérale de Lausanne"", ""ror"": ""https://ror.org/02s376052"", ""country_code"": ""CH"", ""type"": ""education"", ""lineage"": [""https://openalex.org/I2799323385"", ""https://openalex.org/I5124864""]}], ""countries"": [""CH""], ""is_corresponding"": false, ""raw_author_name"": ""Athanasios S. Polydoros"", ""raw_affiliation_strings"": [""Learning Algorithms and Systems Laboratory, École Polytechnique Fédérale de Lausanne, 1015 Lausanne, Switzerland;,""], ""raw_orcid"": null, ""affiliations"": [{""raw_affiliation_string"": ""Learning Algorithms and Systems Laboratory, École Polytechnique Fédérale de Lausanne, 1015 Lausanne, Switzerland;,"", ""institution_ids"": [""https://openalex.org/I5124864""]}]}, {""author_position"": ""middle"", ""author"": {""id"": ""https://openalex.org/A5033265891"", ""display_name"": ""Sonia Chernova"", ""orcid"": ""https://orcid.org/0000-0001-6320-0825""}, ""institutions"": [{""id"": ""https://openalex.org/I130701444"", ""display_name"": ""Georgia Institute of Technology"", ""ror"": ""https://ror.org/01zkghx44"", ""country_code"": ""US"", ""type"": ""education"", ""lineage"": [""https://openalex.org/I130701444""]}], ""countries"": [""US""], ""is_corresponding"": false, ""raw_author_name"": ""Sonia Chernova"", ""raw_affiliation_strings"": [""Institute for Robotics and Intelligent Machines, Georgia Institute of Technology, Atlanta, Georgia 30332, USA;,""], ""raw_orcid"": null, ""affiliations"": [{""raw_affiliation_string"": ""Institute for Robotics and Intelligent Machines, Georgia Institute of Technology, Atlanta, Georgia 30332, USA;,"", ""institution_ids"": [""https://openalex.org/I130701444""]}]}, {""author_position"": ""last"", ""author"": {""id"": ""https://openalex.org/A5090592452"", ""display_name"": ""Aude Billard"", ""orcid"": ""https://orcid.org/0000-0002-7076-8010""}, ""institutions"": [{""id"": ""https://openalex.org/I5124864"", ""display_name"": ""École Polytechnique Fédérale de Lausanne"", ""ror"": ""https://ror.org/02s376052"", ""country_code"": ""CH"", ""type"": ""education"", ""lineage"": [""https://openalex.org/I2799323385"", ""https://openalex.org/I5124864""]}], ""countries"": [""CH""], ""is_corresponding"": false, ""raw_author_name"": ""Aude Billard"", ""raw_affiliation_strings"": [""Learning Algorithms and Systems Laboratory, École Polytechnique Fédérale de Lausanne, 1015 Lausanne, Switzerland;,""], ""raw_orcid"": null, ""affiliations"": [{""raw_affiliation_string"": ""Learning Algorithms and Systems Laboratory, École Polytechnique Fédérale de Lausanne, 1015 Lausanne, Switzerland;,"", ""institution_ids"": [""https://openalex.org/I5124864""]}]}]",
AAAI,2000,A Semi-Complete Disambiguation Algorithm for Open Text.,Rada Mihalcea,1085,DBLP_0000186,0.3578,0.4587,0.0,0.0,unmatched,1.0,https://openalex.org/W1990645831,https://doi.org/10.3115/1220835.1220877,Learning morphological disambiguation rules for Turkish,2006-01-01,2006.0,94.0,,article,"[{""author_position"": ""first"", ""author"": {""id"": ""https://openalex.org/A5013522667"", ""display_name"": ""Deniz Yüret"", ""orcid"": ""https://orcid.org/0000-0002-7039-0046""}, ""institutions"": [{""id"": ""https://openalex.org/I1351752"", ""display_name"": ""Koç University"", ""ror"": ""https://ror.org/00jzwgz36"", ""country_code"": ""TR"", ""type"": ""education"", ""lineage"": [""https://openalex.org/I1351752""]}], ""countries"": [""TR""], ""is_corresponding"": false, ""raw_author_name"": ""Deniz Yuret"", ""raw_affiliation_strings"": [""Koç University, Istanbul, Turkey"", ""Koc University,Istanbul,Turkey""], ""raw_orcid"": null, ""affiliations"": [{""raw_affiliation_string"": ""Koç University, Istanbul, Turkey"", ""institution_ids"": [""https://openalex.org/I1351752""]}, {""raw_affiliation_string"": ""Koc University,Istanbul,Turkey"", ""institution_ids"": [""https://openalex.org/I1351752""]}]}, {""author_position"": ""last"", ""author"": {""id"": ""https://openalex.org/A5077656815"", ""display_name"": ""Ferhan Türe"", ""orcid"": ""https://orcid.org/0000-0002-5585-157X""}, ""institutions"": [{""id"": ""https://openalex.org/I1351752"", ""display_name"": ""Koç University"", ""ror"": ""https://ror.org/00jzwgz36"", ""country_code"": ""TR"", ""type"": ""education"", ""lineage"": [""https://openalex.org/I1351752""]}], ""countries"": [""TR""], ""is_corresponding"": false, ""raw_author_name"": ""Ferhan Türe"", ""raw_affiliation_strings"": [""Koç University, Istanbul, Turkey"", ""Koc University,Istanbul,Turkey""], ""raw_orcid"": null, ""affiliations"": [{""raw_affiliation_string"": ""Koç University, Istanbul, Turkey"", ""institution_ids"": [""https://openalex.org/I1351752""]}, {""raw_affiliation_string"": ""Koc University,Istanbul,Turkey"", ""institution_ids"": [""https://openalex.org/I1351752""]}]}]",
AAAI,2000,Combining Classification and Temporal Learning.,Matthew Winston Mitchell,1086,DBLP_0000187,0.3983,0.5106,0.0,0.0,unmatched,1.0,https://openalex.org/W2103626435,https://doi.org/10.1007/bf00992697,Practical issues in temporal difference learning,1992-05-01,1992.0,801.0,Machine Learning,article,"[{""author_position"": ""first"", ""author"": {""id"": ""https://openalex.org/A5113551673"", ""display_name"": ""Gerald Tesauro"", ""orcid"": null}, ""institutions"": [{""id"": ""https://openalex.org/I4210114115"", ""display_name"": ""IBM Research - Thomas J. Watson Research Center"", ""ror"": ""https://ror.org/0265w5591"", ""country_code"": ""US"", ""type"": ""facility"", ""lineage"": [""https://openalex.org/I1341412227"", ""https://openalex.org/I4210114115""]}], ""countries"": [""US""], ""is_corresponding"": true, ""raw_author_name"": ""Gerald Tesauro"", ""raw_affiliation_strings"": [""IBM Thomas J. Watson Research Center, P.O. Box 704, 10598, Yorktown Heights, NY, USA"", ""IBM, Thomas J. Watson Research Center, P. O. Box 704, Yorktown Heights, NY 10598, USA""], ""raw_orcid"": null, ""affiliations"": [{""raw_affiliation_string"": ""IBM Thomas J. Watson Research Center, P.O. Box 704, 10598, Yorktown Heights, NY, USA"", ""institution_ids"": [""https://openalex.org/I4210114115""]}, {""raw_affiliation_string"": ""IBM, Thomas J. Watson Research Center, P. O. Box 704, Yorktown Heights, NY 10598, USA"", ""institution_ids"": [""https://openalex.org/I4210114115""]}]}]",
AAAI,2000,Model-Based-Diagnosis for Fault Management in Telecommunications Networks.,Aomar Osmani,1088,DBLP_0000189,0.3317,0.4253,0.0,0.0,unmatched,1.0,https://openalex.org/W3156677333,https://doi.org/10.1155/2021/6674980,Research Status and Challenges of Data‐Driven Construction Project Management in the Big Data Context,2021-01-01,2021.0,55.0,Advances in Civil Engineering,article,"[{""author_position"": ""first"", ""author"": {""id"": ""https://openalex.org/A5102827206"", ""display_name"": ""Yao Zhi Huang"", ""orcid"": ""https://orcid.org/0000-0001-7699-4716""}, ""institutions"": [{""id"": ""https://openalex.org/I56934997"", ""display_name"": ""Changsha University of Science and Technology"", ""ror"": ""https://ror.org/03yph8055"", ""country_code"": ""CN"", ""type"": ""education"", ""lineage"": [""https://openalex.org/I56934997""]}], ""countries"": [""CN""], ""is_corresponding"": false, ""raw_author_name"": ""Yao Huang"", ""raw_affiliation_strings"": [""School of Traffic & Transportation Engineering, Changsha University of Science & Technology, Changsha 410114, China""], ""raw_orcid"": ""https://orcid.org/0000-0001-7699-4716"", ""affiliations"": [{""raw_affiliation_string"": ""School of Traffic & Transportation Engineering, Changsha University of Science & Technology, Changsha 410114, China"", ""institution_ids"": [""https://openalex.org/I56934997""]}]}, {""author_position"": ""middle"", ""author"": {""id"": ""https://openalex.org/A5102773718"", ""display_name"": ""Qian Shi"", ""orcid"": ""https://orcid.org/0000-0002-0755-1994""}, ""institutions"": [{""id"": ""https://openalex.org/I116953780"", ""display_name"": ""Tongji University"", ""ror"": ""https://ror.org/03rc6as71"", ""country_code"": ""CN"", ""type"": ""education"", ""lineage"": [""https://openalex.org/I116953780""]}], ""countries"": [""CN""], ""is_corresponding"": true, ""raw_author_name"": ""Qian Shi"", ""raw_affiliation_strings"": [""Department of Construction Management and Real Estate, Tongji University, Shanghai 200092, China""], ""raw_orcid"": ""https://orcid.org/0000-0002-0755-1994"", ""affiliations"": [{""raw_affiliation_string"": ""Department of Construction Management and Real Estate, Tongji University, Shanghai 200092, China"", ""institution_ids"": [""https://openalex.org/I116953780""]}]}, {""author_position"": ""middle"", ""author"": {""id"": ""https://openalex.org/A5026676538"", ""display_name"": ""Jian Zuo"", ""orcid"": ""https://orcid.org/0000-0002-8279-9666""}, ""institutions"": [{""id"": ""https://openalex.org/I5681781"", ""display_name"": ""The University of Adelaide"", ""ror"": ""https://ror.org/00892tw58"", ""country_code"": ""AU"", ""type"": ""education"", ""lineage"": [""https://openalex.org/I5681781""]}], ""countries"": [""AU""], ""is_corresponding"": false, ""raw_author_name"": ""Jian Zuo"", ""raw_affiliation_strings"": [""School of Architecture & Built Environment, e University of Adelaide, Adelaide 5001, Australia"", ""School of Architecture & Built Environment, The University of Adelaide, Adelaide 5001, Australia""], ""raw_orcid"": null, ""affiliations"": [{""raw_affiliation_string"": ""School of Architecture & Built Environment, e University of Adelaide, Adelaide 5001, Australia"", ""institution_ids"": [""https://openalex.org/I5681781""]}, {""raw_affiliation_string"": ""School of Architecture & Built Environment, The University of Adelaide, Adelaide 5001, Australia"", ""institution_ids"": [""https://openalex.org/I5681781""]}]}, {""author_position"": ""middle"", ""author"": {""id"": ""https://openalex.org/A5018423519"", ""display_name"": ""Feniosky Peña‐Mora"", ""orcid"": null}, ""institutions"": [{""id"": ""https://openalex.org/I78577930"", ""display_name"": ""Columbia University"", ""ror"": ""https://ror.org/00hj8s172"", ""country_code"": ""US"", ""type"": ""education"", ""lineage"": [""https://openalex.org/I78577930""]}], ""countries"": [""US""], ""is_corresponding"": false, ""raw_author_name"": ""Feniosky Pena-Mora"", ""raw_affiliation_strings"": [""Department of Civil Engineering and Engineering Mechanics, Columbia University, New York 10027, USA""], ""raw_orcid"": null, ""affiliations"": [{""raw_affiliation_string"": ""Department of Civil Engineering and Engineering Mechanics, Columbia University, New York 10027, USA"", ""institution_ids"": [""https://openalex.org/I78577930""]}]}, {""author_position"": ""last"", ""author"": {""id"": ""https://openalex.org/A5059851508"", ""display_name"": ""Jindao Chen"", ""orcid"": ""https://orcid.org/0000-0002-6294-829X""}, ""institutions"": [{""id"": ""https://openalex.org/I37987034"", ""display_name"": ""Guangzhou University"", ""ror"": ""https://ror.org/05ar8rn06"", ""country_code"": ""CN"", ""type"": ""education"", ""lineage"": [""https://openalex.org/I37987034""]}], ""countries"": [""CN""], ""is_corresponding"": false, ""raw_author_name"": ""Jindao Chen"", ""raw_affiliation_strings"": [""School of Economics and Statistics, Guangzhou University, Guangzhou 510006, China""], ""raw_orcid"": null, ""affiliations"": [{""raw_affiliation_string"": ""School of Economics and Statistics, Guangzhou University, Guangzhou 510006, China"", ""institution_ids"": [""https://openalex.org/I37987034""]}]}]",
AAAI,2000,Interfacing Issues for Information Extraction.,Peter B. Vanderheyden; Robin Cohen,1096,DBLP_0000197,0.5122,0.6567,0.0,0.0,unmatched,1.0,https://openalex.org/W2341078838,https://doi.org/10.1145/234173.234209,Information extraction,1996-01-01,1996.0,733.0,Communications of the ACM,article,"[{""author_position"": ""first"", ""author"": {""id"": ""https://openalex.org/A5111494716"", ""display_name"": ""Jim Cowie"", ""orcid"": null}, ""institutions"": [{""id"": ""https://openalex.org/I10052268"", ""display_name"": ""New Mexico State University"", ""ror"": ""https://ror.org/00hpz7z43"", ""country_code"": ""US"", ""type"": ""education"", ""lineage"": [""https://openalex.org/I10052268""]}], ""countries"": [""US""], ""is_corresponding"": false, ""raw_author_name"": ""Jim Cowie"", ""raw_affiliation_strings"": [""New Mexico State Univ., Las Cruces""], ""raw_orcid"": null, ""affiliations"": [{""raw_affiliation_string"": ""New Mexico State Univ., Las Cruces"", ""institution_ids"": [""https://openalex.org/I10052268""]}]}, {""author_position"": ""last"", ""author"": {""id"": ""https://openalex.org/A5108786119"", ""display_name"": ""Wendy G. Lehnert"", ""orcid"": null}, ""institutions"": [{""id"": ""https://openalex.org/I24603500"", ""display_name"": ""University of Massachusetts Amherst"", ""ror"": ""https://ror.org/0072zz521"", ""country_code"": ""US"", ""type"": ""education"", ""lineage"": [""https://openalex.org/I24603500""]}], ""countries"": [""US""], ""is_corresponding"": false, ""raw_author_name"": ""Wendy Lehnert"", ""raw_affiliation_strings"": [""Univ. of Massachusetts, Amherst""], ""raw_orcid"": null, ""affiliations"": [{""raw_affiliation_string"": ""Univ. of Massachusetts, Amherst"", ""institution_ids"": [""https://openalex.org/I24603500""]}]}]",
AAAI,2000,An ILP Method Based on Instance Graph.,Runqi Zhang,1098,DBLP_0000199,0.3506,0.4494,0.0,0.0,unmatched,1.0,https://openalex.org/W2964211993,https://doi.org/10.1109/icra.2013.6631084,Planning optimal paths for multiple robots on graphs,2013-05-01,2013.0,192.0,,article,"[{""author_position"": ""first"", ""author"": {""id"": ""https://openalex.org/A5076210154"", ""display_name"": ""Jingjin Yu"", ""orcid"": null}, ""institutions"": [{""id"": ""https://openalex.org/I157725225"", ""display_name"": ""University of Illinois Urbana-Champaign"", ""ror"": ""https://ror.org/047426m28"", ""country_code"": ""US"", ""type"": ""education"", ""lineage"": [""https://openalex.org/I157725225""]}], ""countries"": [""US""], ""is_corresponding"": false, ""raw_author_name"": ""Jingjin Yu"", ""raw_affiliation_strings"": [""Department of Electrical and Computer Engineering, University of Illinois, Urbana-Champaign, Urbana, IL, USA""], ""raw_orcid"": null, ""affiliations"": [{""raw_affiliation_string"": ""Department of Electrical and Computer Engineering, University of Illinois, Urbana-Champaign, Urbana, IL, USA"", ""institution_ids"": [""https://openalex.org/I157725225""]}]}, {""author_position"": ""last"", ""author"": {""id"": ""https://openalex.org/A5065104734"", ""display_name"": ""Steven M. LaValle"", ""orcid"": ""https://orcid.org/0000-0003-4841-2584""}, ""institutions"": [{""id"": ""https://openalex.org/I157725225"", ""display_name"": ""University of Illinois Urbana-Champaign"", ""ror"": ""https://ror.org/047426m28"", ""country_code"": ""US"", ""type"": ""education"", ""lineage"": [""https://openalex.org/I157725225""]}], ""countries"": [""US""], ""is_corresponding"": false, ""raw_author_name"": ""Steven M. LaValle"", ""raw_affiliation_strings"": [""Department of Computer Science, University of Illinois, Urbana-Champaign, Urbana, IL, USA""], ""raw_orcid"": null, ""affiliations"": [{""raw_affiliation_string"": ""Department of Computer Science, University of Illinois, Urbana-Champaign, Urbana, IL, USA"", ""institution_ids"": [""https://openalex.org/I157725225""]}]}]",
AAAI,2000,Adaptive Learning Systems: A Model for Business Entrepreneurs to Implement IT.,Dessa David,1102,DBLP_0000201,0.3698,0.4741,0.0,0.0,unmatched,1.0,https://openalex.org/W1555252427,https://doi.org/10.1111/j.1467-6486.2012.01080.x,Dynamic Capabilities: Routines versus Entrepreneurial Action,2012-08-03,2012.0,1648.0,Journal of Management Studies,article,"[{""author_position"": ""first"", ""author"": {""id"": ""https://openalex.org/A5016373986"", ""display_name"": ""David J. Teece"", ""orcid"": ""https://orcid.org/0000-0002-0485-798X""}, ""institutions"": [{""id"": ""https://openalex.org/I95457486"", ""display_name"": ""University of California, Berkeley"", ""ror"": ""https://ror.org/01an7q238"", ""country_code"": ""US"", ""type"": ""education"", ""lineage"": [""https://openalex.org/I95457486""]}], ""countries"": [""US""], ""is_corresponding"": true, ""raw_author_name"": ""David J. Teece"", ""raw_affiliation_strings"": [""Haas School of Business University of California"", ""University of California Haas School of Business""], ""raw_orcid"": null, ""affiliations"": [{""raw_affiliation_string"": ""Haas School of Business University of California"", ""institution_ids"": []}, {""raw_affiliation_string"": ""University of California Haas School of Business"", ""institution_ids"": [""https://openalex.org/I95457486""]}]}]",
AAAI,2000,Ontology Integration in XML.,Euna Jeong; Chun-Nan Hsu,1105,DBLP_0000204,0.527,0.6757,0.0,0.0,unmatched,1.0,https://openalex.org/W1591086693,https://doi.org/10.1007/3-540-48005-6_11,Ontology-Based Integration of XML Web Resources,2002-01-01,2002.0,131.0,Lecture notes in computer science,book-chapter,"[{""author_position"": ""first"", ""author"": {""id"": ""https://openalex.org/A5066111003"", ""display_name"": ""Bernd Amann"", ""orcid"": ""https://orcid.org/0000-0002-6822-4049""}, ""institutions"": [{""id"": ""https://openalex.org/I124158823"", ""display_name"": ""Conservatoire National des Arts et Métiers"", ""ror"": ""https://ror.org/0175hh227"", ""country_code"": ""FR"", ""type"": ""education"", ""lineage"": [""https://openalex.org/I124158823"", ""https://openalex.org/I4210134562""]}, {""id"": ""https://openalex.org/I1326498283"", ""display_name"": ""Institut national de recherche en sciences et technologies du numérique"", ""ror"": ""https://ror.org/02kvxyf05"", ""country_code"": ""FR"", ""type"": ""government"", ""lineage"": [""https://openalex.org/I1326498283""]}, {""id"": ""https://openalex.org/I4210145724"", ""display_name"": ""Centre d'Etudes et De Recherche en Informatique et Communications"", ""ror"": ""https://ror.org/044j5mm75"", ""country_code"": ""FR"", ""type"": ""facility"", ""lineage"": [""https://openalex.org/I4210145724""]}], ""countries"": [""FR""], ""is_corresponding"": false, ""raw_author_name"": ""Bernd Amann"", ""raw_affiliation_strings"": [""Cedric-CNAM and INRIA-Rocquencourt, France""], ""raw_orcid"": null, ""affiliations"": [{""raw_affiliation_string"": ""Cedric-CNAM and INRIA-Rocquencourt, France"", ""institution_ids"": [""https://openalex.org/I4210145724"", ""https://openalex.org/I1326498283"", ""https://openalex.org/I124158823""]}]}, {""author_position"": ""middle"", ""author"": {""id"": ""https://openalex.org/A5003271781"", ""display_name"": ""Catriel Beeri"", ""orcid"": null}, ""institutions"": [{""id"": ""https://openalex.org/I197251160"", ""display_name"": ""Hebrew University of Jerusalem"", ""ror"": ""https://ror.org/03qxff017"", ""country_code"": ""IL"", ""type"": ""education"", ""lineage"": [""https://openalex.org/I197251160""]}], ""countries"": [""IL""], ""is_corresponding"": false, ""raw_author_name"": ""Catriel Beeri"", ""raw_affiliation_strings"": [""The Hebrew University, Israel""], ""raw_orcid"": null, ""affiliations"": [{""raw_affiliation_string"": ""The Hebrew University, Israel"", ""institution_ids"": [""https://openalex.org/I197251160""]}]}, {""author_position"": ""middle"", ""author"": {""id"": ""https://openalex.org/A5032918788"", ""display_name"": ""Irini Fundulaki"", ""orcid"": ""https://orcid.org/0000-0002-4812-9896""}, ""institutions"": [{""id"": ""https://openalex.org/I124158823"", ""display_name"": ""Conservatoire National des Arts et Métiers"", ""ror"": ""https://ror.org/0175hh227"", ""country_code"": ""FR"", ""type"": ""education"", ""lineage"": [""https://openalex.org/I124158823"", ""https://openalex.org/I4210134562""]}, {""id"": ""https://openalex.org/I1326498283"", ""display_name"": ""Institut national de recherche en sciences et technologies du numérique"", ""ror"": ""https://ror.org/02kvxyf05"", ""country_code"": ""FR"", ""type"": ""government"", ""lineage"": [""https://openalex.org/I1326498283""]}, {""id"": ""https://openalex.org/I4210145724"", ""display_name"": ""Centre d'Etudes et De Recherche en Informatique et Communications"", ""ror"": ""https://ror.org/044j5mm75"", ""country_code"": ""FR"", ""type"": ""facility"", ""lineage"": [""https://openalex.org/I4210145724""]}], ""countries"": [""FR""], ""is_corresponding"": false, ""raw_author_name"": ""Irini Fundulaki"", ""raw_affiliation_strings"": [""Cedric-CNAM and INRIA-Rocquencourt, France""], ""raw_orcid"": null, ""affiliations"": [{""raw_affiliation_string"": ""Cedric-CNAM and INRIA-Rocquencourt, France"", ""institution_ids"": [""https://openalex.org/I4210145724"", ""https://openalex.org/I1326498283"", ""https://openalex.org/I124158823""]}]}, {""author_position"": ""last"", ""author"": {""id"": ""https://openalex.org/A5113500838"", ""display_name"": ""Micheł Scholl"", ""orcid"": null}, ""institutions"": [{""id"": ""https://openalex.org/I124158823"", ""display_name"": ""Conservatoire National des Arts et Métiers"", ""ror"": ""https://ror.org/0175hh227"", ""country_code"": ""FR"", ""type"": ""education"", ""lineage"": [""https://openalex.org/I124158823"", ""https://openalex.org/I4210134562""]}, {""id"": ""https://openalex.org/I1326498283"", ""display_name"": ""Institut national de recherche en sciences et technologies du numérique"", ""ror"": ""https://ror.org/02kvxyf05"", ""country_code"": ""FR"", ""type"": ""government"", ""lineage"": [""https://openalex.org/I1326498283""]}, {""id"": ""https://openalex.org/I4210145724"", ""display_name"": ""Centre d'Etudes et De Recherche en Informatique et Communications"", ""ror"": ""https://ror.org/044j5mm75"", ""country_code"": ""FR"", ""type"": ""facility"", ""lineage"": [""https://openalex.org/I4210145724""]}], ""countries"": [""FR""], ""is_corresponding"": false, ""raw_author_name"": ""Michel Scholl"", ""raw_affiliation_strings"": [""Cedric-CNAM and INRIA-Rocquencourt, France""], ""raw_orcid"": null, ""affiliations"": [{""raw_affiliation_string"": ""Cedric-CNAM and INRIA-Rocquencourt, France"", ""institution_ids"": [""https://openalex.org/I4210145724"", ""https://openalex.org/I1326498283"", ""https://openalex.org/I124158823""]}]}]",
AAAI,2000,Grounding State Representations in Sensory Experience for Reasoning and Planning by Mobile Robots.,Daniel Nikovski,1108,DBLP_0000207,0.3752,0.481,0.0,0.0,unmatched,1.0,https://openalex.org/W2203521679,https://doi.org/10.1609/aaai.v28i1.9004,Constructing Symbolic Representations for High-Level Planning,2014-06-21,2014.0,83.0,Proceedings of the AAAI Conference on Artificial Intelligence,article,"[{""author_position"": ""first"", ""author"": {""id"": ""https://openalex.org/A5078124517"", ""display_name"": ""George Konidaris"", ""orcid"": ""https://orcid.org/0000-0002-4460-2519""}, ""institutions"": [], ""countries"": [], ""is_corresponding"": false, ""raw_author_name"": ""George Konidaris"", ""raw_affiliation_strings"": [""MIT CSAIL""], ""raw_orcid"": null, ""affiliations"": [{""raw_affiliation_string"": ""MIT CSAIL"", ""institution_ids"": []}]}, {""author_position"": ""middle"", ""author"": {""id"": ""https://openalex.org/A5012862284"", ""display_name"": ""Leslie Pack Kaelbling"", ""orcid"": null}, ""institutions"": [{""id"": ""https://openalex.org/I126820664"", ""display_name"": ""Vassar College"", ""ror"": ""https://ror.org/022x6qg61"", ""country_code"": ""US"", ""type"": ""education"", ""lineage"": [""https://openalex.org/I126820664""]}, {""id"": ""https://openalex.org/I4210109586"", ""display_name"": ""Moscow Institute of Thermal Technology"", ""ror"": ""https://ror.org/021es5e59"", ""country_code"": ""RU"", ""type"": ""facility"", ""lineage"": [""https://openalex.org/I4210109586""]}], ""countries"": [""RU"", ""US""], ""is_corresponding"": false, ""raw_author_name"": ""Leslie Kaelbling"", ""raw_affiliation_strings"": [""MIT"", ""MIT Computer Science and Artificial Intelligence Laboratory 32 Vassar Street, Cambridge MA 02139 USA""], ""raw_orcid"": null, ""affiliations"": [{""raw_affiliation_string"": ""MIT"", ""institution_ids"": [""https://openalex.org/I4210109586""]}, {""raw_affiliation_string"": ""MIT Computer Science and Artificial Intelligence Laboratory 32 Vassar Street, Cambridge MA 02139 USA"", ""institution_ids"": [""https://openalex.org/I126820664""]}]}, {""author_position"": ""last"", ""author"": {""id"": ""https://openalex.org/A5063238208"", ""display_name"": ""Tomás Lozano‐Pérez"", ""orcid"": ""https://orcid.org/0000-0002-8657-2450""}, ""institutions"": [{""id"": ""https://openalex.org/I126820664"", ""display_name"": ""Vassar College"", ""ror"": ""https://ror.org/022x6qg61"", ""country_code"": ""US"", ""type"": ""education"", ""lineage"": [""https://openalex.org/I126820664""]}, {""id"": ""https://openalex.org/I4210109586"", ""display_name"": ""Moscow Institute of Thermal Technology"", ""ror"": ""https://ror.org/021es5e59"", ""country_code"": ""RU"", ""type"": ""facility"", ""lineage"": [""https://openalex.org/I4210109586""]}], ""countries"": [""RU"", ""US""], ""is_corresponding"": false, ""raw_author_name"": ""Tomas Lozano-Perez"", ""raw_affiliation_strings"": [""MIT"", ""MIT Computer Science and Artificial Intelligence Laboratory 32 Vassar Street, Cambridge MA 02139 USA""], ""raw_orcid"": null, ""affiliations"": [{""raw_affiliation_string"": ""MIT"", ""institution_ids"": [""https://openalex.org/I4210109586""]}, {""raw_affiliation_string"": ""MIT Computer Science and Artificial Intelligence Laboratory 32 Vassar Street, Cambridge MA 02139 USA"", ""institution_ids"": [""https://openalex.org/I126820664""]}]}]",
AAAI,2000,The Blue Swarm.,Daniel P. Stormont,1142-1143,DBLP_0000225,0.4856,0.52,0.0,1.0,unmatched,1.0,https://openalex.org/W137508593,,Blue Swarm Sentinel and Blue Swarm 2.,2002-01-01,2002.0,2.0,,article,"[{""author_position"": ""first"", ""author"": {""id"": ""https://openalex.org/A5081217452"", ""display_name"": ""Asti Bhatt"", ""orcid"": ""https://orcid.org/0000-0002-8881-5348""}, ""institutions"": [{""id"": ""https://openalex.org/I121980950"", ""display_name"": ""Utah State University"", ""ror"": ""https://ror.org/00h6set76"", ""country_code"": ""US"", ""type"": ""education"", ""lineage"": [""https://openalex.org/I121980950""]}], ""countries"": [""US""], ""is_corresponding"": false, ""raw_author_name"": ""Asti Bhatt"", ""raw_affiliation_strings"": [""Utah State University""], ""raw_orcid"": ""https://orcid.org/0000-0002-8881-5348"", ""affiliations"": [{""raw_affiliation_string"": ""Utah State University"", ""institution_ids"": [""https://openalex.org/I121980950""]}]}, {""author_position"": ""middle"", ""author"": {""id"": ""https://openalex.org/A5041632748"", ""display_name"": ""Brandon M. Boldt"", ""orcid"": null}, ""institutions"": [{""id"": ""https://openalex.org/I121980950"", ""display_name"": ""Utah State University"", ""ror"": ""https://ror.org/00h6set76"", ""country_code"": ""US"", ""type"": ""education"", ""lineage"": [""https://openalex.org/I121980950""]}], ""countries"": [""US""], ""is_corresponding"": false, ""raw_author_name"": ""Brandon M. Boldt"", ""raw_affiliation_strings"": [""Utah State University""], ""raw_orcid"": null, ""affiliations"": [{""raw_affiliation_string"": ""Utah State University"", ""institution_ids"": [""https://openalex.org/I121980950""]}]}, {""author_position"": ""middle"", ""author"": {""id"": ""https://openalex.org/A5067758919"", ""display_name"": ""Scott Skousen"", ""orcid"": null}, ""institutions"": [{""id"": ""https://openalex.org/I121980950"", ""display_name"": ""Utah State University"", ""ror"": ""https://ror.org/00h6set76"", ""country_code"": ""US"", ""type"": ""education"", ""lineage"": [""https://openalex.org/I121980950""]}], ""countries"": [""US""], ""is_corresponding"": false, ""raw_author_name"": ""Scott Skousen"", ""raw_affiliation_strings"": [""Utah State University""], ""raw_orcid"": null, ""affiliations"": [{""raw_affiliation_string"": ""Utah State University"", ""institution_ids"": [""https://openalex.org/I121980950""]}]}, {""author_position"": ""last"", ""author"": {""id"": ""https://openalex.org/A5113481327"", ""display_name"": ""Daniel P. Stormont"", ""orcid"": null}, ""institutions"": [{""id"": ""https://openalex.org/I1321014770"", ""display_name"": ""Association for Computing Machinery"", ""ror"": ""https://ror.org/03wsadn68"", ""country_code"": ""US"", ""type"": ""nonprofit"", ""lineage"": [""https://openalex.org/I1321014770""]}], ""countries"": [""US""], ""is_corresponding"": false, ""raw_author_name"": ""Daniel P. Stormont"", ""raw_affiliation_strings"": [""Association For Computing Machinery""], ""raw_orcid"": null, ""affiliations"": [{""raw_affiliation_string"": ""Association For Computing Machinery"", ""institution_ids"": [""https://openalex.org/I1321014770""]}]}]",
AAAI,2000,Why Do We Need a Body Anyway?,Justine Cassell,1151,DBLP_0000227,0.3566,0.3226,0.75,0.0,unmatched,1.0,https://openalex.org/W2085940393,https://doi.org/10.1111/1467-9566.00252,Illness narratives: fact or fiction?,2001-05-01,2001.0,825.0,Sociology of Health & Illness,article,"[{""author_position"": ""first"", ""author"": {""id"": ""https://openalex.org/A5114015398"", ""display_name"": ""Mike Bury"", ""orcid"": null}, ""institutions"": [{""id"": ""https://openalex.org/I184558857"", ""display_name"": ""Royal Holloway University of London"", ""ror"": ""https://ror.org/04g2vpn86"", ""country_code"": ""GB"", ""type"": ""education"", ""lineage"": [""https://openalex.org/I124357947"", ""https://openalex.org/I184558857""]}], ""countries"": [""GB""], ""is_corresponding"": true, ""raw_author_name"": ""Mike Bury"", ""raw_affiliation_strings"": [""Royal Holloway, University of London"", ""†Royal Holloway, University of London""], ""raw_orcid"": null, ""affiliations"": [{""raw_affiliation_string"": ""Royal Holloway, University of London"", ""institution_ids"": [""https://openalex.org/I184558857""]}, {""raw_affiliation_string"": ""†Royal Holloway, University of London"", ""institution_ids"": [""https://openalex.org/I184558857""]}]}]",
AAAI,2000,Human-Level AI's Killer Application: Interactive Computer Games.,John E. Laird; Michael van Lent,1171-1178,DBLP_0000231,0.4582,0.4528,0.75,0.0,unmatched,1.0,https://openalex.org/W1697695594,,Research Directions for AI in Computer Games,2001-10-01,2001.0,59.0,Trinity's Access to Research Output (TARA) (Trinity College Dublin),article,"[{""author_position"": ""first"", ""author"": {""id"": ""https://openalex.org/A5037949587"", ""display_name"": ""Chris Fairclough"", ""orcid"": null}, ""institutions"": [], ""countries"": [], ""is_corresponding"": false, ""raw_author_name"": ""Chris Fairclough"", ""raw_affiliation_strings"": [], ""raw_orcid"": null, ""affiliations"": []}, {""author_position"": ""middle"", ""author"": {""id"": ""https://openalex.org/A5102980591"", ""display_name"": ""Michael Fagan"", ""orcid"": ""https://orcid.org/0000-0002-1861-2609""}, ""institutions"": [], ""countries"": [], ""is_corresponding"": false, ""raw_author_name"": ""Michael Fagan"", ""raw_affiliation_strings"": [], ""raw_orcid"": ""https://orcid.org/0000-0002-1861-2609"", ""affiliations"": []}, {""author_position"": ""middle"", ""author"": {""id"": ""https://openalex.org/A5084251444"", ""display_name"": ""Brian Mac Namee"", ""orcid"": ""https://orcid.org/0000-0003-2518-0274""}, ""institutions"": [], ""countries"": [], ""is_corresponding"": false, ""raw_author_name"": ""Brian Mac Namee"", ""raw_affiliation_strings"": [], ""raw_orcid"": ""https://orcid.org/0000-0003-2518-0274"", ""affiliations"": []}, {""author_position"": ""last"", ""author"": {""id"": ""https://openalex.org/A5059144722"", ""display_name"": ""Pádraig Cunningham"", ""orcid"": ""https://orcid.org/0000-0002-3499-0810""}, ""institutions"": [], ""countries"": [], ""is_corresponding"": false, ""raw_author_name"": ""Pádraig Cunningham"", ""raw_affiliation_strings"": [], ""raw_orcid"": ""https://orcid.org/0000-0002-3499-0810"", ""affiliations"": []}]",
AAAI,2002,On Policy Iteration as a Newton s Method and Polynomial Policy Iteration Algorithms.,Omid Madani,273-278,DBLP_0000275,0.387,0.4961,0.0,0.0,unmatched,1.0,https://openalex.org/W3178011931,https://doi.org/10.1051/cocv/2021081,A policy iteration method for mean field games,2021-01-01,2021.0,23.0,Florence Research (University of Florence),article,"[{""author_position"": ""first"", ""author"": {""id"": ""https://openalex.org/A5031296378"", ""display_name"": ""Simone Cacace"", ""orcid"": ""https://orcid.org/0000-0002-5864-0970""}, ""institutions"": [{""id"": ""https://openalex.org/I119003972"", ""display_name"": ""Roma Tre University"", ""ror"": ""https://ror.org/05vf0dg29"", ""country_code"": ""IT"", ""type"": ""education"", ""lineage"": [""https://openalex.org/I119003972""]}], ""countries"": [""IT""], ""is_corresponding"": false, ""raw_author_name"": ""Cacace S."", ""raw_affiliation_strings"": [""Dipartimento di Matematica e Fisica, Università degli Studi Roma Tre, Largo S. L. Murialdo 1, 00146 Roma, Italy""], ""raw_orcid"": null, ""affiliations"": [{""raw_affiliation_string"": ""Dipartimento di Matematica e Fisica, Università degli Studi Roma Tre, Largo S. L. Murialdo 1, 00146 Roma, Italy"", ""institution_ids"": [""https://openalex.org/I119003972""]}]}, {""author_position"": ""middle"", ""author"": {""id"": ""https://openalex.org/A5018541911"", ""display_name"": ""Fabio Camilli"", ""orcid"": ""https://orcid.org/0000-0003-2976-8112""}, ""institutions"": [{""id"": ""https://openalex.org/I861853513"", ""display_name"": ""Sapienza University of Rome"", ""ror"": ""https://ror.org/02be6w209"", ""country_code"": ""IT"", ""type"": ""education"", ""lineage"": [""https://openalex.org/I861853513""]}], ""countries"": [""IT""], ""is_corresponding"": false, ""raw_author_name"": ""Camilli F."", ""raw_affiliation_strings"": [""SBAI, Sapienza Università di Roma, via A.Scarpa 14, 00161 Roma, Italy""], ""raw_orcid"": null, ""affiliations"": [{""raw_affiliation_string"": ""SBAI, Sapienza Università di Roma, via A.Scarpa 14, 00161 Roma, Italy"", ""institution_ids"": [""https://openalex.org/I861853513""]}]}, {""author_position"": ""last"", ""author"": {""id"": ""https://openalex.org/A5061642612"", ""display_name"": ""Alessandro Goffi"", ""orcid"": ""https://orcid.org/0000-0002-3581-5838""}, ""institutions"": [{""id"": ""https://openalex.org/I138689650"", ""display_name"": ""University of Padua"", ""ror"": ""https://ror.org/00240q980"", ""country_code"": ""IT"", ""type"": ""education"", ""lineage"": [""https://openalex.org/I138689650""]}], ""countries"": [""IT""], ""is_corresponding"": false, ""raw_author_name"": ""Goffi A."", ""raw_affiliation_strings"": [""Dipartimento di Matematica, Università di Padova, via Trieste 63, 35121 Padova, Italy""], ""raw_orcid"": null, ""affiliations"": [{""raw_affiliation_string"": ""Dipartimento di Matematica, Università di Padova, via Trieste 63, 35121 Padova, Italy"", ""institution_ids"": [""https://openalex.org/I138689650""]}]}]",
