conference,year,source_id,source_name,source_type,n_award_papers,n_resolved,n_votes_for_winner,vote_agreement,status
AAAI,2000,https://openalex.org/S4306420577,National Conference on Artificial Intelligence,conference,4,4,3,0.75,RESOLVED
AAAI,2002,https://openalex.org/S4306420577,National Conference on Artificial Intelligence,conference,1,1,1,1.0,RESOLVED
AAAI,2004,https://openalex.org/S4210169993,Civil War Book Review,journal,1,1,1,1.0,RESOLVED
AAAI,2005,https://openalex.org/S4306420577,National Conference on Artificial Intelligence,conference,1,1,1,1.0,RESOLVED
AAAI,2006,https://openalex.org/S4306420577,National Conference on Artificial Intelligence,conference,2,2,1,0.5,RESOLVED
AAAI,2007,https://openalex.org/S4306420577,National Conference on Artificial Intelligence,conference,2,2,2,1.0,RESOLVED
AAAI,2008,https://openalex.org/S4306420577,National Conference on Artificial Intelligence,conference,2,2,1,0.5,RESOLVED
AAAI,2010,https://openalex.org/S4210191458,Proceedings of the AAAI Conference on Artificial Intelligence,conference,2,2,1,0.5,RESOLVED
AAAI,2011,https://openalex.org/S4210191458,Proceedings of the AAAI Conference on Artificial Intelligence,conference,2,2,2,1.0,RESOLVED
AAAI,2012,https://openalex.org/S4210191458,Proceedings of the AAAI Conference on Artificial Intelligence,conference,2,2,2,1.0,RESOLVED
AAAI,2013,https://openalex.org/S4210191458,Proceedings of the AAAI Conference on Artificial Intelligence,conference,2,2,2,1.0,RESOLVED
AAAI,2014,https://openalex.org/S4306462769,ACM eBooks,ebook platform,1,1,1,1.0,RESOLVED
AAAI,2015,https://openalex.org/S4210191458,Proceedings of the AAAI Conference on Artificial Intelligence,conference,1,1,1,1.0,RESOLVED
AAAI,2016,https://openalex.org/S7407053046,University of Alberta Library,repository,1,1,1,1.0,RESOLVED
AAAI,2017,https://openalex.org/S4210191458,Proceedings of the AAAI Conference on Artificial Intelligence,conference,1,1,1,1.0,RESOLVED
AAAI,2018,https://openalex.org/S4210191458,Proceedings of the AAAI Conference on Artificial Intelligence,conference,1,1,1,1.0,RESOLVED
ACL,2001,https://openalex.org/S4406923043,Defense Technical Information Center (DTIC),repository,2,1,1,1.0,RESOLVED
ACL,2002,https://openalex.org/S4306401362,RWTH Publications (RWTH Aachen),repository,1,1,1,1.0,RESOLVED
ACL,2003,,,,2,0,0,,UNRESOLVED
ACL,2004,https://openalex.org/S4377196282,Figshare,repository,1,1,1,1.0,RESOLVED
ACL,2005,,,,1,0,0,,UNRESOLVED
ACL,2006,,,,1,0,0,,UNRESOLVED
ACL,2007,https://openalex.org/S4306420508,Meeting of the Association for Computational Linguistics,conference,1,1,1,1.0,RESOLVED
ACL,2008,https://openalex.org/S4306420508,Meeting of the Association for Computational Linguistics,conference,2,2,2,1.0,RESOLVED
ACL,2009,https://openalex.org/S4306400425,DSpace@MIT (Massachusetts Institute of Technology),repository,3,1,1,1.0,RESOLVED
ACL,2010,https://openalex.org/S4306420508,Meeting of the Association for Computational Linguistics,conference,1,1,1,1.0,RESOLVED
ACL,2011,https://openalex.org/S4306420508,Meeting of the Association for Computational Linguistics,conference,1,1,1,1.0,RESOLVED
ACL,2012,https://openalex.org/S4306420508,Meeting of the Association for Computational Linguistics,conference,1,1,1,1.0,RESOLVED
ACL,2013,https://openalex.org/S4306420508,Meeting of the Association for Computational Linguistics,conference,1,1,1,1.0,RESOLVED
ACL,2014,,,,1,0,0,,UNRESOLVED
ACL,2015,,,,2,0,0,,UNRESOLVED
ACL,2016,,,,1,0,0,,UNRESOLVED
ACL,2017,https://openalex.org/S4306400194,arXiv (Cornell University),repository,1,1,1,1.0,RESOLVED
ACL,2018,https://openalex.org/S4306400194,arXiv (Cornell University),repository,3,2,1,0.5,RESOLVED
CHI,2005,https://openalex.org/S4306400188,Durham Research Online (Durham University),repository,4,1,1,1.0,RESOLVED
CHI,2006,https://openalex.org/S4306402512,HAL (Le Centre pour la Communication Scientifique Directe),repository,3,1,1,1.0,RESOLVED
CHI,2007,https://openalex.org/S53579087,Ground Water,journal,6,2,1,0.5,RESOLVED
CHI,2008,https://openalex.org/S1535467,African Research Review,journal,7,2,1,0.5,RESOLVED
CHI,2009,https://openalex.org/S4306401998,Open Research Exeter (University of Exeter),repository,6,2,1,0.5,RESOLVED
CHI,2010,https://openalex.org/S4306400194,arXiv (Cornell University),repository,12,1,1,1.0,RESOLVED
CHI,2011,https://openalex.org/S4306402512,HAL (Le Centre pour la Communication Scientifique Directe),repository,12,2,1,0.5,RESOLVED
CHI,2012,https://openalex.org/S4306401916,Lancaster EPrints (Lancaster University),repository,11,7,1,0.14,RESOLVED
CHI,2013,https://openalex.org/S4306402512,HAL (Le Centre pour la Communication Scientifique Directe),repository,17,8,1,0.12,RESOLVED
CHI,2014,https://openalex.org/S4306401884,Northumbria Research Link (Northumbria University),repository,17,5,2,0.4,RESOLVED
CHI,2015,https://openalex.org/S4306400230,St Andrews Research Repository (St Andrews Research Repository),repository,20,9,1,0.11,RESOLVED
CHI,2016,https://openalex.org/S4306400766,Cork Open Research Archive (University College Cork),repository,23,13,1,0.08,RESOLVED
CHI,2017,https://openalex.org/S4306400194,arXiv (Cornell University),repository,22,13,1,0.08,RESOLVED
CHI,2018,https://openalex.org/S2737936280,Palgrave Communications,journal,25,8,1,0.12,RESOLVED
CIKM,2004,,,,1,0,0,,UNRESOLVED
CIKM,2005,,,,1,0,0,,UNRESOLVED
CIKM,2006,,,,1,0,0,,UNRESOLVED
CIKM,2007,,,,1,0,0,,UNRESOLVED
CIKM,2008,https://openalex.org/S4306400944,Research Commons (University of Waikato),repository,1,1,1,1.0,RESOLVED
CIKM,2009,,,,1,0,0,,UNRESOLVED
CIKM,2010,https://openalex.org/S4406922265,Max Planck Institute for Plasma Physics,repository,2,1,1,1.0,RESOLVED
CIKM,2011,,,,1,0,0,,UNRESOLVED
CIKM,2012,https://openalex.org/S4306400792,University of North Texas Digital Library (University of North Texas),repository,1,1,1,1.0,RESOLVED
CIKM,2013,,,,1,0,0,,UNRESOLVED
CIKM,2014,,,,1,0,0,,UNRESOLVED
CIKM,2015,https://openalex.org/S4306401913,Institutional Research Information System (Università degli Studi di Trento),repository,1,1,1,1.0,RESOLVED
CIKM,2016,,,,1,0,0,,UNRESOLVED
CIKM,2017,,,,1,0,0,,UNRESOLVED
CIKM,2018,,,,1,0,0,,UNRESOLVED
CVPR,2000,,,,1,0,0,,UNRESOLVED
CVPR,2001,,,,1,0,0,,UNRESOLVED
CVPR,2003,https://openalex.org/S4306402161,CaltechAUTHORS (California Institute of Technology),repository,1,1,1,1.0,RESOLVED
CVPR,2004,,,,1,0,0,,UNRESOLVED
CVPR,2005,https://openalex.org/S189275214,Particle and Fibre Toxicology,journal,1,1,1,1.0,RESOLVED
CVPR,2006,https://openalex.org/S25538012,International Journal of Computer Vision,journal,1,1,1,1.0,RESOLVED
CVPR,2007,https://openalex.org/S4210187442,Reviews in Mineralogy and Geochemistry,journal,1,1,1,1.0,RESOLVED
CVPR,2008,https://openalex.org/S4406922265,Max Planck Institute for Plasma Physics,repository,2,1,1,1.0,RESOLVED
CVPR,2009,https://openalex.org/S4363607795,2009 IEEE Conference on Computer Vision and Pattern Recognition,conference,1,1,1,1.0,RESOLVED
CVPR,2010,https://openalex.org/S4306402607,QUT ePrints (Queensland University of Technology),repository,1,1,1,1.0,RESOLVED
CVPR,2011,https://openalex.org/S103482838,Communications of the ACM,journal,1,1,1,1.0,RESOLVED
CVPR,2012,https://openalex.org/S25538012,International Journal of Computer Vision,journal,1,1,1,1.0,RESOLVED
CVPR,2013,,,,1,0,0,,UNRESOLVED
CVPR,2014,,,,1,0,0,,UNRESOLVED
CVPR,2015,,,,1,0,0,,UNRESOLVED
CVPR,2016,https://openalex.org/S4306402641,LA Referencia (Red Federada de Repositorios Institucionales de Publicaciones Científicas),repository,1,1,1,1.0,RESOLVED
CVPR,2017,https://openalex.org/S4306400194,arXiv (Cornell University),repository,2,1,1,1.0,RESOLVED
CVPR,2018,https://openalex.org/S4306400194,arXiv (Cornell University),repository,1,1,1,1.0,RESOLVED
FOCS,2002,https://openalex.org/S4306402519,ThinkTech (Texas Tech University),repository,3,1,1,1.0,RESOLVED
FOCS,2003,https://openalex.org/S118992489,Journal of the ACM,journal,1,1,1,1.0,RESOLVED
FOCS,2004,https://openalex.org/S153560523,SIAM Journal on Computing,journal,2,1,1,1.0,RESOLVED
FOCS,2005,,,,1,0,0,,UNRESOLVED
FOCS,2006,,,,1,0,0,,UNRESOLVED
FOCS,2007,,,,1,0,0,,UNRESOLVED
FOCS,2008,https://openalex.org/S118992489,Journal of the ACM,journal,1,1,1,1.0,RESOLVED
FOCS,2010,https://openalex.org/S118992489,Journal of the ACM,journal,3,2,1,0.5,RESOLVED
FOCS,2011,https://openalex.org/S4306400487,Infoscience (Ecole Polytechnique Fédérale de Lausanne),repository,3,2,1,0.5,RESOLVED
FOCS,2012,,,,2,0,0,,UNRESOLVED
FOCS,2013,https://openalex.org/S4306400488,Infoscience (Ecole Polytechnique Fédérale de Lausanne),repository,2,1,1,1.0,RESOLVED
FOCS,2014,,,,1,0,0,,UNRESOLVED
FOCS,2015,https://openalex.org/S118992489,Journal of the ACM,journal,1,1,1,1.0,RESOLVED
FOCS,2016,https://openalex.org/S4210233839,ACM SIGecom Exchanges,journal,2,2,1,0.5,RESOLVED
FOCS,2017,https://openalex.org/S4306400194,arXiv (Cornell University),repository,3,3,2,0.67,RESOLVED
FOCS,2018,https://openalex.org/S118992489,Journal of the ACM,journal,3,1,1,1.0,RESOLVED
FSE,2002,,,,1,0,0,,UNRESOLVED
FSE,2003,https://openalex.org/S4306400425,DSpace@MIT (Massachusetts Institute of Technology),repository,3,2,1,0.5,RESOLVED
FSE,2004,https://openalex.org/S4306400024,UCL Discovery (University College London),repository,2,1,1,1.0,RESOLVED
FSE,2005,,,,3,0,0,,UNRESOLVED
FSE,2006,https://openalex.org/S4306400577,Lincoln (University of Nebraska),repository,2,1,1,1.0,RESOLVED
FSE,2007,https://openalex.org/S4306401925,Singapore Management University Institutional Knowledge (InK) (Singapore Management University),repository,4,2,1,0.5,RESOLVED
FSE,2008,https://openalex.org/S4306400025,Middlesex University Research Repository (Middlesex University Of London),repository,2,1,1,1.0,RESOLVED
FSE,2009,https://openalex.org/S7407052290,National University of Singapore,repository,3,1,1,1.0,RESOLVED
FSE,2010,,,,3,0,0,,UNRESOLVED
FSE,2011,,,,3,0,0,,UNRESOLVED
FSE,2012,https://openalex.org/S7407050879,UC Berkeley,repository,3,1,1,1.0,RESOLVED
FSE,2014,https://openalex.org/S4306400194,arXiv (Cornell University),repository,6,1,1,1.0,RESOLVED
FSE,2015,https://openalex.org/S4306401925,Singapore Management University Institutional Knowledge (InK) (Singapore Management University),repository,8,3,1,0.33,RESOLVED
FSE,2016,https://openalex.org/S4306400425,DSpace@MIT (Massachusetts Institute of Technology),repository,7,3,1,0.33,RESOLVED
FSE,2017,https://openalex.org/S4306401396,Spiral (Imperial College London),repository,7,2,1,0.5,RESOLVED
FSE,2018,https://openalex.org/S4306400194,arXiv (Cornell University),repository,6,2,2,1.0,RESOLVED
ICCV,2001,https://openalex.org/S25538012,International Journal of Computer Vision,journal,2,1,1,1.0,RESOLVED
ICCV,2003,https://openalex.org/S25538012,International Journal of Computer Vision,journal,3,2,2,1.0,RESOLVED
ICCV,2005,https://openalex.org/S25538012,International Journal of Computer Vision,journal,1,1,1,1.0,RESOLVED
ICCV,2007,https://openalex.org/S25538012,International Journal of Computer Vision,journal,1,1,1,1.0,RESOLVED
ICCV,2009,,,,1,0,0,,UNRESOLVED
ICCV,2011,,,,1,0,0,,UNRESOLVED
ICCV,2013,,,,1,0,0,,UNRESOLVED
ICCV,2015,,,,1,0,0,,UNRESOLVED
ICCV,2017,https://openalex.org/S4306402512,HAL (Le Centre pour la Communication Scientifique Directe),repository,1,1,1,1.0,RESOLVED
ICML,2005,,,,1,0,0,,UNRESOLVED
ICML,2006,https://openalex.org/S4306400654,MPG.PuRe (Max Planck Society),repository,1,1,1,1.0,RESOLVED
ICML,2007,,,,1,0,0,,UNRESOLVED
ICML,2008,,,,1,0,0,,UNRESOLVED
ICML,2009,,,,1,0,0,,UNRESOLVED
ICML,2010,https://openalex.org/S4306400194,arXiv (Cornell University),repository,1,1,1,1.0,RESOLVED
ICML,2011,https://openalex.org/S4306400194,arXiv (Cornell University),repository,1,1,1,1.0,RESOLVED
ICML,2012,https://openalex.org/S4306400088,UvA-DARE (University of Amsterdam),repository,1,1,1,1.0,RESOLVED
ICML,2013,https://openalex.org/S4306400194,arXiv (Cornell University),repository,2,1,1,1.0,RESOLVED
ICML,2014,https://openalex.org/S4306419644,International Conference on Machine Learning,conference,1,1,1,1.0,RESOLVED
ICML,2015,https://openalex.org/S4306400194,arXiv (Cornell University),repository,2,2,1,0.5,RESOLVED
ICML,2016,https://openalex.org/S4306400194,arXiv (Cornell University),repository,3,3,3,1.0,RESOLVED
ICML,2017,https://openalex.org/S4306400194,arXiv (Cornell University),repository,1,1,1,1.0,RESOLVED
ICML,2018,https://openalex.org/S4306400194,arXiv (Cornell University),repository,2,2,2,1.0,RESOLVED
ICSE,2003,https://openalex.org/S4306419842,International Conference on Software Engineering,conference,2,2,1,0.5,RESOLVED
ICSE,2004,https://openalex.org/S4363608974,Proceedings. 26th International Conference on Software Engineering,conference,5,5,3,0.6,RESOLVED
ICSE,2005,https://openalex.org/S4306400425,DSpace@MIT (Massachusetts Institute of Technology),repository,4,3,1,0.33,RESOLVED
ICSE,2006,,,,2,0,0,,UNRESOLVED
ICSE,2007,https://openalex.org/S4210203175,Proceedings/Proceedings - International Conference on Software Engineering,journal,4,4,4,1.0,RESOLVED
ICSE,2008,https://openalex.org/S4306401568,eScholarship@McGill (McGill),repository,5,3,1,0.33,RESOLVED
ICSE,2009,https://openalex.org/S4306401281,Zurich Open Repository and Archive (University of Zurich),repository,5,2,1,0.5,RESOLVED
ICSE,2010,https://openalex.org/S4306400487,Infoscience (Ecole Polytechnique Fédérale de Lausanne),repository,5,1,1,1.0,RESOLVED
ICSE,2011,https://openalex.org/S4306400312,Virtual Community of Pathological Anatomy (University of Castilla La Mancha),repository,5,2,1,0.5,RESOLVED
ICSE,2012,https://openalex.org/S142627899,ACM Transactions on Software Engineering and Methodology,journal,7,1,1,1.0,RESOLVED
ICSE,2013,https://openalex.org/S4363607951,2013 35th International Conference on Software Engineering (ICSE),conference,6,6,6,1.0,RESOLVED
ICSE,2014,https://openalex.org/S4306400906,Research Repository (Delft University of Technology),repository,9,3,1,0.33,RESOLVED
ICSE,2015,https://openalex.org/S4363607868,2015 IEEE/ACM 37th IEEE International Conference on Software Engineering,conference,6,6,5,0.83,RESOLVED
ICSE,2016,https://openalex.org/S4306401815,Open Repository and Bibliography (University of Luxembourg),repository,9,5,1,0.2,RESOLVED
ICSE,2017,https://openalex.org/S7407055463,ResearchSpace (University of Auckland),repository,6,2,1,0.5,RESOLVED
ICSE,2018,https://openalex.org/S4306400194,arXiv (Cornell University),repository,8,5,1,0.2,RESOLVED
ICWSM,2007,https://openalex.org/S4306419920,International Conference on Weblogs and Social Media,conference,1,1,1,1.0,RESOLVED
ICWSM,2008,https://openalex.org/S4387284482,Proceedings of the International AAAI Conference on Web and Social Media,journal,1,1,1,1.0,RESOLVED
ICWSM,2009,https://openalex.org/S4387284482,Proceedings of the International AAAI Conference on Web and Social Media,journal,2,2,2,1.0,RESOLVED
ICWSM,2010,https://openalex.org/S4387284482,Proceedings of the International AAAI Conference on Web and Social Media,journal,2,2,2,1.0,RESOLVED
ICWSM,2011,https://openalex.org/S4387284482,Proceedings of the International AAAI Conference on Web and Social Media,journal,1,1,1,1.0,RESOLVED
ICWSM,2012,https://openalex.org/S4387284482,Proceedings of the International AAAI Conference on Web and Social Media,journal,2,2,2,1.0,RESOLVED
ICWSM,2013,https://openalex.org/S4387284482,Proceedings of the International AAAI Conference on Web and Social Media,journal,1,1,1,1.0,RESOLVED
ICWSM,2014,https://openalex.org/S4387284482,Proceedings of the International AAAI Conference on Web and Social Media,journal,1,1,1,1.0,RESOLVED
ICWSM,2015,https://openalex.org/S4387284482,Proceedings of the International AAAI Conference on Web and Social Media,journal,1,1,1,1.0,RESOLVED
ICWSM,2016,https://openalex.org/S4387284482,Proceedings of the International AAAI Conference on Web and Social Media,journal,1,1,1,1.0,RESOLVED
ICWSM,2017,https://openalex.org/S4387284482,Proceedings of the International AAAI Conference on Web and Social Media,journal,1,1,1,1.0,RESOLVED
ICWSM,2018,https://openalex.org/S4387284482,Proceedings of the International AAAI Conference on Web and Social Media,journal,1,1,1,1.0,RESOLVED
IJCAI,2001,https://openalex.org/S12967704,Statistical Science,journal,1,1,1,1.0,RESOLVED
IJCAI,2003,https://openalex.org/S7407050879,UC Berkeley,repository,2,2,1,0.5,RESOLVED
IJCAI,2005,https://openalex.org/S4306419999,International Joint Conference on Artificial Intelligence,conference,3,3,2,0.67,RESOLVED
IJCAI,2007,https://openalex.org/S4306419999,International Joint Conference on Artificial Intelligence,conference,3,2,2,1.0,RESOLVED
IJCAI,2009,https://openalex.org/S4306402512,HAL (Le Centre pour la Communication Scientifique Directe),repository,2,2,1,0.5,RESOLVED
IJCAI,2011,https://openalex.org/S139930977,Journal of Artificial Intelligence Research,journal,2,2,1,0.5,RESOLVED
IJCAI,2013,https://openalex.org/S4306400906,Research Repository (Delft University of Technology),repository,1,1,1,1.0,RESOLVED
IJCAI,2015,https://openalex.org/S4306419999,International Joint Conference on Artificial Intelligence,conference,2,2,1,0.5,RESOLVED
IJCAI,2016,https://openalex.org/S207023548,Neural Computation,journal,1,1,1,1.0,RESOLVED
IJCAI,2017,https://openalex.org/S4306400194,arXiv (Cornell University),repository,1,1,1,1.0,RESOLVED
IJCAI,2018,https://openalex.org/S4306400194,arXiv (Cornell University),repository,7,3,2,0.67,RESOLVED
INFOCOM,2000,,,,1,0,0,,UNRESOLVED
INFOCOM,2001,https://openalex.org/S66039016,ACM SIGCOMM Computer Communication Review,journal,1,1,1,1.0,RESOLVED
INFOCOM,2002,,,,1,0,0,,UNRESOLVED
INFOCOM,2003,https://openalex.org/S4306402512,HAL (Le Centre pour la Communication Scientifique Directe),repository,1,1,1,1.0,RESOLVED
INFOCOM,2004,,,,1,0,0,,UNRESOLVED
INFOCOM,2005,https://openalex.org/S4306400487,Infoscience (Ecole Polytechnique Fédérale de Lausanne),repository,1,1,1,1.0,RESOLVED
INFOCOM,2006,https://openalex.org/S62238642,IEEE/ACM Transactions on Networking,journal,1,1,1,1.0,RESOLVED
INFOCOM,2007,https://openalex.org/S4306401902,"Digital Access to Libraries (Université catholique de Louvain (UCL), l'Université de Namur (UNamur) and the Université Saint-Louis (USL-B))",repository,1,1,1,1.0,RESOLVED
INFOCOM,2008,https://openalex.org/S62238642,IEEE/ACM Transactions on Networking,journal,3,1,1,1.0,RESOLVED
INFOCOM,2009,,,,1,0,0,,UNRESOLVED
INFOCOM,2010,,,,1,0,0,,UNRESOLVED
INFOCOM,2011,https://openalex.org/S4306401157,Swinburne Research Bank (Swinburne University of Technology),repository,1,1,1,1.0,RESOLVED
INFOCOM,2012,,,,1,0,0,,UNRESOLVED
INFOCOM,2013,,,,1,0,0,,UNRESOLVED
INFOCOM,2014,https://openalex.org/S62238642,IEEE/ACM Transactions on Networking,journal,2,1,1,1.0,RESOLVED
INFOCOM,2015,,,,1,0,0,,UNRESOLVED
INFOCOM,2016,,,,1,0,0,,UNRESOLVED
INFOCOM,2017,,,,1,0,0,,UNRESOLVED
INFOCOM,2018,https://openalex.org/S4306400460,Istanbul Technical University Academic Open Archive (Istanbul Technical University),repository,3,2,1,0.5,RESOLVED
JCDL,2000,,,,1,0,0,,UNRESOLVED
JCDL,2002,,,,1,0,0,,UNRESOLVED
JCDL,2003,https://openalex.org/S4306417562,ACM/IEEE Joint Conference on Digital Libraries,conference,1,1,1,1.0,RESOLVED
JCDL,2004,,,,1,0,0,,UNRESOLVED
JCDL,2005,,,,1,0,0,,UNRESOLVED
JCDL,2006,,,,1,0,0,,UNRESOLVED
JCDL,2007,,,,1,0,0,,UNRESOLVED
JCDL,2008,,,,1,0,0,,UNRESOLVED
JCDL,2009,,,,1,0,0,,UNRESOLVED
JCDL,2010,,,,1,0,0,,UNRESOLVED
JCDL,2011,https://openalex.org/S4306402487,OSTI OAI (U.S. Department of Energy Office of Scientific and Technical Information),repository,1,1,1,1.0,RESOLVED
JCDL,2012,,,,1,0,0,,UNRESOLVED
JCDL,2013,https://openalex.org/S7407052290,National University of Singapore,repository,1,1,1,1.0,RESOLVED
JCDL,2014,,,,1,0,0,,UNRESOLVED
JCDL,2015,,,,1,0,0,,UNRESOLVED
JCDL,2016,,,,1,0,0,,UNRESOLVED
JCDL,2017,https://openalex.org/S4306400216,Research Portal (King's College London),repository,1,1,1,1.0,RESOLVED
JCDL,2018,https://openalex.org/S4306401843,Data Archiving and Networked Services (DANS),repository,2,2,1,0.5,RESOLVED
KDD,2000,,,,1,0,0,,UNRESOLVED
KDD,2001,,,,1,0,0,,UNRESOLVED
KDD,2002,,,,1,0,0,,UNRESOLVED
KDD,2003,,,,1,0,0,,UNRESOLVED
KDD,2004,,,,1,0,0,,UNRESOLVED
KDD,2005,https://openalex.org/S19474917,Internet Mathematics,journal,1,1,1,1.0,RESOLVED
KDD,2006,,,,1,0,0,,UNRESOLVED
KDD,2007,,,,1,0,0,,UNRESOLVED
KDD,2008,https://openalex.org/S4306525036,PubMed,repository,1,1,1,1.0,RESOLVED
KDD,2009,,,,1,0,0,,UNRESOLVED
KDD,2010,https://openalex.org/S139930977,Journal of Artificial Intelligence Research,journal,2,1,1,1.0,RESOLVED
KDD,2011,,,,1,0,0,,UNRESOLVED
KDD,2012,https://openalex.org/S4306525036,PubMed,repository,1,1,1,1.0,RESOLVED
KDD,2013,,,,1,0,0,,UNRESOLVED
KDD,2014,,,,1,0,0,,UNRESOLVED
KDD,2015,https://openalex.org/S4377196107,IRIS Research product catalog (Sapienza University of Rome),repository,1,1,1,1.0,RESOLVED
KDD,2016,,,,1,0,0,,UNRESOLVED
KDD,2017,,,,1,0,0,,UNRESOLVED
KDD,2018,https://openalex.org/S4306400194,arXiv (Cornell University),repository,1,1,1,1.0,RESOLVED
MOBICOM,2008,,,,1,0,0,,UNRESOLVED
MOBICOM,2009,,,,1,0,0,,UNRESOLVED
MOBICOM,2011,https://openalex.org/S4210197018,View,journal,2,1,1,1.0,RESOLVED
MOBICOM,2012,,,,1,0,0,,UNRESOLVED
MOBICOM,2013,,,,1,0,0,,UNRESOLVED
MOBICOM,2014,https://openalex.org/S4306401796,Rare & Special e-Zone (The Hong Kong University of Science and Technology),repository,1,1,1,1.0,RESOLVED
MOBICOM,2015,https://openalex.org/S4210227886,GetMobile Mobile Computing and Communications,journal,1,1,1,1.0,RESOLVED
MOBICOM,2017,,,,1,0,0,,UNRESOLVED
MOBICOM,2018,https://openalex.org/S4210227886,GetMobile Mobile Computing and Communications,journal,1,1,1,1.0,RESOLVED
NeurIPS,2013,https://openalex.org/S4306400194,arXiv (Cornell University),repository,3,3,2,0.67,RESOLVED
NeurIPS,2014,https://openalex.org/S4306400194,arXiv (Cornell University),repository,2,2,1,0.5,RESOLVED
NeurIPS,2015,https://openalex.org/S4306420609,Neural Information Processing Systems,conference,2,2,2,1.0,RESOLVED
NeurIPS,2016,https://openalex.org/S4306401020,ePrints Soton (University of Southampton),repository,1,1,1,1.0,RESOLVED
NeurIPS,2017,https://openalex.org/S4306400194,arXiv (Cornell University),repository,3,3,1,0.33,RESOLVED
NeurIPS,2018,https://openalex.org/S4306420609,Neural Information Processing Systems,conference,4,4,2,0.5,RESOLVED
OSDI,2000,,,,1,0,0,,UNRESOLVED
OSDI,2002,https://openalex.org/S50071195,ACM SIGOPS Operating Systems Review,journal,1,1,1,1.0,RESOLVED
OSDI,2004,https://openalex.org/S193109227,ACM Transactions on Computer Systems,journal,2,2,1,0.5,RESOLVED
OSDI,2006,https://openalex.org/S193109227,ACM Transactions on Computer Systems,journal,2,2,2,1.0,RESOLVED
OSDI,2008,https://openalex.org/S4306420647,Operating Systems Design and Implementation,conference,3,3,2,0.67,RESOLVED
OSDI,2010,https://openalex.org/S4306420647,Operating Systems Design and Implementation,conference,2,2,2,1.0,RESOLVED
OSDI,2012,,,,1,0,0,,UNRESOLVED
OSDI,2014,https://openalex.org/S193109227,ACM Transactions on Computer Systems,journal,3,3,2,0.67,RESOLVED
OSDI,2016,https://openalex.org/S4306420647,Operating Systems Design and Implementation,conference,1,1,1,1.0,RESOLVED
OSDI,2018,https://openalex.org/S4306420647,Operating Systems Design and Implementation,conference,3,3,3,1.0,RESOLVED
PLDI,2000,,,,1,0,0,,UNRESOLVED
PLDI,2003,https://openalex.org/S148324379,ACM SIGPLAN Notices,journal,1,1,1,1.0,RESOLVED
PLDI,2004,,,,1,0,0,,UNRESOLVED
PLDI,2005,,,,2,0,0,,UNRESOLVED
PLDI,2007,,,,2,0,0,,UNRESOLVED
PLDI,2009,,,,1,0,0,,UNRESOLVED
PLDI,2010,,,,1,0,0,,UNRESOLVED
PLDI,2011,https://openalex.org/S148324379,ACM SIGPLAN Notices,journal,1,1,1,1.0,RESOLVED
PLDI,2012,,,,1,0,0,,UNRESOLVED
PLDI,2013,https://openalex.org/S4306401796,Rare & Special e-Zone (The Hong Kong University of Science and Technology),repository,4,2,1,0.5,RESOLVED
PLDI,2014,https://openalex.org/S4377196264,Kent Academic Repository (University of Kent),repository,3,1,1,1.0,RESOLVED
PLDI,2015,https://openalex.org/S4306400757,eCommons (Cornell University),repository,3,1,1,1.0,RESOLVED
PLDI,2016,https://openalex.org/S4306401777,Apollo (University of Cambridge),repository,4,2,1,0.5,RESOLVED
PLDI,2017,https://openalex.org/S4306400662,Research Explorer (The University of Manchester),repository,4,2,1,0.5,RESOLVED
PLDI,2018,https://openalex.org/S4306400194,arXiv (Cornell University),repository,3,1,1,1.0,RESOLVED
PODS,2000,,,,1,0,0,,UNRESOLVED
PODS,2001,,,,1,0,0,,UNRESOLVED
PODS,2002,https://openalex.org/S4306400487,Infoscience (Ecole Polytechnique Fédérale de Lausanne),repository,1,1,1,1.0,RESOLVED
PODS,2003,,,,1,0,0,,UNRESOLVED
PODS,2004,https://openalex.org/S4306400088,UvA-DARE (University of Amsterdam),repository,1,1,1,1.0,RESOLVED
PODS,2005,https://openalex.org/S4306401926,Document Server@UHasselt (UHasselt),repository,2,1,1,1.0,RESOLVED
PODS,2006,https://openalex.org/S118992489,Journal of the ACM,journal,1,1,1,1.0,RESOLVED
PODS,2007,https://openalex.org/S4306419648,International Conference on Management of Data,conference,1,1,1,1.0,RESOLVED
PODS,2008,,,,1,0,0,,UNRESOLVED
PODS,2009,https://openalex.org/S4306402636,Oxford University Research Archive (ORA) (University of Oxford),repository,1,1,1,1.0,RESOLVED
PODS,2010,https://openalex.org/S4306401540,Digital Access to Scholarship at Harvard (DASH) (Harvard University),repository,1,1,1,1.0,RESOLVED
PODS,2011,,,,1,0,0,,UNRESOLVED
PODS,2012,https://openalex.org/S103870658,PLoS Genetics,journal,1,1,1,1.0,RESOLVED
PODS,2013,https://openalex.org/S4306402512,HAL (Le Centre pour la Communication Scientifique Directe),repository,1,1,1,1.0,RESOLVED
PODS,2014,https://openalex.org/S90119964,ACM Transactions on Database Systems,journal,1,1,1,1.0,RESOLVED
PODS,2015,https://openalex.org/S4306401926,Document Server@UHasselt (UHasselt),repository,1,1,1,1.0,RESOLVED
PODS,2016,,,,1,0,0,,UNRESOLVED
PODS,2017,https://openalex.org/S4306400194,arXiv (Cornell University),repository,1,1,1,1.0,RESOLVED
PODS,2018,,,,1,0,0,,UNRESOLVED
S&P,2008,https://openalex.org/S4210233669,Proceedings - IEEE Symposium on Security and Privacy/Proceedings of the ... IEEE Symposium on Security and Privacy,journal,1,1,1,1.0,RESOLVED
S&P,2009,https://openalex.org/S103482838,Communications of the ACM,journal,1,1,1,1.0,RESOLVED
S&P,2010,,,,1,0,0,,UNRESOLVED
S&P,2013,https://openalex.org/S103482838,Communications of the ACM,journal,1,1,1,1.0,RESOLVED
S&P,2014,https://openalex.org/S103482838,Communications of the ACM,journal,1,1,1,1.0,RESOLVED
S&P,2015,https://openalex.org/S103482838,Communications of the ACM,journal,2,2,1,0.5,RESOLVED
S&P,2016,,,,1,0,0,,UNRESOLVED
S&P,2017,https://openalex.org/S4306402512,HAL (Le Centre pour la Communication Scientifique Directe),repository,1,1,1,1.0,RESOLVED
S&P,2018,https://openalex.org/S4306400024,UCL Discovery (University College London),repository,2,2,1,0.5,RESOLVED
SIGCOMM,2009,,,,1,0,0,,UNRESOLVED
SIGCOMM,2010,https://openalex.org/S66039016,ACM SIGCOMM Computer Communication Review,journal,1,1,1,1.0,RESOLVED
SIGCOMM,2011,https://openalex.org/S4306400425,DSpace@MIT (Massachusetts Institute of Technology),repository,1,1,1,1.0,RESOLVED
SIGCOMM,2012,https://openalex.org/S7407050879,UC Berkeley,repository,1,1,1,1.0,RESOLVED
SIGCOMM,2013,,,,1,0,0,,UNRESOLVED
SIGCOMM,2014,https://openalex.org/S66039016,ACM SIGCOMM Computer Communication Review,journal,2,2,2,1.0,RESOLVED
SIGCOMM,2015,https://openalex.org/S4306401902,"Digital Access to Libraries (Université catholique de Louvain (UCL), l'Université de Namur (UNamur) and the Université Saint-Louis (USL-B))",repository,1,1,1,1.0,RESOLVED
SIGCOMM,2016,https://openalex.org/S66039016,ACM SIGCOMM Computer Communication Review,journal,3,3,1,0.33,RESOLVED
SIGCOMM,2017,https://openalex.org/S4306400024,UCL Discovery (University College London),repository,2,2,1,0.5,RESOLVED
SIGCOMM,2018,https://openalex.org/S4306400944,Research Commons (University of Waikato),repository,1,1,1,1.0,RESOLVED
SIGIR,2000,https://openalex.org/S6756005,ACM SIGIR Forum,journal,1,1,1,1.0,RESOLVED
SIGIR,2001,,,,1,0,0,,UNRESOLVED
SIGIR,2002,,,,1,0,0,,UNRESOLVED
SIGIR,2003,https://openalex.org/S4306402226,Strathprints: The University of Strathclyde institutional repository (University of Strathclyde),repository,1,1,1,1.0,RESOLVED
SIGIR,2004,,,,1,0,0,,UNRESOLVED
SIGIR,2005,,,,1,0,0,,UNRESOLVED
SIGIR,2006,https://openalex.org/S4306402240,ScholarWorks@UMassAmherst (University of Massachusetts Amherst),repository,1,1,1,1.0,RESOLVED
SIGIR,2007,,,,1,0,0,,UNRESOLVED
SIGIR,2008,,,,1,0,0,,UNRESOLVED
SIGIR,2009,,,,1,0,0,,UNRESOLVED
SIGIR,2010,,,,1,0,0,,UNRESOLVED
SIGIR,2011,,,,1,0,0,,UNRESOLVED
SIGIR,2012,,,,1,0,0,,UNRESOLVED
SIGIR,2013,,,,1,0,0,,UNRESOLVED
SIGIR,2014,https://openalex.org/S7407055261,ISTI Open Portal,repository,1,1,1,1.0,RESOLVED
SIGIR,2015,https://openalex.org/S4377196265,CINECA IRIS Institutial research information system (University of Pisa),repository,1,1,1,1.0,RESOLVED
SIGIR,2016,https://openalex.org/S4210235606,ENLIGHTEN (Jurnal Bimbingan dan Konseling Islam),journal,1,1,1,1.0,RESOLVED
SIGIR,2017,https://openalex.org/S4306402636,Oxford University Research Archive (ORA) (University of Oxford),repository,1,1,1,1.0,RESOLVED
SIGIR,2018,,,,1,0,0,,UNRESOLVED
SIGMETRICS,2004,https://openalex.org/S4210187660,ACM SIGMETRICS Performance Evaluation Review,journal,1,1,1,1.0,RESOLVED
SIGMETRICS,2005,https://openalex.org/S62238642,IEEE/ACM Transactions on Networking,journal,1,1,1,1.0,RESOLVED
SIGMETRICS,2006,,,,1,0,0,,UNRESOLVED
SIGMETRICS,2007,,,,1,0,0,,UNRESOLVED
SIGMETRICS,2008,,,,1,0,0,,UNRESOLVED
SIGMETRICS,2009,https://openalex.org/S4306462833,Amsterdam University Press eBooks,ebook platform,1,1,1,1.0,RESOLVED
SIGMETRICS,2010,,,,1,0,0,,UNRESOLVED
SIGMETRICS,2011,,,,1,0,0,,UNRESOLVED
SIGMETRICS,2012,,,,1,0,0,,UNRESOLVED
SIGMETRICS,2013,https://openalex.org/S4306400425,DSpace@MIT (Massachusetts Institute of Technology),repository,1,1,1,1.0,RESOLVED
SIGMETRICS,2014,https://openalex.org/S4306400088,UvA-DARE (University of Amsterdam),repository,1,1,1,1.0,RESOLVED
SIGMETRICS,2015,https://openalex.org/S4210187660,ACM SIGMETRICS Performance Evaluation Review,journal,1,1,1,1.0,RESOLVED
SIGMETRICS,2016,,,,1,0,0,,UNRESOLVED
SIGMETRICS,2017,https://openalex.org/S4306401396,Spiral (Imperial College London),repository,1,1,1,1.0,RESOLVED
SIGMETRICS,2018,https://openalex.org/S4210193547,Proceedings of the ACM on Measurement and Analysis of Computing Systems,journal,1,1,1,1.0,RESOLVED
SIGMOD,2000,,,,1,0,0,,UNRESOLVED
SIGMOD,2001,,,,1,0,0,,UNRESOLVED
SIGMOD,2003,,,,1,0,0,,UNRESOLVED
SIGMOD,2004,https://openalex.org/S4377196297,cIRcle (University of British Columbia),repository,1,1,1,1.0,RESOLVED
SIGMOD,2006,https://openalex.org/S4306401019,ePrints Soton (University of Southampton),repository,1,1,1,1.0,RESOLVED
SIGMOD,2007,,,,2,0,0,,UNRESOLVED
SIGMOD,2008,https://openalex.org/S90119964,ACM Transactions on Database Systems,journal,2,1,1,1.0,RESOLVED
SIGMOD,2009,,,,1,0,0,,UNRESOLVED
SIGMOD,2010,,,,1,0,0,,UNRESOLVED
SIGMOD,2011,,,,1,0,0,,UNRESOLVED
SIGMOD,2012,,,,1,0,0,,UNRESOLVED
SIGMOD,2013,https://openalex.org/S4306402388,Queensland's institutional digital repository (The University of Queensland),repository,1,1,1,1.0,RESOLVED
SIGMOD,2014,,,,1,0,0,,UNRESOLVED
SIGMOD,2015,,,,1,0,0,,UNRESOLVED
SIGMOD,2016,https://openalex.org/S4306401796,Rare & Special e-Zone (The Hong Kong University of Science and Technology),repository,1,1,1,1.0,RESOLVED
SIGMOD,2017,https://openalex.org/S4406922455,Edinburgh Research Explorer,repository,1,1,1,1.0,RESOLVED
SIGMOD,2018,,,,1,0,0,,UNRESOLVED
SODA,2009,https://openalex.org/S4306420974,Symposium on Discrete Algorithms,conference,1,1,1,1.0,RESOLVED
SODA,2010,,,,1,0,0,,UNRESOLVED
SODA,2011,https://openalex.org/S137348503,ACM Transactions on Algorithms,journal,1,1,1,1.0,RESOLVED
SODA,2012,https://openalex.org/S118992489,Journal of the ACM,journal,1,1,1,1.0,RESOLVED
SODA,2013,https://openalex.org/S4306401983,Research at the University of Copenhagen (University of Copenhagen),repository,2,1,1,1.0,RESOLVED
SODA,2014,https://openalex.org/S118992489,Journal of the ACM,journal,2,2,1,0.5,RESOLVED
SODA,2015,,,,1,0,0,,UNRESOLVED
SODA,2016,https://openalex.org/S137348503,ACM Transactions on Algorithms,journal,2,1,1,1.0,RESOLVED
SODA,2017,https://openalex.org/S4306420974,Symposium on Discrete Algorithms,conference,1,1,1,1.0,RESOLVED
SODA,2018,https://openalex.org/S162708223,Atmospheric chemistry and physics,journal,2,2,1,0.5,RESOLVED
SOSP,2001,,,,2,0,0,,UNRESOLVED
SOSP,2003,https://openalex.org/S50071195,ACM SIGOPS Operating Systems Review,journal,3,2,2,1.0,RESOLVED
SOSP,2005,https://openalex.org/S50071195,ACM SIGOPS Operating Systems Review,journal,3,2,1,0.5,RESOLVED
SOSP,2007,https://openalex.org/S193109227,ACM Transactions on Computer Systems,journal,3,2,1,0.5,RESOLVED
SOSP,2009,https://openalex.org/S4377196481,UNSWorks (UNSW Sydney),repository,1,1,1,1.0,RESOLVED
SOSP,2011,https://openalex.org/S162176842,BioMedical Engineering OnLine,journal,2,2,1,0.5,RESOLVED
SOSP,2013,https://openalex.org/S4306400425,DSpace@MIT (Massachusetts Institute of Technology),repository,3,1,1,1.0,RESOLVED
SOSP,2015,https://openalex.org/S193109227,ACM Transactions on Computer Systems,journal,3,2,1,0.5,RESOLVED
SOSP,2017,https://openalex.org/S4306400194,arXiv (Cornell University),repository,2,2,1,0.5,RESOLVED
STOC,2003,,,,2,0,0,,UNRESOLVED
STOC,2004,https://openalex.org/S118992489,Journal of the ACM,journal,2,1,1,1.0,RESOLVED
STOC,2005,https://openalex.org/S11189987,Electronic colloquium on computational complexity,journal,1,1,1,1.0,RESOLVED
STOC,2006,https://openalex.org/S118992489,Journal of the ACM,journal,1,1,1,1.0,RESOLVED
STOC,2007,https://openalex.org/S118992489,Journal of the ACM,journal,2,1,1,1.0,RESOLVED
STOC,2008,,,,2,0,0,,UNRESOLVED
STOC,2009,,,,2,0,0,,UNRESOLVED
STOC,2010,https://openalex.org/S7407052290,National University of Singapore,repository,2,2,1,0.5,RESOLVED
STOC,2011,https://openalex.org/S4306400425,DSpace@MIT (Massachusetts Institute of Technology),repository,2,1,1,1.0,RESOLVED
STOC,2012,https://openalex.org/S4306400088,UvA-DARE (University of Amsterdam),repository,2,1,1,1.0,RESOLVED
STOC,2013,https://openalex.org/S118992489,Journal of the ACM,journal,2,1,1,1.0,RESOLVED
STOC,2014,,,,1,0,0,,UNRESOLVED
STOC,2015,,,,3,0,0,,UNRESOLVED
STOC,2016,https://openalex.org/S45918994,Annals of Mathematics,journal,3,2,1,0.5,RESOLVED
STOC,2017,https://openalex.org/S4306509107,Electron. Colloquium Comput. Complex.,journal,3,3,1,0.33,RESOLVED
STOC,2018,https://openalex.org/S4306400050,London School of Economics and Political Science Theses Online (London School of Economics and Political Science),repository,1,1,1,1.0,RESOLVED
UIST,2000,,,,1,0,0,,UNRESOLVED
UIST,2001,,,,1,0,0,,UNRESOLVED
UIST,2002,,,,1,0,0,,UNRESOLVED
UIST,2003,,,,1,0,0,,UNRESOLVED
UIST,2004,https://openalex.org/S137146891,Laboratory Investigation,journal,2,1,1,1.0,RESOLVED
UIST,2005,,,,1,0,0,,UNRESOLVED
UIST,2006,,,,1,0,0,,UNRESOLVED
UIST,2007,,,,1,0,0,,UNRESOLVED
UIST,2008,,,,1,0,0,,UNRESOLVED
UIST,2009,,,,1,0,0,,UNRESOLVED
UIST,2010,https://openalex.org/S4210172555,Journal of International Crisis and Risk Communication Research,journal,1,1,1,1.0,RESOLVED
UIST,2011,,,,1,0,0,,UNRESOLVED
UIST,2012,,,,2,0,0,,UNRESOLVED
UIST,2013,https://openalex.org/S4306400425,DSpace@MIT (Massachusetts Institute of Technology),repository,3,1,1,1.0,RESOLVED
UIST,2014,,,,3,0,0,,UNRESOLVED
UIST,2015,https://openalex.org/S4306402591,Edinburgh Napier Research Repository (Edinburgh Napier University),repository,3,2,1,0.5,RESOLVED
UIST,2016,https://openalex.org/S4306400425,DSpace@MIT (Massachusetts Institute of Technology),repository,4,3,1,0.33,RESOLVED
UIST,2017,https://openalex.org/S4306400194,arXiv (Cornell University),repository,3,1,1,1.0,RESOLVED
UIST,2018,https://openalex.org/S4210197018,View,journal,3,1,1,1.0,RESOLVED
VLDB,2001,https://openalex.org/S4306400487,Infoscience (Ecole Polytechnique Fédérale de Lausanne),repository,1,1,1,1.0,RESOLVED
VLDB,2004,https://openalex.org/S4306463230,Elsevier eBooks,ebook platform,1,1,1,1.0,RESOLVED
VLDB,2005,https://openalex.org/S4306421142,Very Large Data Bases,conference,1,1,1,1.0,RESOLVED
VLDB,2006,https://openalex.org/S4306421142,Very Large Data Bases,conference,1,1,1,1.0,RESOLVED
VLDB,2007,,,,1,0,0,,UNRESOLVED
VLDB,2008,https://openalex.org/S106296714,Lecture notes in computer science,book series,2,2,1,0.5,RESOLVED
VLDB,2009,https://openalex.org/S78926909,The VLDB Journal,journal,1,1,1,1.0,RESOLVED
VLDB,2010,https://openalex.org/S78926909,The VLDB Journal,journal,1,1,1,1.0,RESOLVED
VLDB,2011,https://openalex.org/S78926909,The VLDB Journal,journal,1,1,1,1.0,RESOLVED
VLDB,2012,https://openalex.org/S78926909,The VLDB Journal,journal,1,1,1,1.0,RESOLVED
VLDB,2013,https://openalex.org/S4210226185,Proceedings of the VLDB Endowment,journal,1,1,1,1.0,RESOLVED
VLDB,2014,https://openalex.org/S4210226185,Proceedings of the VLDB Endowment,journal,5,5,2,0.4,RESOLVED
VLDB,2015,https://openalex.org/S4210226185,Proceedings of the VLDB Endowment,journal,1,1,1,1.0,RESOLVED
VLDB,2016,https://openalex.org/S78926909,The VLDB Journal,journal,1,1,1,1.0,RESOLVED
VLDB,2017,https://openalex.org/S4210226185,Proceedings of the VLDB Endowment,journal,1,1,1,1.0,RESOLVED
VLDB,2018,https://openalex.org/S2595095599,Frontiers in Robotics and AI,journal,1,1,1,1.0,RESOLVED
WWW,2000,https://openalex.org/S63392143,Computer Networks,journal,1,1,1,1.0,RESOLVED
WWW,2001,,,,1,0,0,,UNRESOLVED
WWW,2002,,,,1,0,0,,UNRESOLVED
WWW,2003,https://openalex.org/S2737205702,Journal of Bioresource Management,journal,2,1,1,1.0,RESOLVED
WWW,2004,,,,1,0,0,,UNRESOLVED
WWW,2005,,,,1,0,0,,UNRESOLVED
WWW,2006,,,,1,0,0,,UNRESOLVED
WWW,2007,https://openalex.org/S103482838,Communications of the ACM,journal,1,1,1,1.0,RESOLVED
WWW,2008,,,,1,0,0,,UNRESOLVED
WWW,2009,https://openalex.org/S4306401596,King Abdullah University of Science and Technology Repository (King Abdullah University of Science and Technology),repository,1,1,1,1.0,RESOLVED
WWW,2010,,,,1,0,0,,UNRESOLVED
WWW,2011,,,,1,0,0,,UNRESOLVED
WWW,2012,https://openalex.org/S4306481413,Universidad de Chile,repository,1,1,1,1.0,RESOLVED
WWW,2013,,,,1,0,0,,UNRESOLVED
WWW,2014,https://openalex.org/S4377196680,IT University Of Copenhagen (IT University of Copenhagen),repository,1,1,1,1.0,RESOLVED
WWW,2015,https://openalex.org/S4306400194,arXiv (Cornell University),repository,1,1,1,1.0,RESOLVED
WWW,2016,,,,1,0,0,,UNRESOLVED
WWW,2018,,,,1,0,0,,UNRESOLVED
