openalex_paper_id,paper_title,conference,award_type,award_year,author_id,author_name,author_position,first_pub_year,total_works,total_cites,career_age,career_age_missing,is_junior
https://openalex.org/W2122743328,TagAssist: Automatic Tag Suggestion for Blog Posts,ICWSM,Best Paper,2007,https://openalex.org/A5060435130,Sanjay Sood,first,1995.0,70.0,2880.0,12.0,False,False
https://openalex.org/W2122743328,TagAssist: Automatic Tag Suggestion for Blog Posts,ICWSM,Best Paper,2007,https://openalex.org/A5046276215,Sara Owsley,middle,2004.0,14.0,250.0,3.0,False,True
https://openalex.org/W2122743328,TagAssist: Automatic Tag Suggestion for Blog Posts,ICWSM,Best Paper,2007,https://openalex.org/A5114000097,Kristian J. Hammond,middle,1963.0,202.0,5149.0,44.0,False,False
https://openalex.org/W2122743328,TagAssist: Automatic Tag Suggestion for Blog Posts,ICWSM,Best Paper,2007,https://openalex.org/A5109397252,Larry Birnbaum,last,1991.0,85.0,832.0,16.0,False,False
https://openalex.org/W109801324,Wikipedian Self-Governance in Action: Motivating the Policy Lens,ICWSM,Best Paper,2008,https://openalex.org/A5064061802,Ivan Beschastnikh,first,2006.0,136.0,3574.0,2.0,False,True
https://openalex.org/W109801324,Wikipedian Self-Governance in Action: Motivating the Policy Lens,ICWSM,Best Paper,2008,https://openalex.org/A5067333724,Travis Kriplean,middle,2007.0,22.0,1110.0,1.0,False,True
https://openalex.org/W109801324,Wikipedian Self-Governance in Action: Motivating the Policy Lens,ICWSM,Best Paper,2008,https://openalex.org/A5011914372,David W. McDonald,last,1952.0,256.0,10487.0,56.0,False,False
https://openalex.org/W2124532437,Gesundheit! Modeling Contagion Through Facebook News Feed,ICWSM,Best Paper,2009,https://openalex.org/A5090360853,Eric Sun,first,2009.0,71.0,2084.0,0.0,False,True
https://openalex.org/W2124532437,Gesundheit! Modeling Contagion Through Facebook News Feed,ICWSM,Best Paper,2009,https://openalex.org/A5017533451,Itamar Rosenn,middle,2009.0,8.0,2392.0,0.0,False,True
https://openalex.org/W2124532437,Gesundheit! Modeling Contagion Through Facebook News Feed,ICWSM,Best Paper,2009,https://openalex.org/A5110383731,Cameron Marlow,middle,1998.0,43.0,11104.0,11.0,False,False
https://openalex.org/W2124532437,Gesundheit! Modeling Contagion Through Facebook News Feed,ICWSM,Best Paper,2009,https://openalex.org/A5003262797,Thomas Lento,last,1999.0,16.0,1983.0,10.0,False,False
https://openalex.org/W168087971,"Motivational, Structural and Tenure Factors that Impact Online Community Photo Sharing",ICWSM,Best Paper,2009,https://openalex.org/A5007172071,Oded Nov,first,2004.0,240.0,8737.0,5.0,False,False
https://openalex.org/W168087971,"Motivational, Structural and Tenure Factors that Impact Online Community Photo Sharing",ICWSM,Best Paper,2009,https://openalex.org/A5054248372,Mor Naaman,middle,1999.0,218.0,13177.0,10.0,False,False
https://openalex.org/W168087971,"Motivational, Structural and Tenure Factors that Impact Online Community Photo Sharing",ICWSM,Best Paper,2009,https://openalex.org/A5112379210,Chen Ye,last,1983.0,575.0,68456.0,26.0,False,False
https://openalex.org/W1498404717,ePluribus : Ethnicity on Social Networks,ICWSM,Best Paper,2010,https://openalex.org/A5110249072,Jonathan Chang,first,2003.0,59.0,5056.0,7.0,False,False
https://openalex.org/W1498404717,ePluribus : Ethnicity on Social Networks,ICWSM,Best Paper,2010,https://openalex.org/A5017533451,Itamar Rosenn,middle,2009.0,8.0,2392.0,1.0,False,True
https://openalex.org/W1498404717,ePluribus : Ethnicity on Social Networks,ICWSM,Best Paper,2010,https://openalex.org/A5081744093,Lars Bäckström,middle,1962.0,54.0,12758.0,48.0,False,False
https://openalex.org/W1498404717,ePluribus : Ethnicity on Social Networks,ICWSM,Best Paper,2010,https://openalex.org/A5110383731,Cameron Marlow,last,1998.0,43.0,11104.0,12.0,False,False
https://openalex.org/W1490158239,The Social Dynamics of Economic Activity in a Virtual World,ICWSM,Best Paper,2010,https://openalex.org/A5006700143,Eytan Bakshy,first,2008.0,90.0,10114.0,2.0,False,True
https://openalex.org/W1490158239,The Social Dynamics of Economic Activity in a Virtual World,ICWSM,Best Paper,2010,https://openalex.org/A5103126723,M. D. Simmons,middle,1976.0,61.0,1057.0,34.0,False,False
https://openalex.org/W1490158239,The Social Dynamics of Economic Activity in a Virtual World,ICWSM,Best Paper,2010,https://openalex.org/A5073242709,David Huffaker,middle,1997.0,43.0,2298.0,13.0,False,False
https://openalex.org/W1490158239,The Social Dynamics of Economic Activity in a Virtual World,ICWSM,Best Paper,2010,https://openalex.org/A5055859083,Chun-Yuen Cheng,middle,2010.0,1.0,24.0,0.0,False,True
https://openalex.org/W1490158239,The Social Dynamics of Economic Activity in a Virtual World,ICWSM,Best Paper,2010,https://openalex.org/A5047847314,Lada A. Adamic,last,1998.0,156.0,28755.0,12.0,False,False
https://openalex.org/W1594207996,4chan and /b/: An Analysis of Anonymity and Ephemerality in a Large Online Community,ICWSM,Best Paper,2011,https://openalex.org/A5076189854,Michael S. Bernstein,first,1980.0,283.0,65512.0,31.0,False,False
https://openalex.org/W1594207996,4chan and /b/: An Analysis of Anonymity and Ephemerality in a Large Online Community,ICWSM,Best Paper,2011,https://openalex.org/A5013065278,Andrés Monroy‐Hernández,middle,2001.0,167.0,7272.0,10.0,False,False
https://openalex.org/W1594207996,4chan and /b/: An Analysis of Anonymity and Ephemerality in a Large Online Community,ICWSM,Best Paper,2011,https://openalex.org/A5057744915,Drew Harry,middle,1979.0,14.0,540.0,32.0,False,False
https://openalex.org/W1594207996,4chan and /b/: An Analysis of Anonymity and Ephemerality in a Large Online Community,ICWSM,Best Paper,2011,https://openalex.org/A5020382643,Paúl André,middle,1929.0,316.0,4058.0,82.0,False,False
https://openalex.org/W1594207996,4chan and /b/: An Analysis of Anonymity and Ephemerality in a Large Online Community,ICWSM,Best Paper,2011,https://openalex.org/A5020484324,Katrina Panovich,middle,2009.0,13.0,2222.0,2.0,False,True
https://openalex.org/W1594207996,4chan and /b/: An Analysis of Anonymity and Ephemerality in a Large Online Community,ICWSM,Best Paper,2011,https://openalex.org/A5052910635,Greg Vargas,last,2008.0,5.0,376.0,3.0,False,True
https://openalex.org/W2164061616,The Livehoods Project: Utilizing Social Media to Understand the Dynamics of a City,ICWSM,Best Paper,2012,https://openalex.org/A5035073270,Justin Cranshaw,first,2000.0,42.0,3089.0,12.0,False,False
https://openalex.org/W2164061616,The Livehoods Project: Utilizing Social Media to Understand the Dynamics of a City,ICWSM,Best Paper,2012,https://openalex.org/A5069280591,Raz Schwartz,middle,1977.0,22.0,1637.0,35.0,False,False
https://openalex.org/W2164061616,The Livehoods Project: Utilizing Social Media to Understand the Dynamics of a City,ICWSM,Best Paper,2012,https://openalex.org/A5090310268,Jason Hong,middle,1997.0,341.0,21006.0,15.0,False,False
https://openalex.org/W2164061616,The Livehoods Project: Utilizing Social Media to Understand the Dynamics of a City,ICWSM,Best Paper,2012,https://openalex.org/A5081563886,Norman Sadeh,last,1955.0,308.0,15589.0,57.0,False,False
https://openalex.org/W1814109117,The Emergence of Conventions in Online Social Networks,ICWSM,Best Paper,2012,https://openalex.org/A5077270335,Farshad Kooti,first,2012.0,25.0,1166.0,0.0,False,True
https://openalex.org/W1814109117,The Emergence of Conventions in Online Social Networks,ICWSM,Best Paper,2012,https://openalex.org/A5048974801,Haeryun Yang,middle,2010.0,2.0,85.0,2.0,False,True
https://openalex.org/W1814109117,The Emergence of Conventions in Online Social Networks,ICWSM,Best Paper,2012,https://openalex.org/A5061810530,Meeyoung Cha,middle,2004.0,297.0,15929.0,8.0,False,False
https://openalex.org/W1814109117,The Emergence of Conventions in Online Social Networks,ICWSM,Best Paper,2012,https://openalex.org/A5067688305,Krishna P. Gummadi,middle,2000.0,299.0,28054.0,12.0,False,False
https://openalex.org/W1814109117,The Emergence of Conventions in Online Social Networks,ICWSM,Best Paper,2012,https://openalex.org/A5078651528,Winter Mason,last,1973.0,74.0,7550.0,39.0,False,False
https://openalex.org/W2252849574,Booming Up the Long Tails: Discovering Potentially Contributive Users in Community-Based Question Answering Services,ICWSM,Best Paper,2013,https://openalex.org/A5082402515,Juyup Sung,first,2013.0,3.0,85.0,0.0,False,True
https://openalex.org/W2252849574,Booming Up the Long Tails: Discovering Potentially Contributive Users in Community-Based Question Answering Services,ICWSM,Best Paper,2013,https://openalex.org/A5101805827,Jae-Gil Lee,middle,1999.0,157.0,6081.0,14.0,False,False
https://openalex.org/W2252849574,Booming Up the Long Tails: Discovering Potentially Contributive Users in Community-Based Question Answering Services,ICWSM,Best Paper,2013,https://openalex.org/A5058987035,Uichin Lee,last,2005.0,259.0,8338.0,8.0,False,False
https://openalex.org/W1594182567,When Politicians Talk: Assessing Online Conversational Practices of Political Parties on Twitter,ICWSM,Best Paper,2014,https://openalex.org/A5069037107,Haiko Lietz,first,2006.0,24.0,744.0,8.0,False,False
https://openalex.org/W1594182567,When Politicians Talk: Assessing Online Conversational Practices of Political Parties on Twitter,ICWSM,Best Paper,2014,https://openalex.org/A5044130443,Claudia Wagner,middle,1988.0,180.0,5140.0,26.0,False,False
https://openalex.org/W1594182567,When Politicians Talk: Assessing Online Conversational Practices of Political Parties on Twitter,ICWSM,Best Paper,2014,https://openalex.org/A5064470161,Arnim Bleier,middle,2009.0,55.0,1123.0,5.0,False,False
https://openalex.org/W1594182567,When Politicians Talk: Assessing Online Conversational Practices of Political Parties on Twitter,ICWSM,Best Paper,2014,https://openalex.org/A5071422618,Markus Strohmaier,last,2002.0,339.0,6116.0,12.0,False,False
https://openalex.org/W2105175049,Like Partying? Your Face Says It All. Predicting the Ambiance of Places with Profile Pictures,ICWSM,Best Paper,2015,https://openalex.org/A5007049707,Мириам Реди,first,2009.0,102.0,981.0,6.0,False,False
https://openalex.org/W2105175049,Like Partying? Your Face Says It All. Predicting the Ambiance of Places with Profile Pictures,ICWSM,Best Paper,2015,https://openalex.org/A5081008532,Daniele Quercia,middle,1997.0,311.0,7125.0,18.0,False,False
https://openalex.org/W2105175049,Like Partying? Your Face Says It All. Predicting the Ambiance of Places with Profile Pictures,ICWSM,Best Paper,2015,https://openalex.org/A5103570137,Lindsay T. Graham,middle,2006.0,52.0,1600.0,9.0,False,False
https://openalex.org/W2105175049,Like Partying? Your Face Says It All. Predicting the Ambiance of Places with Profile Pictures,ICWSM,Best Paper,2015,https://openalex.org/A5077287995,Samuel D. Gosling,last,1996.0,328.0,58603.0,19.0,False,False
https://openalex.org/W2574434649,Social Media Participation in an Activist Movement for Racial Equality,ICWSM,Best Paper,2016,https://openalex.org/A5102962995,Munmun De Choudhury,first,2007.0,312.0,15660.0,9.0,False,False
https://openalex.org/W2574434649,Social Media Participation in an Activist Movement for Racial Equality,ICWSM,Best Paper,2016,https://openalex.org/A5030047353,Shagun Jhaver,middle,2016.0,52.0,2147.0,0.0,False,True
https://openalex.org/W2574434649,Social Media Participation in an Activist Movement for Racial Equality,ICWSM,Best Paper,2016,https://openalex.org/A5060339045,Benjamin Sugar,middle,2019.0,3.0,270.0,-3.0,False,True
https://openalex.org/W2574434649,Social Media Participation in an Activist Movement for Racial Equality,ICWSM,Best Paper,2016,https://openalex.org/A5033656008,Ingmar Weber,last,1982.0,370.0,11567.0,34.0,False,False
https://openalex.org/W2596823239,The Language of Social Support in Social Media and its Effect on Suicidal Ideation Risk,ICWSM,Best Paper,2017,https://openalex.org/A5102962995,Munmun De Choudhury,first,2007.0,312.0,15660.0,10.0,False,False
https://openalex.org/W2596823239,The Language of Social Support in Social Media and its Effect on Suicidal Ideation Risk,ICWSM,Best Paper,2017,https://openalex.org/A5079458476,Emre Kıcıman,last,1999.0,153.0,4812.0,18.0,False,False
https://openalex.org/W2811417394,The_Tower_of_Babel.jpg: Diversity of Visual Encyclopedic Knowledge Across Wikipedia Language Editions,ICWSM,Best Paper,2018,https://openalex.org/A5109257024,Shiqing He,first,2002.0,29.0,203.0,16.0,False,False
https://openalex.org/W2811417394,The_Tower_of_Babel.jpg: Diversity of Visual Encyclopedic Knowledge Across Wikipedia Language Editions,ICWSM,Best Paper,2018,https://openalex.org/A5089885802,Allen Yilun Lin,middle,1997.0,24.0,660.0,21.0,False,False
https://openalex.org/W2811417394,The_Tower_of_Babel.jpg: Diversity of Visual Encyclopedic Knowledge Across Wikipedia Language Editions,ICWSM,Best Paper,2018,https://openalex.org/A5064931337,Eytan Adar,middle,1987.0,165.0,12637.0,31.0,False,False
https://openalex.org/W2811417394,The_Tower_of_Babel.jpg: Diversity of Visual Encyclopedic Knowledge Across Wikipedia Language Editions,ICWSM,Best Paper,2018,https://openalex.org/A5005448339,Brent Hecht,last,2005.0,129.0,6055.0,13.0,False,False
https://openalex.org/W2933599777,"Smart, Responsible, and Upper Caste Only: Measuring Caste Attitudes through Large-Scale Analysis of Matrimonial Profile",ICWSM,Best Paper,2019,https://openalex.org/A5074963371,Ashwin Rajadesingan,first,2012.0,27.0,764.0,7.0,False,False
https://openalex.org/W2933599777,"Smart, Responsible, and Upper Caste Only: Measuring Caste Attitudes through Large-Scale Analysis of Matrimonial Profile",ICWSM,Best Paper,2019,https://openalex.org/A5061670607,Ramaswami Mahalingam,middle,2003.0,83.0,1678.0,16.0,False,False
https://openalex.org/W2933599777,"Smart, Responsible, and Upper Caste Only: Measuring Caste Attitudes through Large-Scale Analysis of Matrimonial Profile",ICWSM,Best Paper,2019,https://openalex.org/A5046126345,David Jurgens,last,1999.0,209.0,5234.0,20.0,False,False
https://openalex.org/W4288374663,"Eliciting New Wikipedia Users' Interests via Automatically Mined Questionnaires: For a Warm Welcome, Not a Cold Start",ICWSM,Best Paper,2019,https://openalex.org/A5045999888,Ramtin Yazdanian,first,2017.0,6.0,30.0,2.0,False,True
https://openalex.org/W4288374663,"Eliciting New Wikipedia Users' Interests via Automatically Mined Questionnaires: For a Warm Welcome, Not a Cold Start",ICWSM,Best Paper,2019,https://openalex.org/A5037525426,Leila Zia,middle,2008.0,37.0,404.0,11.0,False,False
https://openalex.org/W4288374663,"Eliciting New Wikipedia Users' Interests via Automatically Mined Questionnaires: For a Warm Welcome, Not a Cold Start",ICWSM,Best Paper,2019,https://openalex.org/A5112408032,Jonathan Morgan,middle,2013.0,23.0,43.0,6.0,False,False
https://openalex.org/W4288374663,"Eliciting New Wikipedia Users' Interests via Automatically Mined Questionnaires: For a Warm Welcome, Not a Cold Start",ICWSM,Best Paper,2019,https://openalex.org/A5085159476,B. Mansurov,middle,2015.0,28.0,23.0,4.0,False,True
https://openalex.org/W4288374663,"Eliciting New Wikipedia Users' Interests via Automatically Mined Questionnaires: For a Warm Welcome, Not a Cold Start",ICWSM,Best Paper,2019,https://openalex.org/A5051122928,Robert West,last,1922.0,296.0,6751.0,97.0,False,False
https://openalex.org/W2953417263,A Social Media Study on the Effects of Psychiatric Medication Use,ICWSM,Best Paper,2019,https://openalex.org/A5057029055,Koustuv Saha,first,2017.0,149.0,2915.0,2.0,False,True
https://openalex.org/W2953417263,A Social Media Study on the Effects of Psychiatric Medication Use,ICWSM,Best Paper,2019,https://openalex.org/A5060339045,Benjamin Sugar,middle,2019.0,3.0,270.0,0.0,False,True
https://openalex.org/W2953417263,A Social Media Study on the Effects of Psychiatric Medication Use,ICWSM,Best Paper,2019,https://openalex.org/A5026523515,John Torous,middle,2009.0,743.0,35925.0,10.0,False,False
https://openalex.org/W2953417263,A Social Media Study on the Effects of Psychiatric Medication Use,ICWSM,Best Paper,2019,https://openalex.org/A5036257885,Bruno Abrahão,middle,2002.0,31.0,713.0,17.0,False,False
https://openalex.org/W2953417263,A Social Media Study on the Effects of Psychiatric Medication Use,ICWSM,Best Paper,2019,https://openalex.org/A5079458476,Emre Kıcıman,middle,1999.0,153.0,4812.0,20.0,False,False
https://openalex.org/W2953417263,A Social Media Study on the Effects of Psychiatric Medication Use,ICWSM,Best Paper,2019,https://openalex.org/A5102962995,Munmun De Choudhury,last,2007.0,312.0,15660.0,12.0,False,False
https://openalex.org/W3037076518,An Experimental Study of Structural Diversity in Social Networks,ICWSM,Best Paper,2020,https://openalex.org/A5008569720,Jessica Lasky‐Su,first,2000.0,596.0,22261.0,20.0,False,False
https://openalex.org/W3037076518,An Experimental Study of Structural Diversity in Social Networks,ICWSM,Best Paper,2020,https://openalex.org/A5114488878,Krishna Kamath,middle,1970.0,35.0,466.0,50.0,False,False
https://openalex.org/W3037076518,An Experimental Study of Structural Diversity in Social Networks,ICWSM,Best Paper,2020,https://openalex.org/A5101979342,Aneesh Sharma,middle,2004.0,60.0,2075.0,16.0,False,False
https://openalex.org/W3037076518,An Experimental Study of Structural Diversity in Social Networks,ICWSM,Best Paper,2020,https://openalex.org/A5072263832,Johan Ugander,middle,2007.0,93.0,3855.0,13.0,False,False
https://openalex.org/W3037076518,An Experimental Study of Structural Diversity in Social Networks,ICWSM,Best Paper,2020,https://openalex.org/A5027036879,Sharad Goel,last,1994.0,236.0,10305.0,26.0,False,False
https://openalex.org/W3037102533,Gravity of Location-Based Service: Analyzing the Effects for Mobility Pattern and Location Prediction,ICWSM,Best Paper,2020,https://openalex.org/A5109472441,Keiichi Ochiai,first,2006.0,55.0,112.0,14.0,False,False
https://openalex.org/W3037102533,Gravity of Location-Based Service: Analyzing the Effects for Mobility Pattern and Location Prediction,ICWSM,Best Paper,2020,https://openalex.org/A5029670252,Yusuke Fukazawa,middle,2002.0,86.0,667.0,18.0,False,False
https://openalex.org/W3037102533,Gravity of Location-Based Service: Analyzing the Effects for Mobility Pattern and Location Prediction,ICWSM,Best Paper,2020,https://openalex.org/A5039527388,Wataru Yamada,middle,2007.0,19.0,39.0,13.0,False,False
https://openalex.org/W3037102533,Gravity of Location-Based Service: Analyzing the Effects for Mobility Pattern and Location Prediction,ICWSM,Best Paper,2020,https://openalex.org/A5039768881,Hiroyuki Manabe,middle,1968.0,93.0,674.0,52.0,False,False
https://openalex.org/W3037102533,Gravity of Location-Based Service: Analyzing the Effects for Mobility Pattern and Location Prediction,ICWSM,Best Paper,2020,https://openalex.org/A5074059447,Yutaka Matsuo,last,1959.0,479.0,12306.0,61.0,False,False
https://openalex.org/W3038089619,Quasi-Experimental Designs for Assessing Response on Social Media to Policy Changes,ICWSM,Best Paper,2020,https://openalex.org/A5057838053,Yijun Tian,first,2019.0,47.0,338.0,1.0,False,True
https://openalex.org/W3038089619,Quasi-Experimental Designs for Assessing Response on Social Media to Policy Changes,ICWSM,Best Paper,2020,https://openalex.org/A5005061793,Rumi Chunara,last,2004.0,163.0,5617.0,16.0,False,False
https://openalex.org/W3038868364,Behind the Mask: A Computational Study of Anonymous' Presence on Twitter,ICWSM,Best Paper,2020,https://openalex.org/A5077347987,Keenan Jones,first,1982.0,13.0,41.0,38.0,False,False
https://openalex.org/W3038868364,Behind the Mask: A Computational Study of Anonymous' Presence on Twitter,ICWSM,Best Paper,2020,https://openalex.org/A5075453550,Jason R. C. Nurse,middle,2009.0,229.0,5454.0,11.0,False,False
https://openalex.org/W3038868364,Behind the Mask: A Computational Study of Anonymous' Presence on Twitter,ICWSM,Best Paper,2020,https://openalex.org/A5100745576,Shujun Li,last,1983.0,451.0,9417.0,37.0,False,False
https://openalex.org/W3016829354,Minimizing Interference and Selection Bias in Network Experiment Design,ICWSM,Best Paper,2020,https://openalex.org/A5029728283,Zahra Fatemi,first,2012.0,25.0,70.0,8.0,False,False
https://openalex.org/W3016829354,Minimizing Interference and Selection Bias in Network Experiment Design,ICWSM,Best Paper,2020,https://openalex.org/A5071079350,Elena Zheleva,last,2006.0,102.0,2068.0,14.0,False,False
https://openalex.org/W3037924069,A Quantitative Approach to Understanding Online Antisemitism,ICWSM,Best Paper,2020,https://openalex.org/A5007187227,Savvas Zannettou,first,2016.0,183.0,4360.0,4.0,False,True
https://openalex.org/W3037924069,A Quantitative Approach to Understanding Online Antisemitism,ICWSM,Best Paper,2020,https://openalex.org/A5023179684,JOEL B. FINKELSTEIN,middle,1961.0,168.0,450.0,59.0,False,False
https://openalex.org/W3037924069,A Quantitative Approach to Understanding Online Antisemitism,ICWSM,Best Paper,2020,https://openalex.org/A5064275485,Barry Bradlyn,middle,2009.0,196.0,7623.0,11.0,False,False
https://openalex.org/W3037924069,A Quantitative Approach to Understanding Online Antisemitism,ICWSM,Best Paper,2020,https://openalex.org/A5052381671,Jeremy Blackburn,last,1868.0,242.0,6811.0,152.0,False,False
https://openalex.org/W3033510986,Influence Maximization Using Influence and Susceptibility Embeddings,ICWSM,Best Paper,2020,https://openalex.org/A5103230070,George Panagopoulos,first,1975.0,78.0,1842.0,45.0,False,False
https://openalex.org/W3033510986,Influence Maximization Using Influence and Susceptibility Embeddings,ICWSM,Best Paper,2020,https://openalex.org/A5087251228,Fragkiskos D. Malliaros,middle,2011.0,111.0,1923.0,9.0,False,False
https://openalex.org/W3033510986,Influence Maximization Using Influence and Susceptibility Embeddings,ICWSM,Best Paper,2020,https://openalex.org/A5107433505,Michalis Vazirgianis,last,2020.0,1.0,22.0,0.0,False,True
https://openalex.org/W3014276301,"Aggressive, Repetitive, Intentional, Visible, and Imbalanced: Refining Representations for Cyberbullying Classification",ICWSM,Best Paper,2020,https://openalex.org/A5002621773,Caleb Ziems,first,2020.0,47.0,1065.0,0.0,False,True
https://openalex.org/W3014276301,"Aggressive, Repetitive, Intentional, Visible, and Imbalanced: Refining Representations for Cyberbullying Classification",ICWSM,Best Paper,2020,https://openalex.org/A5050595999,Ýmir Vigfússon,middle,2007.0,87.0,873.0,13.0,False,False
https://openalex.org/W3014276301,"Aggressive, Repetitive, Intentional, Visible, and Imbalanced: Refining Representations for Cyberbullying Classification",ICWSM,Best Paper,2020,https://openalex.org/A5002709735,Fred Morstatter,last,2011.0,196.0,7438.0,9.0,False,False
https://openalex.org/W3037745950,Disturbed YouTube for Kids: Characterizing and Detecting Inappropriate Videos Targeting Young Children,ICWSM,Best Paper,2020,https://openalex.org/A5078143968,Kostantinos Papadamou,first,2016.0,39.0,433.0,4.0,False,True
https://openalex.org/W3037745950,Disturbed YouTube for Kids: Characterizing and Detecting Inappropriate Videos Targeting Young Children,ICWSM,Best Paper,2020,https://openalex.org/A5002554225,Antonis Papasavva,middle,2016.0,28.0,365.0,4.0,False,True
https://openalex.org/W3037745950,Disturbed YouTube for Kids: Characterizing and Detecting Inappropriate Videos Targeting Young Children,ICWSM,Best Paper,2020,https://openalex.org/A5007187227,Savvas Zannettou,middle,2016.0,183.0,4360.0,4.0,False,True
https://openalex.org/W3037745950,Disturbed YouTube for Kids: Characterizing and Detecting Inappropriate Videos Targeting Young Children,ICWSM,Best Paper,2020,https://openalex.org/A5052381671,Jeremy Blackburn,middle,1868.0,242.0,6811.0,152.0,False,False
https://openalex.org/W3037745950,Disturbed YouTube for Kids: Characterizing and Detecting Inappropriate Videos Targeting Young Children,ICWSM,Best Paper,2020,https://openalex.org/A5049671186,Nicolas Kourtellis,middle,2008.0,217.0,4021.0,12.0,False,False
https://openalex.org/W3037745950,Disturbed YouTube for Kids: Characterizing and Detecting Inappropriate Videos Targeting Young Children,ICWSM,Best Paper,2020,https://openalex.org/A5066833626,Ilias Leontiadis,middle,2007.0,122.0,4881.0,13.0,False,False
https://openalex.org/W3037745950,Disturbed YouTube for Kids: Characterizing and Detecting Inappropriate Videos Targeting Young Children,ICWSM,Best Paper,2020,https://openalex.org/A5046881273,Gianluca Stringhini,middle,2009.0,332.0,9335.0,11.0,False,False
https://openalex.org/W3037745950,Disturbed YouTube for Kids: Characterizing and Detecting Inappropriate Videos Targeting Young Children,ICWSM,Best Paper,2020,https://openalex.org/A5056600584,Michael Sirivianos,last,2005.0,136.0,3892.0,15.0,False,False
https://openalex.org/W3153313456,Political Polarization in Online News Consumption,ICWSM,Best Paper,2021,https://openalex.org/A5063557800,Kiran Garimella,first,2007.0,160.0,61544.0,14.0,False,False
https://openalex.org/W3153313456,Political Polarization in Online News Consumption,ICWSM,Best Paper,2021,https://openalex.org/A5037596712,Tim Smith,middle,1934.0,25.0,93.0,87.0,False,False
https://openalex.org/W3153313456,Political Polarization in Online News Consumption,ICWSM,Best Paper,2021,https://openalex.org/A5015319797,Rebecca Weiss,middle,1990.0,25.0,102.0,31.0,False,False
https://openalex.org/W3153313456,Political Polarization in Online News Consumption,ICWSM,Best Paper,2021,https://openalex.org/A5101446790,Robert West,last,1919.0,318.0,4758.0,102.0,False,False
https://openalex.org/W3174468071,"Which Node Attribute Prediction Task Are We Solving? Within-Network, Across-Network, or Across-Layer Tasks",ICWSM,Best Paper,2021,https://openalex.org/A5053740228,Kristen M. Altenburger,first,1985.0,16.0,170.0,36.0,False,False
https://openalex.org/W3174468071,"Which Node Attribute Prediction Task Are We Solving? Within-Network, Across-Network, or Across-Layer Tasks",ICWSM,Best Paper,2021,https://openalex.org/A5072263832,Johan Ugander,last,2007.0,93.0,3855.0,14.0,False,False
https://openalex.org/W3026338371,The Effect of Moderation on Online Mental Health Conversations,ICWSM,Best Paper,2021,https://openalex.org/A5037862554,David Wadden,first,1853.0,47.0,4473.0,168.0,False,False
https://openalex.org/W3026338371,The Effect of Moderation on Online Mental Health Conversations,ICWSM,Best Paper,2021,https://openalex.org/A5029563909,Tal August,middle,2018.0,47.0,536.0,3.0,False,True
https://openalex.org/W3026338371,The Effect of Moderation on Online Mental Health Conversations,ICWSM,Best Paper,2021,https://openalex.org/A5103149967,Qisheng Li,middle,1986.0,70.0,893.0,35.0,False,False
https://openalex.org/W3026338371,The Effect of Moderation on Online Mental Health Conversations,ICWSM,Best Paper,2021,https://openalex.org/A5033639139,Tim Althoff,last,2012.0,155.0,4965.0,9.0,False,False
https://openalex.org/W3131477973,"Political Bias and Factualness in News Sharing across more than 100,000 Online Communities",ICWSM,Best Paper,2021,https://openalex.org/A5039097889,Galen Weld,first,2016.0,24.0,221.0,5.0,False,False
https://openalex.org/W3131477973,"Political Bias and Factualness in News Sharing across more than 100,000 Online Communities",ICWSM,Best Paper,2021,https://openalex.org/A5081077845,Maria Glenski,middle,2015.0,53.0,356.0,6.0,False,False
https://openalex.org/W3131477973,"Political Bias and Factualness in News Sharing across more than 100,000 Online Communities",ICWSM,Best Paper,2021,https://openalex.org/A5033639139,Tim Althoff,last,2012.0,155.0,4965.0,9.0,False,False
https://openalex.org/W2403114810,Personality Impressions Based on Facebook Profiles,ICWSM,Test of Time,2018,https://openalex.org/A5077287995,Samuel D. Gosling,first,1996.0,328.0,58603.0,22.0,False,False
https://openalex.org/W2403114810,Personality Impressions Based on Facebook Profiles,ICWSM,Test of Time,2018,https://openalex.org/A5030298506,Sam Gaddis,middle,2007.0,5.0,2043.0,11.0,False,False
https://openalex.org/W2403114810,Personality Impressions Based on Facebook Profiles,ICWSM,Test of Time,2018,https://openalex.org/A5011404541,Simine Vazire,last,2002.0,292.0,24653.0,16.0,False,False
https://openalex.org/W2125910575,Gephi: An Open Source Software for Exploring and Manipulating Networks,ICWSM,Test of Time,2019,https://openalex.org/A5055156518,Mathieu Bastian,first,2009.0,6.0,14251.0,10.0,False,False
https://openalex.org/W2125910575,Gephi: An Open Source Software for Exploring and Manipulating Networks,ICWSM,Test of Time,2019,https://openalex.org/A5014490283,Sébastien Heymann,middle,2009.0,20.0,14324.0,10.0,False,False
https://openalex.org/W2125910575,Gephi: An Open Source Software for Exploring and Manipulating Networks,ICWSM,Test of Time,2019,https://openalex.org/A5072544873,Mathieu Jacomy,last,2006.0,96.0,14806.0,13.0,False,False
https://openalex.org/W1814023381,Measuring User Influence in Twitter: The Million Follower Fallacy,ICWSM,Test of Time,2020,https://openalex.org/A5061810530,Meeyoung Cha,first,2004.0,297.0,15929.0,16.0,False,False
https://openalex.org/W1814023381,Measuring User Influence in Twitter: The Million Follower Fallacy,ICWSM,Test of Time,2020,https://openalex.org/A5043326652,Hamed Haddadi,middle,2005.0,274.0,9846.0,15.0,False,False
https://openalex.org/W1814023381,Measuring User Influence in Twitter: The Million Follower Fallacy,ICWSM,Test of Time,2020,https://openalex.org/A5085054435,Fabrí­cio Benevenuto,middle,2004.0,300.0,11743.0,16.0,False,False
https://openalex.org/W1814023381,Measuring User Influence in Twitter: The Million Follower Fallacy,ICWSM,Test of Time,2020,https://openalex.org/A5067688305,Krishna P. Gummadi,last,2000.0,299.0,28054.0,20.0,False,False
https://openalex.org/W91442942,Political Polarization on Twitter,ICWSM,Test of Time,2021,https://openalex.org/A5007374520,Michael Conover,first,1999.0,30.0,4570.0,22.0,False,False
https://openalex.org/W91442942,Political Polarization on Twitter,ICWSM,Test of Time,2021,https://openalex.org/A5073180325,A. Ratkiewicz,middle,2003.0,197.0,6066.0,18.0,False,False
https://openalex.org/W91442942,Political Polarization on Twitter,ICWSM,Test of Time,2021,https://openalex.org/A5020318194,Matthew Francisco,middle,2006.0,17.0,1834.0,15.0,False,False
https://openalex.org/W91442942,Political Polarization on Twitter,ICWSM,Test of Time,2021,https://openalex.org/A5039841997,Bruno Gonçalves,middle,2002.0,115.0,10662.0,19.0,False,False
https://openalex.org/W91442942,Political Polarization on Twitter,ICWSM,Test of Time,2021,https://openalex.org/A5011228873,Alessandro Flammini,middle,1996.0,250.0,20837.0,25.0,False,False
https://openalex.org/W91442942,Political Polarization on Twitter,ICWSM,Test of Time,2021,https://openalex.org/A5021346979,Filippo Menczer,last,1989.0,665.0,25982.0,32.0,False,False
https://openalex.org/W109801324,Wikipedian Self-Governance in Action: Motivating the Policy Lens,ICWSM,Test of Time,2018,https://openalex.org/A5064061802,Ivan Beschastnikh,first,2006.0,136.0,3574.0,12.0,False,False
https://openalex.org/W109801324,Wikipedian Self-Governance in Action: Motivating the Policy Lens,ICWSM,Test of Time,2018,https://openalex.org/A5067333724,Travis Kriplean,middle,2007.0,22.0,1110.0,11.0,False,False
https://openalex.org/W109801324,Wikipedian Self-Governance in Action: Motivating the Policy Lens,ICWSM,Test of Time,2018,https://openalex.org/A5011914372,David W. McDonald,last,1952.0,256.0,10487.0,66.0,False,False
https://openalex.org/W2140551588,Research Discovery through Linked Open Data,JCDL,Best Demonstration,2012,https://openalex.org/A5015341418,Paul Albert,first,1966.0,94.0,2788.0,46.0,False,False
https://openalex.org/W2140551588,Research Discovery through Linked Open Data,JCDL,Best Demonstration,2012,https://openalex.org/A5091019754,Kristi Holmes,middle,1978.0,172.0,1373.0,34.0,False,False
https://openalex.org/W2140551588,Research Discovery through Linked Open Data,JCDL,Best Demonstration,2012,https://openalex.org/A5068784452,Katy Börner,middle,1971.0,357.0,13655.0,41.0,False,False
https://openalex.org/W2140551588,Research Discovery through Linked Open Data,JCDL,Best Demonstration,2012,,MIke Conlon,last,,,,,True,False
https://openalex.org/W2163407926,Realistic books: A bizarre homage to an obsolete medium?,JCDL,Best International Paper,2004,https://openalex.org/A5087855501,Yi-Chun Chu,first,1996.0,28.0,342.0,8.0,False,False
https://openalex.org/W2163407926,Realistic books: A bizarre homage to an obsolete medium?,JCDL,Best International Paper,2004,https://openalex.org/A5017432361,David Bainbridge,middle,1986.0,319.0,3113.0,18.0,False,False
https://openalex.org/W2163407926,Realistic books: A bizarre homage to an obsolete medium?,JCDL,Best International Paper,2004,https://openalex.org/A5101746140,Matt Jones,middle,1996.0,370.0,6344.0,8.0,False,False
https://openalex.org/W2163407926,Realistic books: A bizarre homage to an obsolete medium?,JCDL,Best International Paper,2004,https://openalex.org/A5045934263,Ian H. Witten,last,1970.0,559.0,89381.0,34.0,False,False
https://openalex.org/W2116347995,Digital libraries' support for the user's 'information journey'.,JCDL,Best International Paper,2005,https://openalex.org/A5013252353,Anne Adams,first,1971.0,245.0,5902.0,34.0,False,False
https://openalex.org/W2116347995,Digital libraries' support for the user's 'information journey'.,JCDL,Best International Paper,2005,https://openalex.org/A5026873916,Ann Blandford,last,1973.0,595.0,14576.0,32.0,False,False
https://openalex.org/W2136434544,Toolkits for Visualizing Co-Authorship Graphs,JCDL,Best Poster,2004,https://openalex.org/A5100409053,Xiaoming Liu,first,1989.0,580.0,7014.0,15.0,False,False
https://openalex.org/W2136434544,Toolkits for Visualizing Co-Authorship Graphs,JCDL,Best Poster,2004,https://openalex.org/A5082461253,Johan Bollen,middle,1994.0,167.0,13631.0,10.0,False,False
https://openalex.org/W2136434544,Toolkits for Visualizing Co-Authorship Graphs,JCDL,Best Poster,2004,https://openalex.org/A5081811192,Michael L. Nelson,middle,1969.0,479.0,4817.0,35.0,False,False
https://openalex.org/W2136434544,Toolkits for Visualizing Co-Authorship Graphs,JCDL,Best Poster,2004,https://openalex.org/A5079585875,Herbert Van de Sompel,middle,1981.0,261.0,6866.0,23.0,False,False
https://openalex.org/W2136434544,Toolkits for Visualizing Co-Authorship Graphs,JCDL,Best Poster,2004,https://openalex.org/A5046438281,Jeremy A. T. Hussell,middle,2004.0,6.0,62.0,0.0,False,True
https://openalex.org/W2136434544,Toolkits for Visualizing Co-Authorship Graphs,JCDL,Best Poster,2004,https://openalex.org/A5053599900,Rick Luce,middle,2002.0,14.0,357.0,2.0,False,True
https://openalex.org/W2136434544,Toolkits for Visualizing Co-Authorship Graphs,JCDL,Best Poster,2004,https://openalex.org/A5044732015,Linn Marks,last,1984.0,7.0,147.0,20.0,False,False
https://openalex.org/W2030788302,Music-to-knowledge (M2K): a prototyping and evaluation environment for music digital library research,JCDL,Best Poster,2005,https://openalex.org/A5016957740,J. Stephen Downie,first,1900.0,242.0,4546.0,105.0,False,False
https://openalex.org/W2030788302,Music-to-knowledge (M2K): a prototyping and evaluation environment for music digital library research,JCDL,Best Poster,2005,https://openalex.org/A5085807202,Andreas F. Ehmann,middle,2002.0,43.0,1248.0,3.0,False,True
https://openalex.org/W2030788302,Music-to-knowledge (M2K): a prototyping and evaluation environment for music digital library research,JCDL,Best Poster,2005,https://openalex.org/A5052775912,Xiao Hu,last,1900.0,290.0,3922.0,105.0,False,False
https://openalex.org/W2038371289,An analysis of the bid behavior of the 2005 JCDL program committee,JCDL,Best Poster,2006,https://openalex.org/A5035094264,Marko A. Rodriguez,first,1979.0,76.0,1493.0,27.0,False,False
https://openalex.org/W2038371289,An analysis of the bid behavior of the 2005 JCDL program committee,JCDL,Best Poster,2006,https://openalex.org/A5082461253,Johan Bollen,middle,1994.0,167.0,13631.0,12.0,False,False
https://openalex.org/W2038371289,An analysis of the bid behavior of the 2005 JCDL program committee,JCDL,Best Poster,2006,https://openalex.org/A5079585875,Herbert Van de Sompel,last,1981.0,261.0,6866.0,25.0,False,False
https://openalex.org/W2020164767,Using University Collections in Digital Library Education,JCDL,Best Poster,2009,https://openalex.org/A5023452214,Quinn Stewart,first,2002.0,4.0,77.0,7.0,False,False
https://openalex.org/W2020164767,Using University Collections in Digital Library Education,JCDL,Best Poster,2009,https://openalex.org/A5003318627,David Todd,last,2005.0,2.0,2.0,4.0,False,True
https://openalex.org/W2005929045,How Children Find Books for Leisure Reading: Implications for the Digital Library,JCDL,Best Poster,2011,https://openalex.org/A5006508438,Sally Jo Cunningham,first,1979.0,243.0,3755.0,32.0,False,False
https://openalex.org/W2036682342,Global web archive integration with memento,JCDL,Best Poster,2012,https://openalex.org/A5067483608,Robert Sanderson,first,1674.0,120.0,1744.0,338.0,False,False
https://openalex.org/W1968893300,Recovering missing citations in a scholarly network: a 2-step citation analysis to estimate publication importance,JCDL,Best Poster,2013,https://openalex.org/A5007558173,Zhuoren Jiang,first,2010.0,113.0,989.0,3.0,False,True
https://openalex.org/W1968893300,Recovering missing citations in a scholarly network: a 2-step citation analysis to estimate publication importance,JCDL,Best Poster,2013,https://openalex.org/A5101985030,Xiaozhong Liu,last,1992.0,275.0,3909.0,21.0,False,False
https://openalex.org/W2081220366,Reconstruction of the US First Website,JCDL,Best Poster,2015,https://openalex.org/A5060998157,Ahmed AlSum,first,2009.0,22.0,227.0,6.0,False,False
https://openalex.org/W2075949588,Mobile Mink: Merging Mobile and Desktop Archived Webs,JCDL,Best Poster,2015,https://openalex.org/A5064810297,Wesley Jordan,first,2015.0,1.0,2.0,0.0,False,True
https://openalex.org/W2075949588,Mobile Mink: Merging Mobile and Desktop Archived Webs,JCDL,Best Poster,2015,https://openalex.org/A5020610681,Mat Kelly,middle,2012.0,64.0,288.0,3.0,False,True
https://openalex.org/W2075949588,Mobile Mink: Merging Mobile and Desktop Archived Webs,JCDL,Best Poster,2015,https://openalex.org/A5055482463,Justin F. Brunelle,middle,1981.0,44.0,193.0,34.0,False,False
https://openalex.org/W2075949588,Mobile Mink: Merging Mobile and Desktop Archived Webs,JCDL,Best Poster,2015,https://openalex.org/A5037624970,Laura Vobrak,middle,2015.0,1.0,2.0,0.0,False,True
https://openalex.org/W2075949588,Mobile Mink: Merging Mobile and Desktop Archived Webs,JCDL,Best Poster,2015,https://openalex.org/A5085719625,Michele C. Weigle,middle,2000.0,227.0,3374.0,15.0,False,False
https://openalex.org/W2075949588,Mobile Mink: Merging Mobile and Desktop Archived Webs,JCDL,Best Poster,2015,https://openalex.org/A5081811192,Michael L. Nelson,last,1969.0,479.0,4817.0,46.0,False,False
https://openalex.org/W4299556109,Semantometrics: Towards fulltext-based research evaluation,JCDL,Best Poster,2016,https://openalex.org/A5022174119,Drahomíra Herrmannová,first,2011.0,60.0,538.0,5.0,False,False
https://openalex.org/W4299556109,Semantometrics: Towards fulltext-based research evaluation,JCDL,Best Poster,2016,https://openalex.org/A5056018651,Petr Knoth,last,2008.0,159.0,1228.0,8.0,False,False
https://openalex.org/W3101259213,Impact of URI Canonicalization on Memento Count,JCDL,Best Poster,2017,https://openalex.org/A5020610681,Mat Kelly,first,2012.0,64.0,288.0,5.0,False,False
https://openalex.org/W3101259213,Impact of URI Canonicalization on Memento Count,JCDL,Best Poster,2017,https://openalex.org/A5009372635,Lulwah M. Alkwai,middle,2014.0,40.0,508.0,3.0,False,True
https://openalex.org/W3101259213,Impact of URI Canonicalization on Memento Count,JCDL,Best Poster,2017,https://openalex.org/A5087503706,Sawood Alam,middle,2013.0,55.0,209.0,4.0,False,True
https://openalex.org/W3101259213,Impact of URI Canonicalization on Memento Count,JCDL,Best Poster,2017,https://openalex.org/A5110484937,Herbert Van de Sompel,middle,2004.0,3.0,14.0,13.0,False,False
https://openalex.org/W3101259213,Impact of URI Canonicalization on Memento Count,JCDL,Best Poster,2017,https://openalex.org/A5081811192,Michael L. Nelson,middle,1969.0,479.0,4817.0,48.0,False,False
https://openalex.org/W3101259213,Impact of URI Canonicalization on Memento Count,JCDL,Best Poster,2017,https://openalex.org/A5085719625,Michele C. Weigle,last,2000.0,227.0,3374.0,17.0,False,False
https://openalex.org/W2806426301,"ArchiveNow: Simplified, Extensible, Multi-Archive Preservation",JCDL,Best Poster,2018,https://openalex.org/A5042654957,Mohamed Aturban,first,2013.0,14.0,24.0,5.0,False,False
https://openalex.org/W2806426301,"ArchiveNow: Simplified, Extensible, Multi-Archive Preservation",JCDL,Best Poster,2018,https://openalex.org/A5020610681,Mat Kelly,middle,2012.0,64.0,288.0,6.0,False,False
https://openalex.org/W2806426301,"ArchiveNow: Simplified, Extensible, Multi-Archive Preservation",JCDL,Best Poster,2018,https://openalex.org/A5087503706,Sawood Alam,middle,2013.0,55.0,209.0,5.0,False,False
https://openalex.org/W2806426301,"ArchiveNow: Simplified, Extensible, Multi-Archive Preservation",JCDL,Best Poster,2018,https://openalex.org/A5063082450,John A. Berlin,middle,2017.0,5.0,14.0,1.0,False,True
https://openalex.org/W2806426301,"ArchiveNow: Simplified, Extensible, Multi-Archive Preservation",JCDL,Best Poster,2018,https://openalex.org/A5081811192,Michael L. Nelson,middle,1969.0,479.0,4817.0,49.0,False,False
https://openalex.org/W2806426301,"ArchiveNow: Simplified, Extensible, Multi-Archive Preservation",JCDL,Best Poster,2018,https://openalex.org/A5085719625,Michele C. Weigle,last,2000.0,227.0,3374.0,18.0,False,False
https://openalex.org/W2969007438,A Dataset for Content Error Detection in Web Archives,JCDL,Best Poster,2019,https://openalex.org/A5037380544,Johannes Kiesel,first,2012.0,190.0,1834.0,7.0,False,False
https://openalex.org/W2969007438,A Dataset for Content Error Detection in Web Archives,JCDL,Best Poster,2019,https://openalex.org/A5022807959,Fabienne Hubricht,middle,2019.0,5.0,2.0,0.0,False,True
https://openalex.org/W2969007438,A Dataset for Content Error Detection in Web Archives,JCDL,Best Poster,2019,https://openalex.org/A5027915931,Benno Stein,middle,1920.0,752.0,11825.0,99.0,False,False
https://openalex.org/W2969007438,A Dataset for Content Error Detection in Web Archives,JCDL,Best Poster,2019,https://openalex.org/A5083712311,Martin Potthast,last,2006.0,564.0,8464.0,13.0,False,False
https://openalex.org/W3046805368,Analyzing the Effect of Reading Patterns using Eye Tracking Measures,JCDL,Best Poster,2020,https://openalex.org/A5081980322,Gavindya Jayawardena,first,2018.0,33.0,447.0,2.0,False,True
https://openalex.org/W3046805368,Analyzing the Effect of Reading Patterns using Eye Tracking Measures,JCDL,Best Poster,2020,https://openalex.org/A5048398447,Sampath Jayarathna,middle,2010.0,117.0,1758.0,10.0,False,False
https://openalex.org/W3046805368,Analyzing the Effect of Reading Patterns using Eye Tracking Measures,JCDL,Best Poster,2020,https://openalex.org/A5075242841,Jian Wu,last,2006.0,229.0,4998.0,14.0,False,False
https://openalex.org/W4200139424,Analyzing Unconstrained Reading Patterns of Digital Documents Using Eye Tracking,JCDL,Best Poster,2021,https://openalex.org/A5051538923,Bhanuka Mahanama,first,2018.0,17.0,348.0,3.0,False,True
https://openalex.org/W4200139424,Analyzing Unconstrained Reading Patterns of Digital Documents Using Eye Tracking,JCDL,Best Poster,2021,https://openalex.org/A5081980322,Gavindya Jayawardena,middle,2018.0,33.0,447.0,3.0,False,True
https://openalex.org/W4200139424,Analyzing Unconstrained Reading Patterns of Digital Documents Using Eye Tracking,JCDL,Best Poster,2021,https://openalex.org/A5048398447,Sampath Jayarathna,last,2010.0,117.0,1758.0,11.0,False,False
https://openalex.org/W4387316164,The Memento Tracer Toolset for Human-Guided Focused Crawling of Dynamic Web,JCDL,Best Poster,2023,https://openalex.org/A5027991610,Lyudmila Balakireva,first,1992.0,55.0,767.0,31.0,False,False
https://openalex.org/W4387316164,The Memento Tracer Toolset for Human-Guided Focused Crawling of Dynamic Web,JCDL,Best Poster,2023,https://openalex.org/A5052232148,Emily Escamilla,middle,2022.0,10.0,30.0,1.0,False,True
https://openalex.org/W4387316164,The Memento Tracer Toolset for Human-Guided Focused Crawling of Dynamic Web,JCDL,Best Poster,2023,https://openalex.org/A5022064080,Talya Cooper,middle,2022.0,7.0,20.0,1.0,False,True
https://openalex.org/W4387316164,The Memento Tracer Toolset for Human-Guided Focused Crawling of Dynamic Web,JCDL,Best Poster,2023,https://openalex.org/A5081811192,Michael L. Nelson,middle,1969.0,479.0,4817.0,54.0,False,False
https://openalex.org/W4387316164,The Memento Tracer Toolset for Human-Guided Focused Crawling of Dynamic Web,JCDL,Best Poster,2023,https://openalex.org/A5085719625,Michele C. Weigle,last,2000.0,227.0,3374.0,23.0,False,False
https://openalex.org/W7127135783,Extending the Usability of Digital Music Libraries with Analytical Interfaces: Case Study – traditional music collections,JCDL,Best Poster,2025,https://openalex.org/A5092482316,Anna Maria Matuszewska,first,2023.0,4.0,4.0,2.0,False,True
https://openalex.org/W7127127486,MAT-VB: MAthematical Text-Vision Benchmark,JCDL,Best Resource Paper,2025,https://openalex.org/A5078641935,Behrooz Mansouri,first,2017.0,53.0,343.0,8.0,False,False
https://openalex.org/W7127127486,MAT-VB: MAthematical Text-Vision Benchmark,JCDL,Best Resource Paper,2025,https://openalex.org/A5124857932,Aidan Bell,middle,2025.0,1.0,0.0,0.0,False,True
https://openalex.org/W7127127486,MAT-VB: MAthematical Text-Vision Benchmark,JCDL,Best Resource Paper,2025,https://openalex.org/A5118595727,Nicholas Largey,middle,2025.0,3.0,1.0,0.0,False,True
https://openalex.org/W7127127486,MAT-VB: MAthematical Text-Vision Benchmark,JCDL,Best Resource Paper,2025,https://openalex.org/A5124811656,Abigail Pitcairn,last,2025.0,4.0,0.0,0.0,False,True
https://openalex.org/W4387316212,MetaEnhance: Metadata Quality Improvement for Electronic Theses and Dissertations of University Libraries.,JCDL,Best Short Paper,2023,https://openalex.org/A5072339879,Muntabir Hasan Choudhury,first,2020.0,13.0,60.0,3.0,False,True
https://openalex.org/W4387316212,MetaEnhance: Metadata Quality Improvement for Electronic Theses and Dissertations of University Libraries.,JCDL,Best Short Paper,2023,https://openalex.org/A5054690853,Lamia Salsabil,middle,2022.0,13.0,37.0,1.0,False,True
https://openalex.org/W4387316212,MetaEnhance: Metadata Quality Improvement for Electronic Theses and Dissertations of University Libraries.,JCDL,Best Short Paper,2023,https://openalex.org/A5082434124,Himarsha R. Jayanetti,middle,2021.0,21.0,57.0,2.0,False,True
https://openalex.org/W4387316212,MetaEnhance: Metadata Quality Improvement for Electronic Theses and Dissertations of University Libraries.,JCDL,Best Short Paper,2023,https://openalex.org/A5075242841,Jian Wu,middle,2006.0,229.0,4998.0,17.0,False,False
https://openalex.org/W4387316212,MetaEnhance: Metadata Quality Improvement for Electronic Theses and Dissertations of University Libraries.,JCDL,Best Short Paper,2023,https://openalex.org/A5062743697,William A. Ingram,middle,1926.0,70.0,405.0,97.0,False,False
https://openalex.org/W4387316212,MetaEnhance: Metadata Quality Improvement for Electronic Theses and Dissertations of University Libraries.,JCDL,Best Short Paper,2023,https://openalex.org/A5049148461,Edward A. Fox,last,1852.0,783.0,13121.0,171.0,False,False
https://openalex.org/W4408403362,An Overview of zbMATH Open Digital Library,JCDL,Best Short Paper,2024,https://openalex.org/A5011018709,Madhurima Deb,first,2018.0,10.0,27.0,6.0,False,False
https://openalex.org/W4408403362,An Overview of zbMATH Open Digital Library,JCDL,Best Short Paper,2024,https://openalex.org/A5041780174,Isabel Beckenbach,middle,2013.0,21.0,35.0,11.0,False,False
https://openalex.org/W4408403362,An Overview of zbMATH Open Digital Library,JCDL,Best Short Paper,2024,https://openalex.org/A5089059041,Matteo Petrera,middle,2004.0,63.0,481.0,20.0,False,False
https://openalex.org/W4408403362,An Overview of zbMATH Open Digital Library,JCDL,Best Short Paper,2024,https://openalex.org/A5028047086,Dariush Ehsani,middle,2001.0,49.0,106.0,23.0,False,False
https://openalex.org/W4408403362,An Overview of zbMATH Open Digital Library,JCDL,Best Short Paper,2024,https://openalex.org/A5035791867,Marcel Fuhrmann,middle,2019.0,11.0,31.0,5.0,False,False
https://openalex.org/W4408403362,An Overview of zbMATH Open Digital Library,JCDL,Best Short Paper,2024,https://openalex.org/A5116609104,Yun Hao,middle,2024.0,1.0,0.0,0.0,False,True
https://openalex.org/W4408403362,An Overview of zbMATH Open Digital Library,JCDL,Best Short Paper,2024,https://openalex.org/A5015124068,Olaf Teschke,middle,2011.0,80.0,192.0,13.0,False,False
https://openalex.org/W4408403362,An Overview of zbMATH Open Digital Library,JCDL,Best Short Paper,2024,https://openalex.org/A5038664667,Moritz Schubotz,last,2011.0,180.0,1388.0,13.0,False,False
https://openalex.org/W7127203633,What Lies Beneath: A Call for Distribution-based Visual Question & Answer Datasets,JCDL,Best Short Paper,2025,https://openalex.org/A5087027123,Jill Naiman,first,2004.0,70.0,12287.0,21.0,False,False
https://openalex.org/W7127203633,What Lies Beneath: A Call for Distribution-based Visual Question & Answer Datasets,JCDL,Best Short Paper,2025,https://openalex.org/A5102017656,Daniel J. Evans,middle,2009.0,18.0,60.0,16.0,False,False
https://openalex.org/W7127203633,What Lies Beneath: A Call for Distribution-based Visual Question & Answer Datasets,JCDL,Best Short Paper,2025,https://openalex.org/A5124850581,JooYoung Seo,last,2026.0,2.0,0.0,-1.0,False,True
https://openalex.org/W2126447982,The effectiveness of automatically structured queries in digital libraries,JCDL,Best Student Paper,2004,https://openalex.org/A5046370637,Marcos André Gonçalves,first,1991.0,457.0,9845.0,13.0,False,False
https://openalex.org/W2126447982,The effectiveness of automatically structured queries in digital libraries,JCDL,Best Student Paper,2004,https://openalex.org/A5049148461,Edward A. Fox,middle,1852.0,783.0,13121.0,152.0,False,False
https://openalex.org/W2126447982,The effectiveness of automatically structured queries in digital libraries,JCDL,Best Student Paper,2004,https://openalex.org/A5068886061,Aaron Krowne,middle,2003.0,22.0,202.0,1.0,False,True
https://openalex.org/W2126447982,The effectiveness of automatically structured queries in digital libraries,JCDL,Best Student Paper,2004,https://openalex.org/A5011911239,Pável Calado,middle,2000.0,105.0,2071.0,4.0,False,True
https://openalex.org/W2126447982,The effectiveness of automatically structured queries in digital libraries,JCDL,Best Student Paper,2004,https://openalex.org/A5045978751,Alberto H. F. Laender,middle,1989.0,257.0,4433.0,15.0,False,False
https://openalex.org/W2126447982,The effectiveness of automatically structured queries in digital libraries,JCDL,Best Student Paper,2004,https://openalex.org/A5015763962,Altigran S. da Silva,middle,1999.0,87.0,2384.0,5.0,False,False
https://openalex.org/W2126447982,The effectiveness of automatically structured queries in digital libraries,JCDL,Best Student Paper,2004,https://openalex.org/A5108556969,Berthier Ribeiro‐Neto,last,1996.0,101.0,15138.0,8.0,False,False
https://openalex.org/W2143247334,Meaningful presentations of photo libraries: rationale and applications of bi-level radial quantum layouts,JCDL,Best Student Paper,2005,https://openalex.org/A5087603701,Jack Kustanowitz,first,2005.0,7.0,112.0,0.0,False,True
https://openalex.org/W2143247334,Meaningful presentations of photo libraries: rationale and applications of bi-level radial quantum layouts,JCDL,Best Student Paper,2005,https://openalex.org/A5052623072,Ben Shneiderman,last,1800.0,767.0,55111.0,205.0,False,False
https://openalex.org/W2162359876,EcoPod: a mobile tool for community based biodiversity collection building,JCDL,Best Student Paper,2006,https://openalex.org/A5100704661,Yuanyuan Yu,first,2006.0,157.0,2665.0,0.0,False,True
https://openalex.org/W2162359876,EcoPod: a mobile tool for community based biodiversity collection building,JCDL,Best Student Paper,2006,https://openalex.org/A5088160010,Jeannie A. Stamberger,middle,2006.0,8.0,616.0,0.0,False,True
https://openalex.org/W2162359876,EcoPod: a mobile tool for community based biodiversity collection building,JCDL,Best Student Paper,2006,https://openalex.org/A5085384537,Manoharan Aswath,middle,2006.0,4.0,22.0,0.0,False,True
https://openalex.org/W2162359876,EcoPod: a mobile tool for community based biodiversity collection building,JCDL,Best Student Paper,2006,https://openalex.org/A5071755113,Andreas Paepcke,last,1981.0,182.0,7781.0,25.0,False,False
https://openalex.org/W2111528528,Modeling personal and social network context for event annotation in images,JCDL,Best Student Paper,2007,https://openalex.org/A5013403952,Bageshree Shevade,first,2003.0,8.0,96.0,4.0,False,True
https://openalex.org/W2111528528,Modeling personal and social network context for event annotation in images,JCDL,Best Student Paper,2007,https://openalex.org/A5018532037,Hari Sundaram,middle,1997.0,271.0,5594.0,10.0,False,False
https://openalex.org/W2111528528,Modeling personal and social network context for event annotation in images,JCDL,Best Student Paper,2007,https://openalex.org/A5049449495,Lexing Xie,last,2001.0,249.0,7790.0,6.0,False,False
https://openalex.org/W1986155710,User-assisted ink-bleed correction for handwritten documents,JCDL,Best Student Paper,2008,https://openalex.org/A5001013401,Yizhong Huang,first,1983.0,492.0,20087.0,25.0,False,False
https://openalex.org/W1986155710,User-assisted ink-bleed correction for handwritten documents,JCDL,Best Student Paper,2008,https://openalex.org/A5075135613,Michael S. Brown,last,1975.0,194.0,13811.0,33.0,False,False
https://openalex.org/W1972016971,Improving optical character recognition through efficient multiple system alignment,JCDL,Best Student Paper,2009,https://openalex.org/A5077722320,William B. Lund,first,1981.0,17.0,193.0,28.0,False,False
https://openalex.org/W1972016971,Improving optical character recognition through efficient multiple system alignment,JCDL,Best Student Paper,2009,https://openalex.org/A5090791372,Eric K. Ringger,last,1995.0,77.0,1801.0,14.0,False,False
https://openalex.org/W2012665501,Improving mood classification in music digital libraries by combining lyrics and audio,JCDL,Best Student Paper,2010,https://openalex.org/A5052775912,Xiao Hu,first,1900.0,290.0,3922.0,110.0,False,False
https://openalex.org/W2012665501,Improving mood classification in music digital libraries by combining lyrics and audio,JCDL,Best Student Paper,2010,https://openalex.org/A5016957740,J. Stephen Downie,last,1900.0,242.0,4546.0,110.0,False,False
https://openalex.org/W1995663744,Archiving the web using page changes pattern: a case study,JCDL,Best Student Paper,2011,https://openalex.org/A5002391290,Myriam Ben Saâd,first,2008.0,26.0,105.0,3.0,False,True
https://openalex.org/W1995663744,Archiving the web using page changes pattern: a case study,JCDL,Best Student Paper,2011,https://openalex.org/A5049035512,Stéphane Gançarski,last,1994.0,87.0,472.0,17.0,False,False
https://openalex.org/W2033280468,Content-based layouts for exploratory metadata search in scientific research data,JCDL,Best Student Paper,2012,https://openalex.org/A5078086722,Jürgen Bernard,first,1978.0,177.0,2345.0,34.0,False,False
https://openalex.org/W2033280468,Content-based layouts for exploratory metadata search in scientific research data,JCDL,Best Student Paper,2012,https://openalex.org/A5063602485,Tobias Ruppert,middle,2009.0,34.0,367.0,3.0,False,True
https://openalex.org/W2033280468,Content-based layouts for exploratory metadata search in scientific research data,JCDL,Best Student Paper,2012,https://openalex.org/A5031867263,Maximilian Scherer,middle,2010.0,67.0,697.0,2.0,False,True
https://openalex.org/W2033280468,Content-based layouts for exploratory metadata search in scientific research data,JCDL,Best Student Paper,2012,https://openalex.org/A5032433963,Jörn Kohlhammer,middle,2002.0,185.0,4219.0,10.0,False,False
https://openalex.org/W2033280468,Content-based layouts for exploratory metadata search in scientific research data,JCDL,Best Student Paper,2012,https://openalex.org/A5016219620,Tobias Schreck,last,2004.0,365.0,7537.0,8.0,False,False
https://openalex.org/W2107473756,Automatic tag recommendation for metadata annotation using probabilistic topic modeling,JCDL,Best Student Paper,2013,https://openalex.org/A5023506216,Suppawong Tuarob,first,2011.0,97.0,1783.0,2.0,False,True
https://openalex.org/W2107473756,Automatic tag recommendation for metadata annotation using probabilistic topic modeling,JCDL,Best Student Paper,2013,https://openalex.org/A5044729983,Line Pouchard,middle,1985.0,133.0,1191.0,28.0,False,False
https://openalex.org/W2107473756,Automatic tag recommendation for metadata annotation using probabilistic topic modeling,JCDL,Best Student Paper,2013,https://openalex.org/A5001294898,C. Lee Giles,last,1972.0,730.0,38616.0,41.0,False,False
https://openalex.org/W4255449644,Quality Assessment of Collaborative Content With Minimal Information,JCDL,Best Student Paper,2014,https://openalex.org/A5074870464,Daniel H. Dalip,first,2009.0,52.0,528.0,5.0,False,False
https://openalex.org/W4255449644,Quality Assessment of Collaborative Content With Minimal Information,JCDL,Best Student Paper,2014,https://openalex.org/A5044615969,Harlley Lima,middle,2014.0,2.0,16.0,0.0,False,True
https://openalex.org/W4255449644,Quality Assessment of Collaborative Content With Minimal Information,JCDL,Best Student Paper,2014,https://openalex.org/A5046370637,Marcos André Gonçalves,middle,1991.0,457.0,9845.0,23.0,False,False
https://openalex.org/W4255449644,Quality Assessment of Collaborative Content With Minimal Information,JCDL,Best Student Paper,2014,https://openalex.org/A5015927757,Marco Cristo,middle,2003.0,83.0,1674.0,11.0,False,False
https://openalex.org/W4255449644,Quality Assessment of Collaborative Content With Minimal Information,JCDL,Best Student Paper,2014,https://openalex.org/A5011911239,Pável Calado,last,2000.0,105.0,2071.0,14.0,False,False
https://openalex.org/W4235941356,Not All Mementos Are Created Equal: Measuring The Impact Of Missing Resources,JCDL,Best Student Paper,2014,https://openalex.org/A5055482463,Justin F. Brunelle,first,1981.0,44.0,193.0,33.0,False,False
https://openalex.org/W4235941356,Not All Mementos Are Created Equal: Measuring The Impact Of Missing Resources,JCDL,Best Student Paper,2014,https://openalex.org/A5020610681,Mat Kelly,middle,2012.0,64.0,288.0,2.0,False,True
https://openalex.org/W4235941356,Not All Mementos Are Created Equal: Measuring The Impact Of Missing Resources,JCDL,Best Student Paper,2014,https://openalex.org/A5077095568,Hany M. SalahEldeen,middle,2011.0,21.0,369.0,3.0,False,True
https://openalex.org/W4235941356,Not All Mementos Are Created Equal: Measuring The Impact Of Missing Resources,JCDL,Best Student Paper,2014,https://openalex.org/A5085719625,Michele C. Weigle,middle,2000.0,227.0,3374.0,14.0,False,False
https://openalex.org/W4235941356,Not All Mementos Are Created Equal: Measuring The Impact Of Missing Resources,JCDL,Best Student Paper,2014,https://openalex.org/A5081811192,Michael L. Nelson,last,1969.0,479.0,4817.0,45.0,False,False
https://openalex.org/W2032222016,How Well Are Arabic Websites Archived?,JCDL,Best Student Paper,2015,https://openalex.org/A5009372635,Lulwah M. Alkwai,first,2014.0,40.0,508.0,1.0,False,True
https://openalex.org/W2032222016,How Well Are Arabic Websites Archived?,JCDL,Best Student Paper,2015,https://openalex.org/A5081811192,Michael L. Nelson,middle,1969.0,479.0,4817.0,46.0,False,False
https://openalex.org/W2032222016,How Well Are Arabic Websites Archived?,JCDL,Best Student Paper,2015,https://openalex.org/A5085719625,Michele C. Weigle,last,2000.0,227.0,3374.0,15.0,False,False
https://openalex.org/W2418912424,Evaluating the Quality of Educational Answers in Community Question-Answering,JCDL,Best Student Paper,2016,https://openalex.org/A5075917767,Long T. Le,first,2013.0,15.0,141.0,3.0,False,True
https://openalex.org/W2418912424,Evaluating the Quality of Educational Answers in Community Question-Answering,JCDL,Best Student Paper,2016,https://openalex.org/A5061319881,Chirag Shah,middle,1999.0,367.0,6054.0,17.0,False,False
https://openalex.org/W2418912424,Evaluating the Quality of Educational Answers in Community Question-Answering,JCDL,Best Student Paper,2016,https://openalex.org/A5017233668,Erik Choi,last,2012.0,28.0,384.0,4.0,False,True
https://openalex.org/W4230682643,Matrix-based News Aggregation: Exploring Different News Perspectives,JCDL,Best Student Paper,2017,https://openalex.org/A5077372505,Felix Hamborg,first,2015.0,73.0,945.0,2.0,False,True
https://openalex.org/W4230682643,Matrix-based News Aggregation: Exploring Different News Perspectives,JCDL,Best Student Paper,2017,https://openalex.org/A5060549879,Norman Meuschke,middle,2011.0,95.0,1618.0,6.0,False,False
https://openalex.org/W4230682643,Matrix-based News Aggregation: Exploring Different News Perspectives,JCDL,Best Student Paper,2017,https://openalex.org/A5058837356,Béla Gipp,last,2003.0,333.0,6164.0,14.0,False,False
https://openalex.org/W2806527475,Impact of Crowdsourcing OCR Improvements on Retrievability Bias,JCDL,Best Student Paper,2018,https://openalex.org/A5078460737,Myriam C. Traub,first,2010.0,25.0,148.0,8.0,False,False
https://openalex.org/W2806527475,Impact of Crowdsourcing OCR Improvements on Retrievability Bias,JCDL,Best Student Paper,2018,https://openalex.org/A5046069889,Thaer Samar,middle,2011.0,18.0,139.0,7.0,False,False
https://openalex.org/W2806527475,Impact of Crowdsourcing OCR Improvements on Retrievability Bias,JCDL,Best Student Paper,2018,https://openalex.org/A5042220566,Jacco van Ossenbruggen,middle,1994.0,256.0,2970.0,24.0,False,False
https://openalex.org/W2806527475,Impact of Crowdsourcing OCR Improvements on Retrievability Bias,JCDL,Best Student Paper,2018,https://openalex.org/A5090361090,Lynda Hardman,last,1981.0,213.0,4157.0,37.0,False,False
https://openalex.org/W2940148960,"Go Wide, Go Deep: Quantifying the Impact of Scientific Papers Through Influence Dispersion Trees",JCDL,Best Student Paper,2019,https://openalex.org/A5091569210,Dattatreya Mohapatra,first,2019.0,3.0,1.0,0.0,False,True
https://openalex.org/W2940148960,"Go Wide, Go Deep: Quantifying the Impact of Scientific Papers Through Influence Dispersion Trees",JCDL,Best Student Paper,2019,https://openalex.org/A5075581944,Abhishek Maiti,middle,1964.0,379.0,4605.0,55.0,False,False
https://openalex.org/W2940148960,"Go Wide, Go Deep: Quantifying the Impact of Scientific Papers Through Influence Dispersion Trees",JCDL,Best Student Paper,2019,https://openalex.org/A5022961965,Sumit Bhatia,middle,2008.0,143.0,1412.0,11.0,False,False
https://openalex.org/W2940148960,"Go Wide, Go Deep: Quantifying the Impact of Scientific Papers Through Influence Dispersion Trees",JCDL,Best Student Paper,2019,https://openalex.org/A5046521217,Tanmoy Chakraborty,last,2009.0,520.0,5314.0,10.0,False,False
https://openalex.org/W3046234757,Identifying Documents In-Scope of a Collection from Web Archives,JCDL,Best Student Paper,2020,,Krutarth Patel,first,,,,,True,False
https://openalex.org/W3046234757,Identifying Documents In-Scope of a Collection from Web Archives,JCDL,Best Student Paper,2020,,Cornelia Caragea,middle,,,,,True,False
https://openalex.org/W3046234757,Identifying Documents In-Scope of a Collection from Web Archives,JCDL,Best Student Paper,2020,,Mark E. Phillips,middle,,,,,True,False
https://openalex.org/W3046234757,Identifying Documents In-Scope of a Collection from Web Archives,JCDL,Best Student Paper,2020,,Nathaniel T. Fox,last,,,,,True,False
https://openalex.org/W4254111051,Automatic Metadata Generation for Fish Specimen Image Collections,JCDL,Best Student Paper,2021,https://openalex.org/A5045632528,Joel Pepper,first,2020.0,16.0,56.0,1.0,False,True
https://openalex.org/W4254111051,Automatic Metadata Generation for Fish Specimen Image Collections,JCDL,Best Student Paper,2021,https://openalex.org/A5035913440,Jane Greenberg,middle,1993.0,230.0,2609.0,28.0,False,False
https://openalex.org/W4254111051,Automatic Metadata Generation for Fish Specimen Image Collections,JCDL,Best Student Paper,2021,https://openalex.org/A5015961414,Yasin Bakış,middle,2009.0,36.0,179.0,12.0,False,False
https://openalex.org/W4254111051,Automatic Metadata Generation for Fish Specimen Image Collections,JCDL,Best Student Paper,2021,https://openalex.org/A5057585795,Xiaojun Wang,middle,2021.0,9.0,36.0,0.0,False,True
https://openalex.org/W4254111051,Automatic Metadata Generation for Fish Specimen Image Collections,JCDL,Best Student Paper,2021,https://openalex.org/A5049470689,Henry L. Bart,middle,1980.0,129.0,3163.0,41.0,False,False
https://openalex.org/W4254111051,Automatic Metadata Generation for Fish Specimen Image Collections,JCDL,Best Student Paper,2021,https://openalex.org/A5061644705,David E. Breen,last,1964.0,169.0,4241.0,57.0,False,False
https://openalex.org/W4281765107,Cross-domain multi-task learning for sequential sentence classification in research papers,JCDL,Best Student Paper,2022,https://openalex.org/A5037287487,Arthur Brack,first,1999.0,16.0,152.0,23.0,False,False
https://openalex.org/W4281765107,Cross-domain multi-task learning for sequential sentence classification in research papers,JCDL,Best Student Paper,2022,https://openalex.org/A5079937640,Anett Hoppe,middle,1969.0,86.0,445.0,53.0,False,False
https://openalex.org/W4281765107,Cross-domain multi-task learning for sequential sentence classification in research papers,JCDL,Best Student Paper,2022,https://openalex.org/A5035036110,Pascal Buschermöhle,middle,2021.0,3.0,35.0,1.0,False,True
https://openalex.org/W4281765107,Cross-domain multi-task learning for sequential sentence classification in research papers,JCDL,Best Student Paper,2022,https://openalex.org/A5055402344,Ralph Ewerth,last,2001.0,216.0,1556.0,21.0,False,False
https://openalex.org/W4281832361,DeepASPeer: Towards an Aspect-level Sentiment Controllable Framework for Decision Prediction in Peer Reviews,JCDL,Best Student Paper,2022,https://openalex.org/A5071404767,Sandeep Kumar,first,2002.0,199.0,3573.0,20.0,False,False
https://openalex.org/W4281832361,DeepASPeer: Towards an Aspect-level Sentiment Controllable Framework for Decision Prediction in Peer Reviews,JCDL,Best Student Paper,2022,https://openalex.org/A5070052111,Hardik Arora,middle,2017.0,17.0,67.0,5.0,False,False
https://openalex.org/W4281832361,DeepASPeer: Towards an Aspect-level Sentiment Controllable Framework for Decision Prediction in Peer Reviews,JCDL,Best Student Paper,2022,https://openalex.org/A5081072666,Tirthankar Ghosal,middle,2015.0,117.0,865.0,7.0,False,False
https://openalex.org/W4281832361,DeepASPeer: Towards an Aspect-level Sentiment Controllable Framework for Decision Prediction in Peer Reviews,JCDL,Best Student Paper,2022,https://openalex.org/A5085370631,Asif Ekbal,last,2006.0,611.0,9777.0,16.0,False,False
https://openalex.org/W4387299695,Making Changes in Webpages Discoverable: A Change-Text Search Interface for Web Archives,JCDL,Best Student Paper,2023,https://openalex.org/A5060646998,Lesley Frew,first,2023.0,8.0,7.0,0.0,False,True
https://openalex.org/W4387299695,Making Changes in Webpages Discoverable: A Change-Text Search Interface for Web Archives,JCDL,Best Student Paper,2023,https://openalex.org/A5081811192,Michael L. Nelson,middle,1969.0,479.0,4817.0,54.0,False,False
https://openalex.org/W4387299695,Making Changes in Webpages Discoverable: A Change-Text Search Interface for Web Archives,JCDL,Best Student Paper,2023,https://openalex.org/A5085719625,Michele C. Weigle,last,2000.0,227.0,3374.0,23.0,False,False
https://openalex.org/W1999595135,Making metadata: a study of metadata creation for a mixed physical-digital collection,JCDL,Vannevar Bush Best Paper,1998,https://openalex.org/A5103218755,Catherine C. Marshall,first,1987.0,93.0,4311.0,11.0,False,False
https://openalex.org/W2005993362,Towards a digital library of popular music,JCDL,Vannevar Bush Best Paper,1999,https://openalex.org/A5017432361,David Bainbridge,first,1986.0,319.0,3113.0,13.0,False,False
https://openalex.org/W2005993362,Towards a digital library of popular music,JCDL,Vannevar Bush Best Paper,1999,https://openalex.org/A5087827173,Craig G. Nevill-Manning,middle,1993.0,50.0,4164.0,6.0,False,False
https://openalex.org/W2005993362,Towards a digital library of popular music,JCDL,Vannevar Bush Best Paper,1999,https://openalex.org/A5045934263,Ian H. Witten,middle,1970.0,559.0,89381.0,29.0,False,False
https://openalex.org/W2005993362,Towards a digital library of popular music,JCDL,Vannevar Bush Best Paper,1999,https://openalex.org/A5003222924,Lloyd A. Smith,middle,1968.0,51.0,2220.0,31.0,False,False
https://openalex.org/W2005993362,Towards a digital library of popular music,JCDL,Vannevar Bush Best Paper,1999,https://openalex.org/A5027787842,Rodger J. McNab,last,1995.0,31.0,1360.0,4.0,False,True
https://openalex.org/W2066485774,Effects of annotations on student readers and writers,JCDL,Vannevar Bush Best Paper,2000,https://openalex.org/A5063060639,Joanna Wolfe,first,1999.0,51.0,1075.0,1.0,False,True
https://openalex.org/W2293546693,Collection systhesis.,JCDL,Vannevar Bush Best Paper,2002,https://openalex.org/A5058048844,Donna Bergmark,first,1976.0,35.0,546.0,26.0,False,False
https://openalex.org/W2120615849,How fast is too fast? Evaluating fast forward surrogates for digital video,JCDL,Vannevar Bush Best Paper,2003,https://openalex.org/A5055276424,Barbara M. Wildemuth,first,1976.0,148.0,2354.0,27.0,False,False
https://openalex.org/W2120615849,How fast is too fast? Evaluating fast forward surrogates for digital video,JCDL,Vannevar Bush Best Paper,2003,https://openalex.org/A5055800528,Gary Marchionini,middle,1981.0,296.0,9365.0,22.0,False,False
https://openalex.org/W2120615849,How fast is too fast? Evaluating fast forward surrogates for digital video,JCDL,Vannevar Bush Best Paper,2003,https://openalex.org/A5102061602,Meng Yang,middle,2001.0,23.0,311.0,2.0,False,True
https://openalex.org/W2120615849,How fast is too fast? Evaluating fast forward surrogates for digital video,JCDL,Vannevar Bush Best Paper,2003,https://openalex.org/A5058880694,Gary Geisler,middle,1990.0,40.0,607.0,13.0,False,False
https://openalex.org/W2120615849,How fast is too fast? Evaluating fast forward surrogates for digital video,JCDL,Vannevar Bush Best Paper,2003,https://openalex.org/A5054108188,Todd Wilkens,middle,1994.0,16.0,326.0,9.0,False,False
https://openalex.org/W2120615849,How fast is too fast? Evaluating fast forward surrogates for digital video,JCDL,Vannevar Bush Best Paper,2003,https://openalex.org/A5103015346,Anthony Hughes,middle,2001.0,19.0,230.0,2.0,False,True
https://openalex.org/W2120615849,How fast is too fast? Evaluating fast forward surrogates for digital video,JCDL,Vannevar Bush Best Paper,2003,https://openalex.org/A5034029026,Richard Gruss,last,1994.0,42.0,767.0,9.0,False,False
https://openalex.org/W2155305127,Automatic organization for digital photographs with geographic coordinates,JCDL,Vannevar Bush Best Paper,2004,https://openalex.org/A5054248372,Mor Naaman,first,1999.0,218.0,13177.0,5.0,False,False
https://openalex.org/W2155305127,Automatic organization for digital photographs with geographic coordinates,JCDL,Vannevar Bush Best Paper,2004,https://openalex.org/A5102292101,Yee Jiun Song,middle,2004.0,20.0,1104.0,0.0,False,True
https://openalex.org/W2155305127,Automatic organization for digital photographs with geographic coordinates,JCDL,Vannevar Bush Best Paper,2004,https://openalex.org/A5071755113,Andreas Paepcke,middle,1981.0,182.0,7781.0,23.0,False,False
https://openalex.org/W2155305127,Automatic organization for digital photographs with geographic coordinates,JCDL,Vannevar Bush Best Paper,2004,https://openalex.org/A5055883336,Héctor García-Molina,last,1978.0,642.0,56413.0,26.0,False,False
https://openalex.org/W2147297395,Developing practical automatic metadata assignment and evaluation tools for internet resources,JCDL,Vannevar Bush Best Paper,2005,https://openalex.org/A5006005429,Gordon W. Paynter,first,1940.0,39.0,2456.0,65.0,False,False
https://openalex.org/W2160163792,"Metadata aggregation and ""automated digital libraries:"" a retrospective on the NSDL experience",JCDL,Vannevar Bush Best Paper,2006,https://openalex.org/A5108037649,Carl Lagoze,first,1994.0,206.0,7914.0,12.0,False,False
https://openalex.org/W2160163792,"Metadata aggregation and ""automated digital libraries:"" a retrospective on the NSDL experience",JCDL,Vannevar Bush Best Paper,2006,https://openalex.org/A5078048495,Dean B. Krafft,middle,1978.0,47.0,491.0,28.0,False,False
https://openalex.org/W2160163792,"Metadata aggregation and ""automated digital libraries:"" a retrospective on the NSDL experience",JCDL,Vannevar Bush Best Paper,2006,https://openalex.org/A5022188592,T. J. Cornwell,middle,1981.0,106.0,4050.0,25.0,False,False
https://openalex.org/W2160163792,"Metadata aggregation and ""automated digital libraries:"" a retrospective on the NSDL experience",JCDL,Vannevar Bush Best Paper,2006,https://openalex.org/A5041556813,Naomi Dushay,middle,1999.0,13.0,268.0,7.0,False,False
https://openalex.org/W2160163792,"Metadata aggregation and ""automated digital libraries:"" a retrospective on the NSDL experience",JCDL,Vannevar Bush Best Paper,2006,https://openalex.org/A5028986341,Dean Eckstrom,middle,2006.0,4.0,85.0,0.0,False,True
https://openalex.org/W2160163792,"Metadata aggregation and ""automated digital libraries:"" a retrospective on the NSDL experience",JCDL,Vannevar Bush Best Paper,2006,https://openalex.org/A5073242608,John Saylor,last,1973.0,23.0,354.0,33.0,False,False
https://openalex.org/W2069730641,World explorer: visualizing aggregate data from unstructured text in geo-referenced collections,JCDL,Vannevar Bush Best Paper,2007,https://openalex.org/A5033859339,Shane Ahern,first,2005.0,18.0,1334.0,2.0,False,True
https://openalex.org/W2069730641,World explorer: visualizing aggregate data from unstructured text in geo-referenced collections,JCDL,Vannevar Bush Best Paper,2007,https://openalex.org/A5054248372,Mor Naaman,middle,1999.0,218.0,13177.0,8.0,False,False
https://openalex.org/W2069730641,World explorer: visualizing aggregate data from unstructured text in geo-referenced collections,JCDL,Vannevar Bush Best Paper,2007,https://openalex.org/A5086610841,Rahul R. Nair,middle,2004.0,165.0,38875.0,3.0,False,True
https://openalex.org/W2069730641,World explorer: visualizing aggregate data from unstructured text in geo-referenced collections,JCDL,Vannevar Bush Best Paper,2007,https://openalex.org/A5020009201,Jeannie Yang,last,2006.0,4.0,287.0,1.0,False,True
https://openalex.org/W2124559788,From writing and analysis to the repository: taking the scholars' perspective on scholarly archiving,JCDL,Vannevar Bush Best Paper,2008,https://openalex.org/A5103218755,Catherine C. Marshall,first,1987.0,93.0,4311.0,21.0,False,False
https://openalex.org/W2112012331,Automatically characterizing resource quality for educational digital libraries,JCDL,Vannevar Bush Best Paper,2009,https://openalex.org/A5068978543,Steven Bethard,first,2002.0,205.0,13954.0,7.0,False,False
https://openalex.org/W2112012331,Automatically characterizing resource quality for educational digital libraries,JCDL,Vannevar Bush Best Paper,2009,https://openalex.org/A5077112143,Soumya Ghosh,middle,1976.0,217.0,4443.0,33.0,False,False
https://openalex.org/W2112012331,Automatically characterizing resource quality for educational digital libraries,JCDL,Vannevar Bush Best Paper,2009,https://openalex.org/A5010984350,James Martin,middle,1854.0,376.0,12760.0,155.0,False,False
https://openalex.org/W2112012331,Automatically characterizing resource quality for educational digital libraries,JCDL,Vannevar Bush Best Paper,2009,https://openalex.org/A5051906525,Tamara Sumner,last,1991.0,202.0,3432.0,18.0,False,False
https://openalex.org/W1963537959,Transferring structural markup across translations using multilingual alignment and Projection,JCDL,Vannevar Bush Best Paper,2010,https://openalex.org/A5058212934,David Bamman,first,2006.0,109.0,3527.0,4.0,False,True
https://openalex.org/W1963537959,Transferring structural markup across translations using multilingual alignment and Projection,JCDL,Vannevar Bush Best Paper,2010,https://openalex.org/A5066134932,Alison Babeu,middle,2007.0,84.0,193.0,3.0,False,True
https://openalex.org/W1963537959,Transferring structural markup across translations using multilingual alignment and Projection,JCDL,Vannevar Bush Best Paper,2010,https://openalex.org/A5112237032,Gregory Crane,last,1945.0,192.0,3203.0,65.0,False,False
https://openalex.org/W1974799679,SharedCanvas: A collaborative model for medieval manuscript layout dissemination,JCDL,Vannevar Bush Best Paper,2011,https://openalex.org/A5067483608,Robert Sanderson,first,1674.0,120.0,1744.0,337.0,False,False
https://openalex.org/W1974799679,SharedCanvas: A collaborative model for medieval manuscript layout dissemination,JCDL,Vannevar Bush Best Paper,2011,https://openalex.org/A5011980184,Benjamin Albritton,middle,1986.0,19.0,24.0,25.0,False,False
https://openalex.org/W1974799679,SharedCanvas: A collaborative model for medieval manuscript layout dissemination,JCDL,Vannevar Bush Best Paper,2011,https://openalex.org/A5054766297,Rafael Schwemmer,middle,2011.0,5.0,17.0,0.0,False,True
https://openalex.org/W1974799679,SharedCanvas: A collaborative model for medieval manuscript layout dissemination,JCDL,Vannevar Bush Best Paper,2011,https://openalex.org/A5079585875,Herbert Van de Sompel,last,1981.0,261.0,6866.0,30.0,False,False
https://openalex.org/W2166686248,Modeling and exploiting heterogeneous bibliographic networks for expertise ranking,JCDL,Vannevar Bush Best Paper,2012,https://openalex.org/A5101786215,Hongbo Deng,first,2003.0,144.0,3101.0,9.0,False,False
https://openalex.org/W2166686248,Modeling and exploiting heterogeneous bibliographic networks for expertise ranking,JCDL,Vannevar Bush Best Paper,2012,https://openalex.org/A5019539533,Jiawei Han,middle,1988.0,1274.0,123596.0,24.0,False,False
https://openalex.org/W2166686248,Modeling and exploiting heterogeneous bibliographic networks for expertise ranking,JCDL,Vannevar Bush Best Paper,2012,https://openalex.org/A5069596903,Michael R. Lyu,middle,1988.0,995.0,42104.0,24.0,False,False
https://openalex.org/W2166686248,Modeling and exploiting heterogeneous bibliographic networks for expertise ranking,JCDL,Vannevar Bush Best Paper,2012,https://openalex.org/A5042251906,Irwin King,last,1893.0,758.0,28191.0,119.0,False,False
https://openalex.org/W2163089586,Exploiting Potential Citation Papers in Scholarly Paper Recommendation,JCDL,Vannevar Bush Best Paper,2013,https://openalex.org/A5075581979,Kazunari Sugiyama,first,1970.0,97.0,2599.0,43.0,False,False
https://openalex.org/W2163089586,Exploiting Potential Citation Papers in Scholarly Paper Recommendation,JCDL,Vannevar Bush Best Paper,2013,https://openalex.org/A5066305082,Min‐Yen Kan,last,1963.0,408.0,11492.0,50.0,False,False
https://openalex.org/W2950995786,When Should I Make Preservation Copies of Myself?,JCDL,Vannevar Bush Best Paper,2014,https://openalex.org/A5017223719,Charles L. Cartledge,first,2007.0,12.0,37.0,7.0,False,False
https://openalex.org/W2950995786,When Should I Make Preservation Copies of Myself?,JCDL,Vannevar Bush Best Paper,2014,https://openalex.org/A5081811192,Michael L. Nelson,last,1969.0,479.0,4817.0,45.0,False,False
https://openalex.org/W2021193651,Result List Actions in Fiction Search,JCDL,Vannevar Bush Best Paper,2015,https://openalex.org/A5087565577,Pertti Vakkari,first,1990.0,161.0,4837.0,25.0,False,False
https://openalex.org/W2021193651,Result List Actions in Fiction Search,JCDL,Vannevar Bush Best Paper,2015,https://openalex.org/A5035445942,Janna Pöntinen,last,2013.0,6.0,29.0,2.0,False,True
https://openalex.org/W2336929994,Comparing Published Scientific Journal Articles to Their Pre-print Versions,JCDL,Vannevar Bush Best Paper,2016,https://openalex.org/A5073828706,Martin Klein,first,1958.0,258.0,1438.0,58.0,False,False
https://openalex.org/W2336929994,Comparing Published Scientific Journal Articles to Their Pre-print Versions,JCDL,Vannevar Bush Best Paper,2016,https://openalex.org/A5012913329,Peter Broadwell,middle,1980.0,67.0,401.0,36.0,False,False
https://openalex.org/W2336929994,Comparing Published Scientific Journal Articles to Their Pre-print Versions,JCDL,Vannevar Bush Best Paper,2016,https://openalex.org/A5064515974,Sharon E. Farb,middle,1995.0,27.0,236.0,21.0,False,False
https://openalex.org/W2336929994,Comparing Published Scientific Journal Articles to Their Pre-print Versions,JCDL,Vannevar Bush Best Paper,2016,https://openalex.org/A5011735953,Todd Grappone,last,2003.0,21.0,111.0,13.0,False,False
https://openalex.org/W4241612995,Quill: A Framework for Constructing Negotiated Texts - with a Case Study on the US Constitutional Convention of 1787,JCDL,Vannevar Bush Best Paper,2017,https://openalex.org/A5018419793,Nicholas Cole,first,1996.0,21.0,630.0,21.0,False,False
https://openalex.org/W4241612995,Quill: A Framework for Constructing Negotiated Texts - with a Case Study on the US Constitutional Convention of 1787,JCDL,Vannevar Bush Best Paper,2017,https://openalex.org/A5028328053,Alfie Abdul‐Rahman,middle,2005.0,81.0,718.0,12.0,False,False
https://openalex.org/W4241612995,Quill: A Framework for Constructing Negotiated Texts - with a Case Study on the US Constitutional Convention of 1787,JCDL,Vannevar Bush Best Paper,2017,https://openalex.org/A5055892943,Grace Mallon,last,2017.0,5.0,5.0,0.0,False,True
https://openalex.org/W2806527475,Impact of Crowdsourcing OCR Improvements on Retrievability Bias,JCDL,Vannevar Bush Best Paper,2018,https://openalex.org/A5078460737,Myriam C. Traub,first,2010.0,25.0,148.0,8.0,False,False
https://openalex.org/W2806527475,Impact of Crowdsourcing OCR Improvements on Retrievability Bias,JCDL,Vannevar Bush Best Paper,2018,https://openalex.org/A5046069889,Thaer Samar,middle,2011.0,18.0,139.0,7.0,False,False
https://openalex.org/W2806527475,Impact of Crowdsourcing OCR Improvements on Retrievability Bias,JCDL,Vannevar Bush Best Paper,2018,https://openalex.org/A5042220566,Jacco van Ossenbruggen,middle,1994.0,256.0,2970.0,24.0,False,False
https://openalex.org/W2806527475,Impact of Crowdsourcing OCR Improvements on Retrievability Bias,JCDL,Vannevar Bush Best Paper,2018,https://openalex.org/A5090361090,Lynda Hardman,last,1981.0,213.0,4157.0,37.0,False,False
https://openalex.org/W2807291761,Entity-Aspect Linking: Providing Fine-Grained Semantics of Entities in Context,JCDL,Vannevar Bush Best Paper,2018,https://openalex.org/A5064977687,Federico Nanni,first,2013.0,109.0,1445.0,5.0,False,False
https://openalex.org/W2807291761,Entity-Aspect Linking: Providing Fine-Grained Semantics of Entities in Context,JCDL,Vannevar Bush Best Paper,2018,https://openalex.org/A5017409996,Simone Paolo Ponzetto,middle,2005.0,250.0,7059.0,13.0,False,False
https://openalex.org/W2807291761,Entity-Aspect Linking: Providing Fine-Grained Semantics of Entities in Context,JCDL,Vannevar Bush Best Paper,2018,https://openalex.org/A5027260515,Laura Dietz,last,1982.0,110.0,1741.0,36.0,False,False
https://openalex.org/W2967036110,Do Authors Deposit on Time? Tracking Open Access Policy Compliance,JCDL,Vannevar Bush Best Paper,2019,https://openalex.org/A5022174119,Drahomíra Herrmannová,first,2011.0,60.0,538.0,8.0,False,False
https://openalex.org/W2967036110,Do Authors Deposit on Time? Tracking Open Access Policy Compliance,JCDL,Vannevar Bush Best Paper,2019,https://openalex.org/A5003764201,Nancy Pontika,middle,2012.0,67.0,542.0,7.0,False,False
https://openalex.org/W2967036110,Do Authors Deposit on Time? Tracking Open Access Policy Compliance,JCDL,Vannevar Bush Best Paper,2019,https://openalex.org/A5056018651,Petr Knoth,last,2008.0,159.0,1228.0,11.0,False,False
https://openalex.org/W3046629184,Personalization Finder: A Search Interface for Identifying and Self-controlling Web Search Personalization,JCDL,Vannevar Bush Best Paper,2020,https://openalex.org/A5053069251,Yusuke Yamamoto,first,2000.0,88.0,700.0,20.0,False,False
https://openalex.org/W3046629184,Personalization Finder: A Search Interface for Identifying and Self-controlling Web Search Personalization,JCDL,Vannevar Bush Best Paper,2020,https://openalex.org/A5073451935,Takehiro Yamamoto,last,1979.0,302.0,1110.0,41.0,False,False
https://openalex.org/W4200417175,Estimating Contemporary Relevance of Past News,JCDL,Vannevar Bush Best Paper,2021,https://openalex.org/A5061041140,Mari Sato,first,1970.0,82.0,641.0,51.0,False,False
https://openalex.org/W4200417175,Estimating Contemporary Relevance of Past News,JCDL,Vannevar Bush Best Paper,2021,https://openalex.org/A5079733597,Adam Jatowt,middle,2003.0,474.0,5517.0,18.0,False,False
https://openalex.org/W4200417175,Estimating Contemporary Relevance of Past News,JCDL,Vannevar Bush Best Paper,2021,https://openalex.org/A5084472852,Yijun Duan,middle,2016.0,34.0,74.0,5.0,False,False
https://openalex.org/W4200417175,Estimating Contemporary Relevance of Past News,JCDL,Vannevar Bush Best Paper,2021,https://openalex.org/A5089440969,Ricardo Campos,middle,2000.0,125.0,1927.0,21.0,False,False
https://openalex.org/W4200417175,Estimating Contemporary Relevance of Past News,JCDL,Vannevar Bush Best Paper,2021,https://openalex.org/A5046360661,Masatoshi Yoshikawa,last,1981.0,408.0,5091.0,40.0,False,False
https://openalex.org/W4281653454,Investigating Bloom Filters for Web Archives’ Holdings,JCDL,Vannevar Bush Best Paper,2022,https://openalex.org/A5073828706,Martin Klein,first,1958.0,258.0,1438.0,64.0,False,False
https://openalex.org/W4281653454,Investigating Bloom Filters for Web Archives’ Holdings,JCDL,Vannevar Bush Best Paper,2022,https://openalex.org/A5027991610,Lyudmila Balakireva,middle,1992.0,55.0,767.0,30.0,False,False
https://openalex.org/W4281653454,Investigating Bloom Filters for Web Archives’ Holdings,JCDL,Vannevar Bush Best Paper,2022,https://openalex.org/A5063575387,K Holub,middle,1948.0,44.0,29.0,74.0,False,False
https://openalex.org/W4281653454,Investigating Bloom Filters for Web Archives’ Holdings,JCDL,Vannevar Bush Best Paper,2022,https://openalex.org/A5081560497,Draženko Celjak,middle,2012.0,68.0,19.0,10.0,False,False
https://openalex.org/W4281653454,Investigating Bloom Filters for Web Archives’ Holdings,JCDL,Vannevar Bush Best Paper,2022,https://openalex.org/A5073504602,Ingeborg Rudomino,last,2011.0,10.0,6.0,11.0,False,False
https://openalex.org/W4387299677,SciKGTeX - A LaTeX Package to Semantically Annotate Contributions in Scientific Publications,JCDL,Vannevar Bush Best Paper,2023,https://openalex.org/A5011819458,Christof Bless,first,2017.0,18.0,36.0,6.0,False,False
https://openalex.org/W4387299677,SciKGTeX - A LaTeX Package to Semantically Annotate Contributions in Scientific Publications,JCDL,Vannevar Bush Best Paper,2023,https://openalex.org/A5053608645,Ildar Baimuratov,middle,2023.0,6.0,10.0,0.0,False,True
https://openalex.org/W4387299677,SciKGTeX - A LaTeX Package to Semantically Annotate Contributions in Scientific Publications,JCDL,Vannevar Bush Best Paper,2023,https://openalex.org/A5034942489,Oliver Karras,last,2015.0,162.0,454.0,8.0,False,False
https://openalex.org/W4408403633,RAGing Against the Literature: LLM-Powered Dataset Mention Extraction,JCDL,Vannevar Bush Best Paper,2024,https://openalex.org/A5013002359,Priyangshu Datta,first,2021.0,2.0,2.0,3.0,False,True
https://openalex.org/W4408403633,RAGing Against the Literature: LLM-Powered Dataset Mention Extraction,JCDL,Vannevar Bush Best Paper,2024,https://openalex.org/A5033892911,Suchana Datta,middle,2020.0,29.0,137.0,4.0,False,True
https://openalex.org/W4408403633,RAGing Against the Literature: LLM-Powered Dataset Mention Extraction,JCDL,Vannevar Bush Best Paper,2024,https://openalex.org/A5000936680,Dwaipayan Roy,last,1972.0,67.0,772.0,52.0,False,False
https://openalex.org/W7116120254,How a Tortured Conference Becomes a Series: An Analysis of Conference Manipulation,JCDL,Vannevar Bush Best Paper,2025,,"Swart, Wendeline",first,,,,,True,False
https://openalex.org/W7116120254,How a Tortured Conference Becomes a Series: An Analysis of Conference Manipulation,JCDL,Vannevar Bush Best Paper,2025,,"Cabanac, Guillaume",middle,,,,,True,False
https://openalex.org/W7116120254,How a Tortured Conference Becomes a Series: An Analysis of Conference Manipulation,JCDL,Vannevar Bush Best Paper,2025,,"Fraisier-Vannier, Ophélie",middle,,,,,True,False
https://openalex.org/W7116120254,How a Tortured Conference Becomes a Series: An Analysis of Conference Manipulation,JCDL,Vannevar Bush Best Paper,2025,,"Hubert, Gilles",last,,,,,True,False
